clip,policy,frames,fps,n_bins,n_bins_eligible,bin_eligible_frac,bin_score_mean,infeasible_frac,severe_frac,severe_frac_guarded,feasible_frac_kept,n_severe_windows,screen_schema,screen_gap_m
ACCAD_Male1Running_c3d_Run_C24_-_quick_side_step_left_poses_120_jpos,screened,148,50.0,3,0,0.0,0.0,0.2905405405405405,0.2905405405405405,0.2905405405405405,0.0,2,torque_limited,0.06
ACCAD_Male2Running_c3d_C18_-_run_to_hop_to_walk_poses_120_jpos,screened,226,50.0,5,2,0.4,0.6123076923076923,0.05309734513274336,0.05309734513274336,0.05309734513274336,0.6283185840707964,5,torque_limited,0.06
ACCAD_Male2Running_c3d_C24_-_quick_sidestep_left_poses_120_jpos,screened,100,50.0,2,1,0.5,0.8400000000000001,0.03,0.03,0.03,0.84,2,torque_limited,0.06
ACCAD_Male2Running_c3d_C4_-_run_to_walk_a_poses_120_jpos,screened,193,50.0,4,1,0.25,0.5249999999999999,0.10880829015544041,0.10880829015544041,0.10880829015544041,0.5440414507772021,7,torque_limited,0.06
ACCAD_Male2Running_c3d_C4_-_run_to_walk_poses_120_jpos,screened,193,50.0,4,1,0.25,0.5249999999999999,0.10880829015544041,0.10880829015544041,0.10880829015544041,0.5440414507772021,7,torque_limited,0.06
ACCAD_Male2Running_c3d_C5_-_walk_to_run_poses_120_jpos,screened,178,50.0,4,1,0.25,0.48,0.15168539325842698,0.15168539325842698,0.15168539325842698,0.5393258426966292,6,torque_limited,0.06
ACCAD_Male2Walking_c3d_B20_-__Walk_with_box_poses_120_jpos,screened,322,50.0,7,1,0.14285714285714285,0.4257142857142857,0.19254658385093168,0.19254658385093168,0.19254658385093168,0.46273291925465837,6,torque_limited,0.06
ACCAD_Male2Walking_c3d_B27_-__skip_to_walk_a_poses_120_jpos,screened,228,50.0,5,2,0.4,0.8208571428571428,0.05263157894736842,0.05263157894736842,0.05263157894736842,0.8552631578947368,5,torque_limited,0.06
ACCAD_MartialArtsWalksTurns_c3d_E7_-_super_fast_advance_poses_120_jpos,screened,212,50.0,5,2,0.4,0.476,0.2688679245283019,0.2688679245283019,0.2688679245283019,0.38207547169811323,7,torque_limited,0.06
ACCAD_s011_walkdog_poses_120_jpos,screened,815,50.0,17,11,0.6470588235294118,0.8058823529411764,0.06257668711656442,0.06257668711656442,0.06257668711656442,0.8404907975460123,11,torque_limited,0.06
BMLhandball_S07_Expert_Trial_upper_left_right_037_poses_120_jpos,screened,666,50.0,14,13,0.9285714285714286,0.9442857142857142,0.012012012012012012,0.012012012012012012,0.012012012012012012,0.9414414414414415,3,torque_limited,0.06
BMLmovi_Subject_32_F_MoSh_Subject_32_F_4_poses_120_jpos,screened,369,50.0,8,2,0.25,0.3575,0.23577235772357724,0.24661246612466126,0.24661246612466126,0.3035230352303523,9,torque_limited,0.06
BMLmovi_Subject_34_F_MoSh_Subject_34_F_9_poses_120_jpos,screened,349,50.0,7,4,0.5714285714285714,0.7942857142857143,0.025787965616045846,0.025787965616045846,0.025787965616045846,0.7936962750716332,4,torque_limited,0.06
BMLmovi_Subject_3_F_MoSh_Subject_3_F_10_poses_120_jpos,screened,164,50.0,4,4,1.0,1.0,0.0,0.0,0.0,1.0,0,torque_limited,0.06
BMLmovi_Subject_3_F_MoSh_Subject_3_F_18_poses_120_jpos,screened,224,50.0,5,5,1.0,1.0,0.0,0.0,0.0,1.0,0,torque_limited,0.06
BMLmovi_Subject_3_F_MoSh_Subject_3_F_20_poses_120_jpos,screened,149,50.0,3,1,0.3333333333333333,0.56,0.08053691275167785,0.08053691275167785,0.08053691275167785,0.5570469798657718,2,torque_limited,0.06
BMLmovi_Subject_45_F_MoSh_Subject_45_F_5_poses_120_jpos,screened,167,50.0,4,4,1.0,1.0,0.0,0.0,0.0,1.0,0,torque_limited,0.06
BMLmovi_Subject_47_F_MoSh_Subject_47_F_10_poses_120_jpos,screened,397,50.0,8,7,0.875,0.995,0.005037783375314861,0.005037783375314861,0.005037783375314861,0.9949622166246851,1,torque_limited,0.06
BMLmovi_Subject_57_F_MoSh_Subject_57_F_6_poses_120_jpos,screened,300,50.0,6,6,1.0,1.0,0.0,0.0,0.0,1.0,0,torque_limited,0.06
BMLmovi_Subject_58_F_MoSh_Subject_58_F_1_poses_120_jpos,screened,272,50.0,6,5,0.8333333333333334,0.9633333333333334,0.011029411764705883,0.014705882352941176,0.014705882352941176,0.9595588235294118,3,torque_limited,0.06
BMLmovi_Subject_5_F_MoSh_Subject_5_F_12_poses_120_jpos,screened,230,50.0,5,5,1.0,1.0,0.0,0.0,0.0,1.0,0,torque_limited,0.06
BMLmovi_Subject_5_F_MoSh_Subject_5_F_6_poses_120_jpos,screened,175,50.0,4,3,0.75,0.905,0.0,0.005714285714285714,0.005714285714285714,0.8914285714285715,1,torque_limited,0.06
BMLmovi_Subject_64_F_MoSh_Subject_64_F_9_poses_120_jpos,screened,499,50.0,10,7,0.7,0.7979999999999999,0.13026052104208416,0.13026052104208416,0.13026052104208416,0.7975951903807615,2,torque_limited,0.06
BMLmovi_Subject_6_F_MoSh_Subject_6_F_13_poses_120_jpos,screened,149,50.0,3,2,0.6666666666666666,0.9933333333333333,0.006711409395973154,0.006711409395973154,0.006711409395973154,0.9932885906040269,1,torque_limited,0.06
BMLmovi_Subject_6_F_MoSh_Subject_6_F_19_poses_120_jpos,screened,345,50.0,7,7,1.0,1.0,0.0,0.0,0.0,1.0,0,torque_limited,0.06
BMLmovi_Subject_76_F_MoSh_Subject_76_F_7_poses_120_jpos,screened,204,50.0,5,5,1.0,1.0,0.0,0.0,0.0,1.0,0,torque_limited,0.06
BMLmovi_Subject_81_F_MoSh_Subject_81_F_20_poses_120_jpos,screened,322,50.0,7,7,1.0,1.0,0.0,0.0,0.0,1.0,0,torque_limited,0.06
BMLmovi_Subject_8_F_MoSh_Subject_8_F_15_poses_120_jpos,screened,197,50.0,4,4,1.0,1.0,0.0,0.0,0.0,1.0,0,torque_limited,0.06
BMLmovi_Subject_8_F_MoSh_Subject_8_F_8_poses_120_jpos,screened,220,50.0,5,5,1.0,1.0,0.0,0.0,0.0,1.0,0,torque_limited,0.06
CMU_108_108_15_poses_120_jpos,screened,148,50.0,3,1,0.3333333333333333,0.5133333333333333,0.07432432432432433,0.07432432432432433,0.07432432432432433,0.5202702702702703,4,torque_limited,0.06
CMU_108_108_24_poses_120_jpos,screened,221,50.0,5,0,0.0,0.0,0.28054298642533937,0.28054298642533937,0.28054298642533937,0.0,6,torque_limited,0.06
CMU_118_118_19_poses_120_jpos,screened,255,50.0,6,4,0.6666666666666666,0.9633333333333333,0.03137254901960784,0.03137254901960784,0.03137254901960784,0.9568627450980393,2,torque_limited,0.06
CMU_127_127_10_poses_120_jpos,screened,70,50.0,2,0,0.0,0.0,0.2571428571428571,0.2571428571428571,0.2571428571428571,0.0,5,torque_limited,0.06
CMU_127_127_15_poses_120_jpos,screened,68,50.0,2,0,0.0,0.0,0.38235294117647056,0.38235294117647056,0.38235294117647056,0.0,3,torque_limited,0.06
CMU_127_127_16_poses_120_jpos,screened,108,50.0,3,0,0.0,0.0,0.2222222222222222,0.2222222222222222,0.2222222222222222,0.0,4,torque_limited,0.06
CMU_131_131_01_poses_120_jpos,screened,414,50.0,9,3,0.3333333333333333,0.6177777777777779,0.2584541062801932,0.2584541062801932,0.2584541062801932,0.5845410628019324,7,torque_limited,0.06
CMU_135_135_02_poses_120_jpos,screened,2168,50.0,44,11,0.25,0.5181818181818182,0.2878228782287823,0.29289667896678967,0.29289667896678967,0.511070110701107,57,torque_limited,0.06
CMU_18_19_Justin_18_04_poses_120_jpos,screened,169,50.0,4,0,0.0,0.0,0.24260355029585798,0.24260355029585798,0.24260355029585798,0.0,12,torque_limited,0.06
CMU_18_19_Justin_18_11_poses_120_jpos,screened,796,50.0,16,15,0.9375,0.98,0.007537688442211055,0.007537688442211055,0.007537688442211055,0.9798994974874372,2,torque_limited,0.06
CMU_20_21_Justin1_20_09_poses_120_jpos,screened,272,50.0,6,4,0.6666666666666666,0.9166666666666666,0.01838235294117647,0.01838235294117647,0.01838235294117647,0.9080882352941176,4,torque_limited,0.06
CMU_30_30_02_poses_120_jpos,screened,993,50.0,20,19,0.95,0.9949999999999999,0.005035246727089627,0.005035246727089627,0.005035246727089627,0.9949647532729103,1,torque_limited,0.06
CMU_35_35_03_poses_120_jpos,screened,178,50.0,4,4,1.0,1.0,0.0,0.0,0.0,1.0,0,torque_limited,0.06
CMU_35_35_21_poses_120_jpos,screened,67,50.0,2,0,0.0,0.0,0.14925373134328357,0.14925373134328357,0.14925373134328357,0.0,4,torque_limited,0.06
CMU_35_35_25_poses_120_jpos,screened,69,50.0,2,0,0.0,0.0,0.15942028985507245,0.15942028985507245,0.15942028985507245,0.0,4,torque_limited,0.06
CMU_54_54_24_poses_120_jpos,screened,1120,50.0,23,20,0.8695652173913043,0.9226086956521741,0.05803571428571429,0.05803571428571429,0.05803571428571429,0.9205357142857142,4,torque_limited,0.06
CMU_55_55_15_poses_120_jpos,screened,4039,50.0,81,65,0.8024691358024691,0.9049382716049382,0.04134686803664273,0.04134686803664273,0.04134686803664273,0.9046793760831889,17,torque_limited,0.06
CMU_64_64_09_poses_120_jpos,screened,188,50.0,4,2,0.5,0.605,0.06382978723404255,0.06382978723404255,0.06382978723404255,0.6436170212765957,2,torque_limited,0.06
CMU_74_74_10_poses_60_jpos,screened,279,50.0,6,6,1.0,1.0,0.0,0.0,0.0,1.0,0,torque_limited,0.06
CMU_75_75_11_poses_60_jpos,screened,146,50.0,3,1,0.3333333333333333,0.37333333333333335,0.0821917808219178,0.136986301369863,0.136986301369863,0.3835616438356164,5,torque_limited,0.06
CMU_75_75_12_poses_60_jpos,screened,385,50.0,8,4,0.5,0.595,0.05974025974025974,0.06493506493506493,0.06493506493506493,0.5792207792207792,10,torque_limited,0.06
CMU_76_76_02_poses_120_jpos,screened,485,50.0,10,10,1.0,1.0,0.0,0.0,0.0,1.0,0,torque_limited,0.06
CMU_78_78_35_poses_120_jpos,screened,92,50.0,2,1,0.5,0.6785714285714286,0.20652173913043478,0.20652173913043478,0.20652173913043478,0.7065217391304348,2,torque_limited,0.06
CMU_79_79_55_poses_60_jpos,screened,533,50.0,11,11,1.0,1.0,0.0,0.0,0.0,1.0,0,torque_limited,0.06
CMU_91_91_43_poses_120_jpos,screened,95,50.0,2,0,0.0,0.0,0.010526315789473684,0.031578947368421054,0.031578947368421054,0.0,2,torque_limited,0.06
DFaust_67_50007_50007_running_on_spot_poses_60_jpos,screened,451,50.0,10,10,1.0,1.0,0.0,0.0,0.0,1.0,0,torque_limited,0.06
DFaust_67_50022_50022_shake_hips_poses_60_jpos,screened,224,50.0,5,5,1.0,1.0,0.0,0.0,0.0,1.0,0,torque_limited,0.06
DFaust_67_50025_50025_light_hopping_loose_poses_60_jpos,screened,183,50.0,4,4,1.0,1.0,0.0,0.0,0.0,1.0,0,torque_limited,0.06
DFaust_67_50025_50025_one_leg_jump_poses_60_jpos,screened,272,50.0,6,6,1.0,1.0,0.0,0.0,0.0,1.0,0,torque_limited,0.06
DFaust_67_50027_50027_one_leg_jump_poses_60_jpos,screened,215,50.0,5,4,0.8,0.9960000000000001,0.004651162790697674,0.004651162790697674,0.004651162790697674,0.9953488372093023,1,torque_limited,0.06
DanceDB_20180501_CliodelaVara_CLIO_Rasopoulos_poses_120_jpos,screened,8370,50.0,168,133,0.7916666666666666,0.9502380952380951,0.007526881720430108,0.007526881720430108,0.007526881720430108,0.9500597371565114,38,torque_limited,0.06
Eyes_Japan_Dataset_hamada_gesture_etc-02-set_2-hamada_poses_120_jpos,screened,1489,50.0,30,30,1.0,1.0,0.0,0.0,0.0,1.0,0,torque_limited,0.06
Eyes_Japan_Dataset_hamada_gesture_etc-14-apologize-hamada_poses_120_jpos,screened,1488,50.0,30,29,0.9666666666666667,0.9993333333333333,0.0006720430107526882,0.0006720430107526882,0.0006720430107526882,0.9993279569892473,1,torque_limited,0.06
Eyes_Japan_Dataset_hamada_jump-07-rope_double-hamada_poses_120_jpos,screened,1500,50.0,30,17,0.5666666666666667,0.6766666666666666,0.18,0.18,0.18,0.6766666666666666,29,torque_limited,0.06
Eyes_Japan_Dataset_hamada_jump-12-boxer_step-hamada_poses_120_jpos,screened,1500,50.0,30,11,0.36666666666666664,0.6633333333333334,0.064,0.064,0.064,0.6633333333333333,42,torque_limited,0.06
Eyes_Japan_Dataset_hamada_sitdown_standup-05-straight-hamada_poses_120_jpos,screened,1500,50.0,30,22,0.7333333333333333,0.8686666666666667,0.11,0.11,0.11,0.8686666666666667,7,torque_limited,0.06
Eyes_Japan_Dataset_kaiwa_accident-05-damage_right_arm-kaiwa_poses_120_jpos,screened,1500,50.0,30,30,1.0,1.0,0.0,0.0,0.0,1.0,0,torque_limited,0.06
Eyes_Japan_Dataset_kaiwa_gesture_etc-48-medium_drum-kaiwa_poses_120_jpos,screened,1500,50.0,30,30,1.0,1.0,0.0,0.0,0.0,1.0,0,torque_limited,0.06
Eyes_Japan_Dataset_kaiwa_walk-29-look_down-kaiwa_poses_120_jpos,screened,1480,50.0,30,29,0.9666666666666667,0.994,0.006081081081081081,0.006081081081081081,0.006081081081081081,0.9939189189189189,1,torque_limited,0.06
Eyes_Japan_Dataset_kawaguchi_accident-02-dodge_fast-kawaguchi_poses_120_jpos,screened,1286,50.0,26,18,0.6923076923076923,0.9015384615384614,0.028771384136858476,0.03188180404354588,0.03188180404354588,0.9004665629860031,9,torque_limited,0.06
Eyes_Japan_Dataset_kawaguchi_gesture_etc-39-giant_baba-kawaguchi_poses_120_jpos,screened,1060,50.0,22,11,0.5,0.7127272727272728,0.12830188679245283,0.12830188679245283,0.12830188679245283,0.7018867924528301,17,torque_limited,0.06
Eyes_Japan_Dataset_kawaguchi_turn-05-turn-kawaguchi_poses_120_jpos,screened,1225,50.0,25,6,0.24,0.35359999999999997,0.23755102040816325,0.23755102040816325,0.23755102040816325,0.3404081632653061,39,torque_limited,0.06
Eyes_Japan_Dataset_kudo_greeting-09-certificate-kudo_poses_250_jpos,screened,1650,50.0,33,33,1.0,1.0,0.0,0.0,0.0,1.0,0,torque_limited,0.06
Eyes_Japan_Dataset_kudo_jump-04-horizontal-kudo_poses_250_jpos,screened,1650,50.0,33,12,0.36363636363636365,0.41030303030303034,0.13515151515151516,0.13515151515151516,0.13515151515151516,0.4103030303030303,55,torque_limited,0.06
Eyes_Japan_Dataset_takiguchi_accident-11-fall_down-takiguchi_poses_120_jpos,screened,1526,50.0,31,18,0.5806451612903226,0.6987096774193547,0.24508519003931847,0.24508519003931847,0.24508519003931847,0.6939711664482306,17,torque_limited,0.06
Eyes_Japan_Dataset_takiguchi_walk-07-moonwalk-takiguchi_poses_250_jpos,screened,1650,50.0,33,25,0.7575757575757576,0.8503030303030302,0.04303030303030303,0.04303030303030303,0.04303030303030303,0.8503030303030303,11,torque_limited,0.06
GRAB_s10_lightbulb_pass_1,screened,288,50.0,6,6,1.0,1.0,0.0,0.0,0.0,1.0,0,torque_limited,0.06
GRAB_s2_stanfordbunny_pick_all,screened,1261,50.0,26,26,1.0,1.0,0.0,0.0,0.0,1.0,0,torque_limited,0.06
GRAB_s3_mug_drink_2,screened,343,50.0,7,7,1.0,1.0,0.0,0.0,0.0,1.0,0,torque_limited,0.06
GRAB_s3_mug_drink_3,screened,381,50.0,8,8,1.0,1.0,0.0,0.0,0.0,1.0,0,torque_limited,0.06
GRAB_s4_banana_pass_1,screened,375,50.0,8,8,1.0,1.0,0.0,0.0,0.0,1.0,0,torque_limited,0.06
GRAB_s5_cylinderlarge_inspect_1,screened,458,50.0,10,10,1.0,1.0,0.0,0.0,0.0,1.0,0,torque_limited,0.06
GRAB_s6_alarmclock_see_1,screened,313,50.0,7,7,1.0,1.0,0.0,0.0,0.0,1.0,0,torque_limited,0.06
GRAB_s6_hammer_use_2,screened,422,50.0,9,9,1.0,1.0,0.0,0.0,0.0,1.0,0,torque_limited,0.06
GRAB_s8_fryingpan_cook_2,screened,398,50.0,8,8,1.0,1.0,0.0,0.0,0.0,1.0,0,torque_limited,0.06
KIT_1226_Trial_45_poses_100_jpos,screened,299,50.0,6,6,1.0,1.0,0.0,0.0,0.0,1.0,0,torque_limited,0.06
KIT_167_turn_right05_poses_100_jpos,screened,314,50.0,7,7,1.0,1.0,0.0,0.0,0.0,1.0,0,torque_limited,0.06
KIT_1747_displace_tilt_side_13_poses_100_jpos,screened,465,50.0,10,10,1.0,1.0,0.0,0.0,0.0,1.0,0,torque_limited,0.06
KIT_359_walking_medium03_poses_100_jpos,screened,263,50.0,6,5,0.8333333333333334,0.9766666666666666,0.026615969581749048,0.026615969581749048,0.026615969581749048,0.973384030418251,1,torque_limited,0.06
KIT_3_golf_drive02_poses_100_jpos,screened,276,50.0,6,5,0.8333333333333334,0.9766666666666666,0.014492753623188406,0.025362318840579712,0.025362318840579712,0.9746376811594203,1,torque_limited,0.06
KIT_3_stomp_right02_poses_100_jpos,screened,258,50.0,6,6,1.0,1.0,0.0,0.0,0.0,1.0,0,torque_limited,0.06
KIT_3_walk_with_support04_poses_100_jpos,screened,337,50.0,7,7,1.0,1.0,0.0,0.0,0.0,1.0,0,torque_limited,0.06
KIT_3_wave_left05_poses_100_jpos,screened,193,50.0,4,4,1.0,1.0,0.0,0.0,0.0,1.0,0,torque_limited,0.06
KIT_551_mixing_bowl_big03_poses_100_jpos,screened,345,50.0,7,7,1.0,1.0,0.0,0.0,0.0,1.0,0,torque_limited,0.06
KIT_572_violin_left08_poses_100_jpos,screened,376,50.0,8,8,1.0,1.0,0.0,0.0,0.0,1.0,0,torque_limited,0.06
KIT_572_wave_left10_poses_100_jpos,screened,286,50.0,6,6,1.0,1.0,0.0,0.0,0.0,1.0,0,torque_limited,0.06
KIT_674_dry_front02_poses_100_jpos,screened,656,50.0,14,14,1.0,1.0,0.0,0.0,0.0,1.0,0,torque_limited,0.06
KIT_883_wipe_leg_bigcircle01_poses_100_jpos,screened,426,50.0,9,9,1.0,1.0,0.0,0.0,0.0,1.0,0,torque_limited,0.06
KIT_950_Wipe_Head_Horizontal_01_poses_100_jpos,screened,524,50.0,11,11,1.0,1.0,0.0,0.0,0.0,1.0,0,torque_limited,0.06
KIT_9_LeftTurn06_poses_100_jpos,screened,241,50.0,5,5,1.0,1.0,0.0,0.0,0.0,1.0,0,torque_limited,0.06
Transitions_mocap_mazen_c3d_twistdance_walk_poses_120_jpos,screened,410,50.0,9,5,0.5555555555555556,0.7155555555555555,0.1024390243902439,0.1024390243902439,0.1024390243902439,0.6878048780487804,9,torque_limited,0.06
