clip,offset_s,survival,mean_survival_s,n,window_s
ACCAD_Female1Running_c3d_C10_-__run_backwards_stop_run_forward_poses_120_jpos,0.0,0.25,1.84,8,3.0
ACCAD_Female1Running_c3d_C10_-__run_backwards_stop_run_forward_poses_120_jpos,1.0,0.0,0.522,8,3.0
ACCAD_Female1Running_c3d_C10_-__run_backwards_stop_run_forward_poses_120_jpos,2.0,0.0,2.232,8,3.0
ACCAD_Female1Running_c3d_C10_-__run_backwards_stop_run_forward_poses_120_jpos,3.0,0.0,1.388,8,2.08
ACCAD_Female1Running_c3d_C10_-__run_backwards_stop_run_forward_poses_120_jpos,4.0,0.0,0.535,8,1.06
ACCAD_Female1Running_c3d_C10_-__run_backwards_stop_run_forward_poses_120_jpos,6.0,1.0,0.04,8,0.04
ACCAD_Female1Running_c3d_C10_-__run_backwards_stop_run_forward_poses_120_jpos,8.0,1.0,0.04,8,0.04
ACCAD_Female1Running_c3d_C10_-__run_backwards_stop_run_forward_poses_120_jpos,mean,0.3214,,56,3.0
ACCAD_Female1Running_c3d_C14_-__run_turn_right__(90)_poses_120_jpos,0.0,1.0,3.0,8,3.0
ACCAD_Female1Running_c3d_C14_-__run_turn_right__(90)_poses_120_jpos,1.0,0.75,2.852,8,3.0
ACCAD_Female1Running_c3d_C14_-__run_turn_right__(90)_poses_120_jpos,2.0,0.5,1.918,8,2.26
ACCAD_Female1Running_c3d_C14_-__run_turn_right__(90)_poses_120_jpos,3.0,0.875,1.192,8,1.26
ACCAD_Female1Running_c3d_C14_-__run_turn_right__(90)_poses_120_jpos,4.0,1.0,0.26,8,0.26
ACCAD_Female1Running_c3d_C14_-__run_turn_right__(90)_poses_120_jpos,6.0,1.0,0.04,8,0.04
ACCAD_Female1Running_c3d_C14_-__run_turn_right__(90)_poses_120_jpos,8.0,1.0,0.04,8,0.04
ACCAD_Female1Running_c3d_C14_-__run_turn_right__(90)_poses_120_jpos,mean,0.875,,56,3.0
ACCAD_Female1Running_c3d_C2_-_Run_to_stand_poses_120_jpos,0.0,0.0,0.352,8,3.0
ACCAD_Female1Running_c3d_C2_-_Run_to_stand_poses_120_jpos,1.0,1.0,3.0,8,3.0
ACCAD_Female1Running_c3d_C2_-_Run_to_stand_poses_120_jpos,2.0,1.0,3.0,8,3.0
ACCAD_Female1Running_c3d_C2_-_Run_to_stand_poses_120_jpos,3.0,1.0,2.32,8,2.32
ACCAD_Female1Running_c3d_C2_-_Run_to_stand_poses_120_jpos,4.0,1.0,1.32,8,1.32
ACCAD_Female1Running_c3d_C2_-_Run_to_stand_poses_120_jpos,6.0,1.0,0.04,8,0.04
ACCAD_Female1Running_c3d_C2_-_Run_to_stand_poses_120_jpos,8.0,1.0,0.04,8,0.04
ACCAD_Female1Running_c3d_C2_-_Run_to_stand_poses_120_jpos,mean,0.8571,,56,3.0
ACCAD_Female1Running_c3d_C6_-_stand_to_run_backwards_poses_120_jpos,0.0,1.0,3.0,8,3.0
ACCAD_Female1Running_c3d_C6_-_stand_to_run_backwards_poses_120_jpos,1.0,1.0,3.0,8,3.0
ACCAD_Female1Running_c3d_C6_-_stand_to_run_backwards_poses_120_jpos,2.0,1.0,3.0,8,3.0
ACCAD_Female1Running_c3d_C6_-_stand_to_run_backwards_poses_120_jpos,3.0,0.875,3.0,8,3.0
ACCAD_Female1Running_c3d_C6_-_stand_to_run_backwards_poses_120_jpos,4.0,1.0,3.0,8,3.0
ACCAD_Female1Running_c3d_C6_-_stand_to_run_backwards_poses_120_jpos,6.0,0.625,1.207,8,1.48
ACCAD_Female1Running_c3d_C6_-_stand_to_run_backwards_poses_120_jpos,8.0,1.0,0.04,8,0.04
ACCAD_Female1Running_c3d_C6_-_stand_to_run_backwards_poses_120_jpos,mean,0.9286,,56,3.0
ACCAD_Female1Running_c3d_C7_-__run_backwards_poses_120_jpos,0.0,0.375,2.148,8,3.0
ACCAD_Female1Running_c3d_C7_-__run_backwards_poses_120_jpos,1.0,0.5,1.692,8,2.08
ACCAD_Female1Running_c3d_C7_-__run_backwards_poses_120_jpos,2.0,1.0,1.1,8,1.1
ACCAD_Female1Running_c3d_C7_-__run_backwards_poses_120_jpos,3.0,1.0,0.08,8,0.08
ACCAD_Female1Running_c3d_C7_-__run_backwards_poses_120_jpos,4.0,1.0,0.04,8,0.04
ACCAD_Female1Running_c3d_C7_-__run_backwards_poses_120_jpos,6.0,1.0,0.04,8,0.04
ACCAD_Female1Running_c3d_C7_-__run_backwards_poses_120_jpos,8.0,1.0,0.04,8,0.04
ACCAD_Female1Running_c3d_C7_-__run_backwards_poses_120_jpos,mean,0.8393,,56,3.0
ACCAD_Female1Running_c3d_C8_-__run_backwards_to_stand_poses_120_jpos,0.0,0.0,1.252,8,3.0
ACCAD_Female1Running_c3d_C8_-__run_backwards_to_stand_poses_120_jpos,1.0,0.125,0.863,8,3.0
ACCAD_Female1Running_c3d_C8_-__run_backwards_to_stand_poses_120_jpos,2.0,0.5,1.48,8,2.38
ACCAD_Female1Running_c3d_C8_-__run_backwards_to_stand_poses_120_jpos,3.0,1.0,1.4,8,1.4
ACCAD_Female1Running_c3d_C8_-__run_backwards_to_stand_poses_120_jpos,4.0,1.0,0.38,8,0.38
ACCAD_Female1Running_c3d_C8_-__run_backwards_to_stand_poses_120_jpos,6.0,1.0,0.04,8,0.04
ACCAD_Female1Running_c3d_C8_-__run_backwards_to_stand_poses_120_jpos,8.0,1.0,0.04,8,0.04
ACCAD_Female1Running_c3d_C8_-__run_backwards_to_stand_poses_120_jpos,mean,0.6607,,56,3.0
ACCAD_Female1Running_c3d_C9_-__run_backwards_turn_run_forward_poses_120_jpos,0.0,0.0,0.575,8,2.3
ACCAD_Female1Running_c3d_C9_-__run_backwards_turn_run_forward_poses_120_jpos,1.0,0.0,0.48,8,1.3
ACCAD_Female1Running_c3d_C9_-__run_backwards_turn_run_forward_poses_120_jpos,2.0,0.0,0.19,8,0.28
ACCAD_Female1Running_c3d_C9_-__run_backwards_turn_run_forward_poses_120_jpos,3.0,1.0,0.04,8,0.04
ACCAD_Female1Running_c3d_C9_-__run_backwards_turn_run_forward_poses_120_jpos,4.0,1.0,0.04,8,0.04
ACCAD_Female1Running_c3d_C9_-__run_backwards_turn_run_forward_poses_120_jpos,6.0,1.0,0.04,8,0.04
ACCAD_Female1Running_c3d_C9_-__run_backwards_turn_run_forward_poses_120_jpos,8.0,1.0,0.04,8,0.04
ACCAD_Female1Running_c3d_C9_-__run_backwards_turn_run_forward_poses_120_jpos,mean,0.5714,,56,3.0
ACCAD_Male2MartialArtsStances_c3d_D2_-_walk_to_ready_poses_120_jpos,0.0,1.0,3.0,8,3.0
ACCAD_Male2MartialArtsStances_c3d_D2_-_walk_to_ready_poses_120_jpos,1.0,1.0,3.0,8,3.0
ACCAD_Male2MartialArtsStances_c3d_D2_-_walk_to_ready_poses_120_jpos,2.0,1.0,2.36,8,2.36
ACCAD_Male2MartialArtsStances_c3d_D2_-_walk_to_ready_poses_120_jpos,3.0,1.0,1.38,8,1.38
ACCAD_Male2MartialArtsStances_c3d_D2_-_walk_to_ready_poses_120_jpos,4.0,1.0,0.38,8,0.38
ACCAD_Male2MartialArtsStances_c3d_D2_-_walk_to_ready_poses_120_jpos,6.0,1.0,0.04,8,0.04
ACCAD_Male2MartialArtsStances_c3d_D2_-_walk_to_ready_poses_120_jpos,8.0,1.0,0.04,8,0.04
ACCAD_Male2MartialArtsStances_c3d_D2_-_walk_to_ready_poses_120_jpos,mean,1.0,,56,3.0
ACCAD_Male2MartialArtsStances_c3d_D7_-_walk_to_bow_poses_120_jpos,0.0,1.0,3.0,8,3.0
ACCAD_Male2MartialArtsStances_c3d_D7_-_walk_to_bow_poses_120_jpos,1.0,1.0,3.0,8,3.0
ACCAD_Male2MartialArtsStances_c3d_D7_-_walk_to_bow_poses_120_jpos,2.0,1.0,3.0,8,3.0
ACCAD_Male2MartialArtsStances_c3d_D7_-_walk_to_bow_poses_120_jpos,3.0,1.0,3.0,8,3.0
ACCAD_Male2MartialArtsStances_c3d_D7_-_walk_to_bow_poses_120_jpos,4.0,1.0,3.0,8,3.0
ACCAD_Male2MartialArtsStances_c3d_D7_-_walk_to_bow_poses_120_jpos,6.0,1.0,1.06,8,1.06
ACCAD_Male2MartialArtsStances_c3d_D7_-_walk_to_bow_poses_120_jpos,8.0,1.0,0.04,8,0.04
ACCAD_Male2MartialArtsStances_c3d_D7_-_walk_to_bow_poses_120_jpos,mean,1.0,,56,3.0
ACCAD_Male2MartialArtsStances_c3d_D9_-_t2_-_male2_blanks_poses_120_jpos,0.0,1.0,3.0,8,3.0
ACCAD_Male2MartialArtsStances_c3d_D9_-_t2_-_male2_blanks_poses_120_jpos,1.0,1.0,3.0,8,3.0
ACCAD_Male2MartialArtsStances_c3d_D9_-_t2_-_male2_blanks_poses_120_jpos,2.0,1.0,3.0,8,3.0
ACCAD_Male2MartialArtsStances_c3d_D9_-_t2_-_male2_blanks_poses_120_jpos,3.0,1.0,2.82,8,2.82
ACCAD_Male2MartialArtsStances_c3d_D9_-_t2_-_male2_blanks_poses_120_jpos,4.0,1.0,1.82,8,1.82
ACCAD_Male2MartialArtsStances_c3d_D9_-_t2_-_male2_blanks_poses_120_jpos,6.0,1.0,0.04,8,0.04
ACCAD_Male2MartialArtsStances_c3d_D9_-_t2_-_male2_blanks_poses_120_jpos,8.0,1.0,0.04,8,0.04
ACCAD_Male2MartialArtsStances_c3d_D9_-_t2_-_male2_blanks_poses_120_jpos,mean,1.0,,56,3.0
ACCAD_Male2Running_c3d_C12_-_run_turn_left_45_poses_120_jpos,0.0,0.0,1.485,8,2.2
ACCAD_Male2Running_c3d_C12_-_run_turn_left_45_poses_120_jpos,1.0,0.0,0.765,8,1.18
ACCAD_Male2Running_c3d_C12_-_run_turn_left_45_poses_120_jpos,2.0,1.0,0.18,8,0.18
ACCAD_Male2Running_c3d_C12_-_run_turn_left_45_poses_120_jpos,3.0,1.0,0.04,8,0.04
ACCAD_Male2Running_c3d_C12_-_run_turn_left_45_poses_120_jpos,4.0,1.0,0.04,8,0.04
ACCAD_Male2Running_c3d_C12_-_run_turn_left_45_poses_120_jpos,6.0,1.0,0.04,8,0.04
ACCAD_Male2Running_c3d_C12_-_run_turn_left_45_poses_120_jpos,8.0,1.0,0.04,8,0.04
ACCAD_Male2Running_c3d_C12_-_run_turn_left_45_poses_120_jpos,mean,0.7143,,56,3.0
ACCAD_Male2Running_c3d_C1_-_stand_to_run_poses_120_jpos,0.0,1.0,3.0,8,3.0
ACCAD_Male2Running_c3d_C1_-_stand_to_run_poses_120_jpos,1.0,0.25,2.935,8,3.0
ACCAD_Male2Running_c3d_C1_-_stand_to_run_poses_120_jpos,2.0,0.0,2.017,8,2.08
ACCAD_Male2Running_c3d_C1_-_stand_to_run_poses_120_jpos,3.0,0.0,0.885,8,1.1
ACCAD_Male2Running_c3d_C1_-_stand_to_run_poses_120_jpos,4.0,1.0,0.08,8,0.08
ACCAD_Male2Running_c3d_C1_-_stand_to_run_poses_120_jpos,6.0,1.0,0.04,8,0.04
ACCAD_Male2Running_c3d_C1_-_stand_to_run_poses_120_jpos,8.0,1.0,0.04,8,0.04
ACCAD_Male2Running_c3d_C1_-_stand_to_run_poses_120_jpos,mean,0.6071,,56,3.0
ACCAD_Male2Running_c3d_C25_-_quick_sidestep_right_poses_120_jpos,0.0,1.0,2.02,8,2.02
ACCAD_Male2Running_c3d_C25_-_quick_sidestep_right_poses_120_jpos,1.0,1.0,1.02,8,1.02
ACCAD_Male2Running_c3d_C25_-_quick_sidestep_right_poses_120_jpos,2.0,1.0,0.04,8,0.04
ACCAD_Male2Running_c3d_C25_-_quick_sidestep_right_poses_120_jpos,3.0,1.0,0.04,8,0.04
ACCAD_Male2Running_c3d_C25_-_quick_sidestep_right_poses_120_jpos,4.0,1.0,0.04,8,0.04
ACCAD_Male2Running_c3d_C25_-_quick_sidestep_right_poses_120_jpos,6.0,1.0,0.04,8,0.04
ACCAD_Male2Running_c3d_C25_-_quick_sidestep_right_poses_120_jpos,8.0,1.0,0.04,8,0.04
ACCAD_Male2Running_c3d_C25_-_quick_sidestep_right_poses_120_jpos,mean,1.0,,56,3.0
ACCAD_Male2Running_c3d_C9_-_run_backwards_turn_run_forward_poses_120_jpos,0.0,0.25,1.922,8,3.0
ACCAD_Male2Running_c3d_C9_-_run_backwards_turn_run_forward_poses_120_jpos,1.0,0.125,1.352,8,2.58
ACCAD_Male2Running_c3d_C9_-_run_backwards_turn_run_forward_poses_120_jpos,2.0,0.0,0.692,8,1.58
ACCAD_Male2Running_c3d_C9_-_run_backwards_turn_run_forward_poses_120_jpos,3.0,0.625,0.505,8,0.58
ACCAD_Male2Running_c3d_C9_-_run_backwards_turn_run_forward_poses_120_jpos,4.0,1.0,0.04,8,0.04
ACCAD_Male2Running_c3d_C9_-_run_backwards_turn_run_forward_poses_120_jpos,6.0,1.0,0.04,8,0.04
ACCAD_Male2Running_c3d_C9_-_run_backwards_turn_run_forward_poses_120_jpos,8.0,1.0,0.04,8,0.04
ACCAD_Male2Running_c3d_C9_-_run_backwards_turn_run_forward_poses_120_jpos,mean,0.5714,,56,3.0
ACCAD_Male2Walking_c3d_B10_-__Walk_turn_left_45_poses_120_jpos,0.0,1.0,3.0,8,3.0
ACCAD_Male2Walking_c3d_B10_-__Walk_turn_left_45_poses_120_jpos,1.0,1.0,3.0,8,3.0
ACCAD_Male2Walking_c3d_B10_-__Walk_turn_left_45_poses_120_jpos,2.0,1.0,3.0,8,3.0
ACCAD_Male2Walking_c3d_B10_-__Walk_turn_left_45_poses_120_jpos,3.0,1.0,2.98,8,2.98
ACCAD_Male2Walking_c3d_B10_-__Walk_turn_left_45_poses_120_jpos,4.0,1.0,1.96,8,1.96
ACCAD_Male2Walking_c3d_B10_-__Walk_turn_left_45_poses_120_jpos,6.0,1.0,0.04,8,0.04
ACCAD_Male2Walking_c3d_B10_-__Walk_turn_left_45_poses_120_jpos,8.0,1.0,0.04,8,0.04
ACCAD_Male2Walking_c3d_B10_-__Walk_turn_left_45_poses_120_jpos,mean,1.0,,56,3.0
ACCAD_Male2Walking_c3d_B11_-__Walk_turn_left_135_poses_120_jpos,0.0,1.0,3.0,8,3.0
ACCAD_Male2Walking_c3d_B11_-__Walk_turn_left_135_poses_120_jpos,1.0,1.0,3.0,8,3.0
ACCAD_Male2Walking_c3d_B11_-__Walk_turn_left_135_poses_120_jpos,2.0,1.0,3.0,8,3.0
ACCAD_Male2Walking_c3d_B11_-__Walk_turn_left_135_poses_120_jpos,3.0,1.0,3.0,8,3.0
ACCAD_Male2Walking_c3d_B11_-__Walk_turn_left_135_poses_120_jpos,4.0,1.0,2.5,8,2.5
ACCAD_Male2Walking_c3d_B11_-__Walk_turn_left_135_poses_120_jpos,6.0,1.0,0.5,8,0.5
ACCAD_Male2Walking_c3d_B11_-__Walk_turn_left_135_poses_120_jpos,8.0,1.0,0.04,8,0.04
ACCAD_Male2Walking_c3d_B11_-__Walk_turn_left_135_poses_120_jpos,mean,1.0,,56,3.0
ACCAD_Male2Walking_c3d_B13_-__Walk_turn_right_90_poses_120_jpos,0.0,1.0,3.0,8,3.0
ACCAD_Male2Walking_c3d_B13_-__Walk_turn_right_90_poses_120_jpos,1.0,1.0,3.0,8,3.0
ACCAD_Male2Walking_c3d_B13_-__Walk_turn_right_90_poses_120_jpos,2.0,1.0,3.0,8,3.0
ACCAD_Male2Walking_c3d_B13_-__Walk_turn_right_90_poses_120_jpos,3.0,1.0,2.62,8,2.62
ACCAD_Male2Walking_c3d_B13_-__Walk_turn_right_90_poses_120_jpos,4.0,1.0,1.62,8,1.62
ACCAD_Male2Walking_c3d_B13_-__Walk_turn_right_90_poses_120_jpos,6.0,1.0,0.04,8,0.04
ACCAD_Male2Walking_c3d_B13_-__Walk_turn_right_90_poses_120_jpos,8.0,1.0,0.04,8,0.04
ACCAD_Male2Walking_c3d_B13_-__Walk_turn_right_90_poses_120_jpos,mean,1.0,,56,3.0
ACCAD_Male2Walking_c3d_B14_-__Walk_turn_right_45_t2_poses_120_jpos,0.0,1.0,3.0,8,3.0
ACCAD_Male2Walking_c3d_B14_-__Walk_turn_right_45_t2_poses_120_jpos,1.0,1.0,3.0,8,3.0
ACCAD_Male2Walking_c3d_B14_-__Walk_turn_right_45_t2_poses_120_jpos,2.0,1.0,3.0,8,3.0
ACCAD_Male2Walking_c3d_B14_-__Walk_turn_right_45_t2_poses_120_jpos,3.0,1.0,2.8,8,2.8
ACCAD_Male2Walking_c3d_B14_-__Walk_turn_right_45_t2_poses_120_jpos,4.0,1.0,1.8,8,1.8
ACCAD_Male2Walking_c3d_B14_-__Walk_turn_right_45_t2_poses_120_jpos,6.0,1.0,0.04,8,0.04
ACCAD_Male2Walking_c3d_B14_-__Walk_turn_right_45_t2_poses_120_jpos,8.0,1.0,0.04,8,0.04
ACCAD_Male2Walking_c3d_B14_-__Walk_turn_right_45_t2_poses_120_jpos,mean,1.0,,56,3.0
ACCAD_Male2Walking_c3d_B15_-__Walk_turn_around_poses_120_jpos,0.0,1.0,3.0,8,3.0
ACCAD_Male2Walking_c3d_B15_-__Walk_turn_around_poses_120_jpos,1.0,1.0,3.0,8,3.0
ACCAD_Male2Walking_c3d_B15_-__Walk_turn_around_poses_120_jpos,2.0,1.0,3.0,8,3.0
ACCAD_Male2Walking_c3d_B15_-__Walk_turn_around_poses_120_jpos,3.0,1.0,3.0,8,3.0
ACCAD_Male2Walking_c3d_B15_-__Walk_turn_around_poses_120_jpos,4.0,1.0,3.0,8,3.0
ACCAD_Male2Walking_c3d_B15_-__Walk_turn_around_poses_120_jpos,6.0,1.0,1.5,8,1.5
ACCAD_Male2Walking_c3d_B15_-__Walk_turn_around_poses_120_jpos,8.0,1.0,0.04,8,0.04
ACCAD_Male2Walking_c3d_B15_-__Walk_turn_around_poses_120_jpos,mean,1.0,,56,3.0
ACCAD_Male2Walking_c3d_B4_-_Stand_to_Walk_backwards_poses_120_jpos,0.0,1.0,3.0,8,3.0
ACCAD_Male2Walking_c3d_B4_-_Stand_to_Walk_backwards_poses_120_jpos,1.0,1.0,3.0,8,3.0
ACCAD_Male2Walking_c3d_B4_-_Stand_to_Walk_backwards_poses_120_jpos,2.0,1.0,2.6,8,2.6
ACCAD_Male2Walking_c3d_B4_-_Stand_to_Walk_backwards_poses_120_jpos,3.0,1.0,1.58,8,1.58
ACCAD_Male2Walking_c3d_B4_-_Stand_to_Walk_backwards_poses_120_jpos,4.0,1.0,0.58,8,0.58
ACCAD_Male2Walking_c3d_B4_-_Stand_to_Walk_backwards_poses_120_jpos,6.0,1.0,0.04,8,0.04
ACCAD_Male2Walking_c3d_B4_-_Stand_to_Walk_backwards_poses_120_jpos,8.0,1.0,0.04,8,0.04
ACCAD_Male2Walking_c3d_B4_-_Stand_to_Walk_backwards_poses_120_jpos,mean,1.0,,56,3.0
ACCAD_Male2Walking_c3d_B9_-__Walk_turn_left_90_poses_120_jpos,0.0,1.0,3.0,8,3.0
ACCAD_Male2Walking_c3d_B9_-__Walk_turn_left_90_poses_120_jpos,1.0,1.0,3.0,8,3.0
ACCAD_Male2Walking_c3d_B9_-__Walk_turn_left_90_poses_120_jpos,2.0,1.0,3.0,8,3.0
ACCAD_Male2Walking_c3d_B9_-__Walk_turn_left_90_poses_120_jpos,3.0,1.0,2.04,8,2.04
ACCAD_Male2Walking_c3d_B9_-__Walk_turn_left_90_poses_120_jpos,4.0,1.0,1.04,8,1.04
ACCAD_Male2Walking_c3d_B9_-__Walk_turn_left_90_poses_120_jpos,6.0,1.0,0.04,8,0.04
ACCAD_Male2Walking_c3d_B9_-__Walk_turn_left_90_poses_120_jpos,8.0,1.0,0.04,8,0.04
ACCAD_Male2Walking_c3d_B9_-__Walk_turn_left_90_poses_120_jpos,mean,1.0,,56,3.0
ACCAD_s009_Sprint1_poses_120_jpos,0.0,1.0,2.2,8,2.2
ACCAD_s009_Sprint1_poses_120_jpos,1.0,0.0,0.532,8,1.18
ACCAD_s009_Sprint1_poses_120_jpos,2.0,1.0,0.18,8,0.18
ACCAD_s009_Sprint1_poses_120_jpos,3.0,1.0,0.04,8,0.04
ACCAD_s009_Sprint1_poses_120_jpos,4.0,1.0,0.04,8,0.04
ACCAD_s009_Sprint1_poses_120_jpos,6.0,1.0,0.04,8,0.04
ACCAD_s009_Sprint1_poses_120_jpos,8.0,1.0,0.04,8,0.04
ACCAD_s009_Sprint1_poses_120_jpos,mean,0.8571,,56,3.0
BMLmovi_Subject_17_F_MoSh_Subject_17_F_9_poses_120_jpos,0.0,1.0,3.0,8,3.0
BMLmovi_Subject_17_F_MoSh_Subject_17_F_9_poses_120_jpos,1.0,1.0,3.0,8,3.0
BMLmovi_Subject_17_F_MoSh_Subject_17_F_9_poses_120_jpos,2.0,1.0,3.0,8,3.0
BMLmovi_Subject_17_F_MoSh_Subject_17_F_9_poses_120_jpos,3.0,1.0,3.0,8,3.0
BMLmovi_Subject_17_F_MoSh_Subject_17_F_9_poses_120_jpos,4.0,1.0,3.0,8,3.0
BMLmovi_Subject_17_F_MoSh_Subject_17_F_9_poses_120_jpos,6.0,1.0,1.32,8,1.32
BMLmovi_Subject_17_F_MoSh_Subject_17_F_9_poses_120_jpos,8.0,1.0,0.04,8,0.04
BMLmovi_Subject_17_F_MoSh_Subject_17_F_9_poses_120_jpos,mean,1.0,,56,3.0
BMLmovi_Subject_29_F_MoSh_Subject_29_F_7_poses_120_jpos,0.0,0.75,2.845,8,3.0
BMLmovi_Subject_29_F_MoSh_Subject_29_F_7_poses_120_jpos,1.0,0.875,2.78,8,3.0
BMLmovi_Subject_29_F_MoSh_Subject_29_F_7_poses_120_jpos,2.0,1.0,3.0,8,3.0
BMLmovi_Subject_29_F_MoSh_Subject_29_F_7_poses_120_jpos,3.0,1.0,3.0,8,3.0
BMLmovi_Subject_29_F_MoSh_Subject_29_F_7_poses_120_jpos,4.0,1.0,3.0,8,3.0
BMLmovi_Subject_29_F_MoSh_Subject_29_F_7_poses_120_jpos,6.0,1.0,1.0,8,1.0
BMLmovi_Subject_29_F_MoSh_Subject_29_F_7_poses_120_jpos,8.0,1.0,0.04,8,0.04
BMLmovi_Subject_29_F_MoSh_Subject_29_F_7_poses_120_jpos,mean,0.9464,,56,3.0
BMLmovi_Subject_32_F_MoSh_Subject_32_F_16_poses_120_jpos,0.0,1.0,3.0,8,3.0
BMLmovi_Subject_32_F_MoSh_Subject_32_F_16_poses_120_jpos,1.0,0.875,2.87,8,3.0
BMLmovi_Subject_32_F_MoSh_Subject_32_F_16_poses_120_jpos,2.0,1.0,3.0,8,3.0
BMLmovi_Subject_32_F_MoSh_Subject_32_F_16_poses_120_jpos,3.0,1.0,3.0,8,3.0
BMLmovi_Subject_32_F_MoSh_Subject_32_F_16_poses_120_jpos,4.0,1.0,2.24,8,2.24
BMLmovi_Subject_32_F_MoSh_Subject_32_F_16_poses_120_jpos,6.0,1.0,0.24,8,0.24
BMLmovi_Subject_32_F_MoSh_Subject_32_F_16_poses_120_jpos,8.0,1.0,0.04,8,0.04
BMLmovi_Subject_32_F_MoSh_Subject_32_F_16_poses_120_jpos,mean,0.9821,,56,3.0
BMLmovi_Subject_45_F_MoSh_Subject_45_F_14_poses_120_jpos,0.0,1.0,3.0,8,3.0
BMLmovi_Subject_45_F_MoSh_Subject_45_F_14_poses_120_jpos,1.0,0.875,2.928,8,3.0
BMLmovi_Subject_45_F_MoSh_Subject_45_F_14_poses_120_jpos,2.0,1.0,3.0,8,3.0
BMLmovi_Subject_45_F_MoSh_Subject_45_F_14_poses_120_jpos,3.0,1.0,3.0,8,3.0
BMLmovi_Subject_45_F_MoSh_Subject_45_F_14_poses_120_jpos,4.0,0.875,2.785,8,3.0
BMLmovi_Subject_45_F_MoSh_Subject_45_F_14_poses_120_jpos,6.0,1.0,1.58,8,1.58
BMLmovi_Subject_45_F_MoSh_Subject_45_F_14_poses_120_jpos,8.0,1.0,0.04,8,0.04
BMLmovi_Subject_45_F_MoSh_Subject_45_F_14_poses_120_jpos,mean,0.9643,,56,3.0
BMLmovi_Subject_48_F_MoSh_Subject_48_F_9_poses_120_jpos,0.0,1.0,3.0,8,3.0
BMLmovi_Subject_48_F_MoSh_Subject_48_F_9_poses_120_jpos,1.0,1.0,3.0,8,3.0
BMLmovi_Subject_48_F_MoSh_Subject_48_F_9_poses_120_jpos,2.0,1.0,3.0,8,3.0
BMLmovi_Subject_48_F_MoSh_Subject_48_F_9_poses_120_jpos,3.0,0.625,2.052,8,3.0
BMLmovi_Subject_48_F_MoSh_Subject_48_F_9_poses_120_jpos,4.0,1.0,3.0,8,3.0
BMLmovi_Subject_48_F_MoSh_Subject_48_F_9_poses_120_jpos,6.0,1.0,1.58,8,1.58
BMLmovi_Subject_48_F_MoSh_Subject_48_F_9_poses_120_jpos,8.0,1.0,0.04,8,0.04
BMLmovi_Subject_48_F_MoSh_Subject_48_F_9_poses_120_jpos,mean,0.9464,,56,3.0
BMLmovi_Subject_55_F_MoSh_Subject_55_F_6_poses_120_jpos,0.0,1.0,3.0,8,3.0
BMLmovi_Subject_55_F_MoSh_Subject_55_F_6_poses_120_jpos,1.0,1.0,3.0,8,3.0
BMLmovi_Subject_55_F_MoSh_Subject_55_F_6_poses_120_jpos,2.0,0.875,2.73,8,3.0
BMLmovi_Subject_55_F_MoSh_Subject_55_F_6_poses_120_jpos,3.0,1.0,3.0,8,3.0
BMLmovi_Subject_55_F_MoSh_Subject_55_F_6_poses_120_jpos,4.0,1.0,2.38,8,2.38
BMLmovi_Subject_55_F_MoSh_Subject_55_F_6_poses_120_jpos,6.0,1.0,0.38,8,0.38
BMLmovi_Subject_55_F_MoSh_Subject_55_F_6_poses_120_jpos,8.0,1.0,0.04,8,0.04
BMLmovi_Subject_55_F_MoSh_Subject_55_F_6_poses_120_jpos,mean,0.9821,,56,3.0
BMLmovi_Subject_57_F_MoSh_Subject_57_F_4_poses_120_jpos,0.0,1.0,3.0,8,3.0
BMLmovi_Subject_57_F_MoSh_Subject_57_F_4_poses_120_jpos,1.0,0.875,2.745,8,3.0
BMLmovi_Subject_57_F_MoSh_Subject_57_F_4_poses_120_jpos,2.0,1.0,3.0,8,3.0
BMLmovi_Subject_57_F_MoSh_Subject_57_F_4_poses_120_jpos,3.0,1.0,3.0,8,3.0
BMLmovi_Subject_57_F_MoSh_Subject_57_F_4_poses_120_jpos,4.0,1.0,3.0,8,3.0
BMLmovi_Subject_57_F_MoSh_Subject_57_F_4_poses_120_jpos,6.0,1.0,3.0,8,3.0
BMLmovi_Subject_57_F_MoSh_Subject_57_F_4_poses_120_jpos,8.0,1.0,1.9,8,1.9
BMLmovi_Subject_57_F_MoSh_Subject_57_F_4_poses_120_jpos,mean,0.9821,,56,3.0
BMLmovi_Subject_64_F_MoSh_Subject_64_F_5_poses_120_jpos,0.0,1.0,3.0,8,3.0
BMLmovi_Subject_64_F_MoSh_Subject_64_F_5_poses_120_jpos,1.0,1.0,3.0,8,3.0
BMLmovi_Subject_64_F_MoSh_Subject_64_F_5_poses_120_jpos,2.0,1.0,3.0,8,3.0
BMLmovi_Subject_64_F_MoSh_Subject_64_F_5_poses_120_jpos,3.0,1.0,3.0,8,3.0
BMLmovi_Subject_64_F_MoSh_Subject_64_F_5_poses_120_jpos,4.0,1.0,2.8,8,2.8
BMLmovi_Subject_64_F_MoSh_Subject_64_F_5_poses_120_jpos,6.0,1.0,0.78,8,0.78
BMLmovi_Subject_64_F_MoSh_Subject_64_F_5_poses_120_jpos,8.0,1.0,0.04,8,0.04
BMLmovi_Subject_64_F_MoSh_Subject_64_F_5_poses_120_jpos,mean,1.0,,56,3.0
BMLmovi_Subject_67_F_MoSh_Subject_67_F_10_poses_120_jpos,0.0,1.0,3.0,8,3.0
BMLmovi_Subject_67_F_MoSh_Subject_67_F_10_poses_120_jpos,1.0,1.0,3.0,8,3.0
BMLmovi_Subject_67_F_MoSh_Subject_67_F_10_poses_120_jpos,2.0,1.0,3.0,8,3.0
BMLmovi_Subject_67_F_MoSh_Subject_67_F_10_poses_120_jpos,3.0,1.0,3.0,8,3.0
BMLmovi_Subject_67_F_MoSh_Subject_67_F_10_poses_120_jpos,4.0,1.0,3.0,8,3.0
BMLmovi_Subject_67_F_MoSh_Subject_67_F_10_poses_120_jpos,6.0,1.0,1.64,8,1.64
BMLmovi_Subject_67_F_MoSh_Subject_67_F_10_poses_120_jpos,8.0,1.0,0.04,8,0.04
BMLmovi_Subject_67_F_MoSh_Subject_67_F_10_poses_120_jpos,mean,1.0,,56,3.0
BMLmovi_Subject_71_F_MoSh_Subject_71_F_10_poses_120_jpos,0.0,1.0,3.0,8,3.0
BMLmovi_Subject_71_F_MoSh_Subject_71_F_10_poses_120_jpos,1.0,1.0,3.0,8,3.0
BMLmovi_Subject_71_F_MoSh_Subject_71_F_10_poses_120_jpos,2.0,1.0,3.0,8,3.0
BMLmovi_Subject_71_F_MoSh_Subject_71_F_10_poses_120_jpos,3.0,1.0,3.0,8,3.0
BMLmovi_Subject_71_F_MoSh_Subject_71_F_10_poses_120_jpos,4.0,1.0,2.36,8,2.36
BMLmovi_Subject_71_F_MoSh_Subject_71_F_10_poses_120_jpos,6.0,1.0,0.38,8,0.38
BMLmovi_Subject_71_F_MoSh_Subject_71_F_10_poses_120_jpos,8.0,1.0,0.04,8,0.04
BMLmovi_Subject_71_F_MoSh_Subject_71_F_10_poses_120_jpos,mean,1.0,,56,3.0
BMLmovi_Subject_72_F_MoSh_Subject_72_F_3_poses_120_jpos,0.0,1.0,3.0,8,3.0
BMLmovi_Subject_72_F_MoSh_Subject_72_F_3_poses_120_jpos,1.0,1.0,3.0,8,3.0
BMLmovi_Subject_72_F_MoSh_Subject_72_F_3_poses_120_jpos,2.0,1.0,3.0,8,3.0
BMLmovi_Subject_72_F_MoSh_Subject_72_F_3_poses_120_jpos,3.0,1.0,3.0,8,3.0
BMLmovi_Subject_72_F_MoSh_Subject_72_F_3_poses_120_jpos,4.0,1.0,3.0,8,3.0
BMLmovi_Subject_72_F_MoSh_Subject_72_F_3_poses_120_jpos,6.0,1.0,1.7,8,1.7
BMLmovi_Subject_72_F_MoSh_Subject_72_F_3_poses_120_jpos,8.0,1.0,0.04,8,0.04
BMLmovi_Subject_72_F_MoSh_Subject_72_F_3_poses_120_jpos,mean,1.0,,56,3.0
BMLmovi_Subject_83_F_MoSh_Subject_83_F_9_poses_120_jpos,0.0,1.0,3.0,8,3.0
BMLmovi_Subject_83_F_MoSh_Subject_83_F_9_poses_120_jpos,1.0,1.0,3.0,8,3.0
BMLmovi_Subject_83_F_MoSh_Subject_83_F_9_poses_120_jpos,2.0,1.0,3.0,8,3.0
BMLmovi_Subject_83_F_MoSh_Subject_83_F_9_poses_120_jpos,3.0,1.0,3.0,8,3.0
BMLmovi_Subject_83_F_MoSh_Subject_83_F_9_poses_120_jpos,4.0,1.0,2.5,8,2.5
BMLmovi_Subject_83_F_MoSh_Subject_83_F_9_poses_120_jpos,6.0,1.0,0.5,8,0.5
BMLmovi_Subject_83_F_MoSh_Subject_83_F_9_poses_120_jpos,8.0,1.0,0.04,8,0.04
BMLmovi_Subject_83_F_MoSh_Subject_83_F_9_poses_120_jpos,mean,1.0,,56,3.0
CMU_06_06_04_poses_120_jpos,0.0,1.0,3.0,8,3.0
CMU_06_06_04_poses_120_jpos,1.0,0.75,2.265,8,2.3
CMU_06_06_04_poses_120_jpos,2.0,1.0,1.3,8,1.3
CMU_06_06_04_poses_120_jpos,3.0,1.0,0.28,8,0.28
CMU_06_06_04_poses_120_jpos,4.0,1.0,0.04,8,0.04
CMU_06_06_04_poses_120_jpos,6.0,1.0,0.04,8,0.04
CMU_06_06_04_poses_120_jpos,8.0,1.0,0.04,8,0.04
CMU_06_06_04_poses_120_jpos,mean,0.9643,,56,3.0
CMU_07_07_02_poses_120_jpos,0.0,1.0,2.74,8,2.74
CMU_07_07_02_poses_120_jpos,1.0,1.0,1.74,8,1.74
CMU_07_07_02_poses_120_jpos,2.0,1.0,0.74,8,0.74
CMU_07_07_02_poses_120_jpos,3.0,1.0,0.04,8,0.04
CMU_07_07_02_poses_120_jpos,4.0,1.0,0.04,8,0.04
CMU_07_07_02_poses_120_jpos,6.0,1.0,0.04,8,0.04
CMU_07_07_02_poses_120_jpos,8.0,1.0,0.04,8,0.04
CMU_07_07_02_poses_120_jpos,mean,1.0,,56,3.0
CMU_102_102_02_poses_120_jpos,0.0,0.0,0.553,8,1.44
CMU_102_102_02_poses_120_jpos,1.0,0.75,0.425,8,0.44
CMU_102_102_02_poses_120_jpos,2.0,1.0,0.04,8,0.04
CMU_102_102_02_poses_120_jpos,3.0,1.0,0.04,8,0.04
CMU_102_102_02_poses_120_jpos,4.0,1.0,0.04,8,0.04
CMU_102_102_02_poses_120_jpos,6.0,1.0,0.04,8,0.04
CMU_102_102_02_poses_120_jpos,8.0,1.0,0.04,8,0.04
CMU_102_102_02_poses_120_jpos,mean,0.8214,,56,3.0
CMU_105_105_02_poses_120_jpos,0.0,1.0,3.0,8,3.0
CMU_105_105_02_poses_120_jpos,1.0,1.0,3.0,8,3.0
CMU_105_105_02_poses_120_jpos,2.0,1.0,3.0,8,3.0
CMU_105_105_02_poses_120_jpos,3.0,1.0,3.0,8,3.0
CMU_105_105_02_poses_120_jpos,4.0,1.0,3.0,8,3.0
CMU_105_105_02_poses_120_jpos,6.0,1.0,3.0,8,3.0
CMU_105_105_02_poses_120_jpos,8.0,1.0,3.0,8,3.0
CMU_105_105_02_poses_120_jpos,mean,1.0,,56,3.0
CMU_105_105_03_poses_120_jpos,0.0,1.0,3.0,8,3.0
CMU_105_105_03_poses_120_jpos,1.0,1.0,3.0,8,3.0
CMU_105_105_03_poses_120_jpos,2.0,1.0,3.0,8,3.0
CMU_105_105_03_poses_120_jpos,3.0,1.0,3.0,8,3.0
CMU_105_105_03_poses_120_jpos,4.0,1.0,3.0,8,3.0
CMU_105_105_03_poses_120_jpos,6.0,1.0,3.0,8,3.0
CMU_105_105_03_poses_120_jpos,8.0,1.0,3.0,8,3.0
CMU_105_105_03_poses_120_jpos,mean,1.0,,56,3.0
CMU_105_105_04_poses_120_jpos,0.0,1.0,3.0,8,3.0
CMU_105_105_04_poses_120_jpos,1.0,1.0,3.0,8,3.0
CMU_105_105_04_poses_120_jpos,2.0,1.0,3.0,8,3.0
CMU_105_105_04_poses_120_jpos,3.0,1.0,3.0,8,3.0
CMU_105_105_04_poses_120_jpos,4.0,1.0,3.0,8,3.0
CMU_105_105_04_poses_120_jpos,6.0,1.0,3.0,8,3.0
CMU_105_105_04_poses_120_jpos,8.0,1.0,3.0,8,3.0
CMU_105_105_04_poses_120_jpos,mean,1.0,,56,3.0
CMU_105_105_17_poses_120_jpos,0.0,1.0,3.0,8,3.0
CMU_105_105_17_poses_120_jpos,1.0,1.0,3.0,8,3.0
CMU_105_105_17_poses_120_jpos,2.0,1.0,3.0,8,3.0
CMU_105_105_17_poses_120_jpos,3.0,1.0,3.0,8,3.0
CMU_105_105_17_poses_120_jpos,4.0,1.0,3.0,8,3.0
CMU_105_105_17_poses_120_jpos,6.0,1.0,3.0,8,3.0
CMU_105_105_17_poses_120_jpos,8.0,1.0,3.0,8,3.0
CMU_105_105_17_poses_120_jpos,mean,1.0,,56,3.0
CMU_106_106_02_poses_60_jpos,0.0,0.875,1.707,8,1.86
CMU_106_106_02_poses_60_jpos,1.0,1.0,0.84,8,0.84
CMU_106_106_02_poses_60_jpos,2.0,1.0,0.04,8,0.04
CMU_106_106_02_poses_60_jpos,3.0,1.0,0.04,8,0.04
CMU_106_106_02_poses_60_jpos,4.0,1.0,0.04,8,0.04
CMU_106_106_02_poses_60_jpos,6.0,1.0,0.04,8,0.04
CMU_106_106_02_poses_60_jpos,8.0,1.0,0.04,8,0.04
CMU_106_106_02_poses_60_jpos,mean,0.9821,,56,3.0
CMU_106_106_25_poses_60_jpos,0.0,1.0,3.0,8,3.0
CMU_106_106_25_poses_60_jpos,1.0,1.0,3.0,8,3.0
CMU_106_106_25_poses_60_jpos,2.0,1.0,3.0,8,3.0
CMU_106_106_25_poses_60_jpos,3.0,1.0,3.0,8,3.0
CMU_106_106_25_poses_60_jpos,4.0,1.0,3.0,8,3.0
CMU_106_106_25_poses_60_jpos,6.0,1.0,3.0,8,3.0
CMU_106_106_25_poses_60_jpos,8.0,1.0,2.22,8,2.22
CMU_106_106_25_poses_60_jpos,mean,1.0,,56,3.0
CMU_106_106_34_poses_60_jpos,0.0,1.0,3.0,8,3.0
CMU_106_106_34_poses_60_jpos,1.0,1.0,3.0,8,3.0
CMU_106_106_34_poses_60_jpos,2.0,1.0,3.0,8,3.0
CMU_106_106_34_poses_60_jpos,3.0,1.0,2.22,8,2.22
CMU_106_106_34_poses_60_jpos,4.0,1.0,1.22,8,1.22
CMU_106_106_34_poses_60_jpos,6.0,1.0,0.04,8,0.04
CMU_106_106_34_poses_60_jpos,8.0,1.0,0.04,8,0.04
CMU_106_106_34_poses_60_jpos,mean,1.0,,56,3.0
CMU_108_108_04_poses_120_jpos,0.0,0.875,1.377,8,1.54
CMU_108_108_04_poses_120_jpos,1.0,1.0,0.52,8,0.52
CMU_108_108_04_poses_120_jpos,2.0,1.0,0.04,8,0.04
CMU_108_108_04_poses_120_jpos,3.0,1.0,0.04,8,0.04
CMU_108_108_04_poses_120_jpos,4.0,1.0,0.04,8,0.04
CMU_108_108_04_poses_120_jpos,6.0,1.0,0.04,8,0.04
CMU_108_108_04_poses_120_jpos,8.0,1.0,0.04,8,0.04
CMU_108_108_04_poses_120_jpos,mean,0.9821,,56,3.0
CMU_108_108_05_poses_120_jpos,0.0,1.0,1.52,8,1.52
CMU_108_108_05_poses_120_jpos,1.0,1.0,0.52,8,0.52
CMU_108_108_05_poses_120_jpos,2.0,1.0,0.04,8,0.04
CMU_108_108_05_poses_120_jpos,3.0,1.0,0.04,8,0.04
CMU_108_108_05_poses_120_jpos,4.0,1.0,0.04,8,0.04
CMU_108_108_05_poses_120_jpos,6.0,1.0,0.04,8,0.04
CMU_108_108_05_poses_120_jpos,8.0,1.0,0.04,8,0.04
CMU_108_108_05_poses_120_jpos,mean,1.0,,56,3.0
CMU_108_108_06_poses_120_jpos,0.0,1.0,1.58,8,1.58
CMU_108_108_06_poses_120_jpos,1.0,1.0,0.58,8,0.58
CMU_108_108_06_poses_120_jpos,2.0,1.0,0.04,8,0.04
CMU_108_108_06_poses_120_jpos,3.0,1.0,0.04,8,0.04
CMU_108_108_06_poses_120_jpos,4.0,1.0,0.04,8,0.04
CMU_108_108_06_poses_120_jpos,6.0,1.0,0.04,8,0.04
CMU_108_108_06_poses_120_jpos,8.0,1.0,0.04,8,0.04
CMU_108_108_06_poses_120_jpos,mean,1.0,,56,3.0
CMU_108_108_07_poses_120_jpos,0.0,1.0,1.86,8,1.86
CMU_108_108_07_poses_120_jpos,1.0,0.75,0.762,8,0.84
CMU_108_108_07_poses_120_jpos,2.0,1.0,0.04,8,0.04
CMU_108_108_07_poses_120_jpos,3.0,1.0,0.04,8,0.04
CMU_108_108_07_poses_120_jpos,4.0,1.0,0.04,8,0.04
CMU_108_108_07_poses_120_jpos,6.0,1.0,0.04,8,0.04
CMU_108_108_07_poses_120_jpos,8.0,1.0,0.04,8,0.04
CMU_108_108_07_poses_120_jpos,mean,0.9643,,56,3.0
CMU_108_108_08_poses_120_jpos,0.0,1.0,1.88,8,1.88
CMU_108_108_08_poses_120_jpos,1.0,1.0,0.88,8,0.88
CMU_108_108_08_poses_120_jpos,2.0,1.0,0.04,8,0.04
CMU_108_108_08_poses_120_jpos,3.0,1.0,0.04,8,0.04
CMU_108_108_08_poses_120_jpos,4.0,1.0,0.04,8,0.04
CMU_108_108_08_poses_120_jpos,6.0,1.0,0.04,8,0.04
CMU_108_108_08_poses_120_jpos,8.0,1.0,0.04,8,0.04
CMU_108_108_08_poses_120_jpos,mean,1.0,,56,3.0
CMU_108_108_14_poses_120_jpos,0.0,1.0,1.44,8,1.44
CMU_108_108_14_poses_120_jpos,1.0,1.0,0.44,8,0.44
CMU_108_108_14_poses_120_jpos,2.0,1.0,0.04,8,0.04
CMU_108_108_14_poses_120_jpos,3.0,1.0,0.04,8,0.04
CMU_108_108_14_poses_120_jpos,4.0,1.0,0.04,8,0.04
CMU_108_108_14_poses_120_jpos,6.0,1.0,0.04,8,0.04
CMU_108_108_14_poses_120_jpos,8.0,1.0,0.04,8,0.04
CMU_108_108_14_poses_120_jpos,mean,1.0,,56,3.0
CMU_108_108_17_poses_120_jpos,0.0,0.0,0.9,8,1.92
CMU_108_108_17_poses_120_jpos,1.0,1.0,0.9,8,0.9
CMU_108_108_17_poses_120_jpos,2.0,1.0,0.04,8,0.04
CMU_108_108_17_poses_120_jpos,3.0,1.0,0.04,8,0.04
CMU_108_108_17_poses_120_jpos,4.0,1.0,0.04,8,0.04
CMU_108_108_17_poses_120_jpos,6.0,1.0,0.04,8,0.04
CMU_108_108_17_poses_120_jpos,8.0,1.0,0.04,8,0.04
CMU_108_108_17_poses_120_jpos,mean,0.8571,,56,3.0
CMU_108_108_19_poses_120_jpos,0.0,0.0,0.92,8,2.1
CMU_108_108_19_poses_120_jpos,1.0,0.0,0.142,8,1.12
CMU_108_108_19_poses_120_jpos,2.0,1.0,0.12,8,0.12
CMU_108_108_19_poses_120_jpos,3.0,1.0,0.04,8,0.04
CMU_108_108_19_poses_120_jpos,4.0,1.0,0.04,8,0.04
CMU_108_108_19_poses_120_jpos,6.0,1.0,0.04,8,0.04
CMU_108_108_19_poses_120_jpos,8.0,1.0,0.04,8,0.04
CMU_108_108_19_poses_120_jpos,mean,0.7143,,56,3.0
CMU_108_108_21_poses_120_jpos,0.0,1.0,3.0,8,3.0
CMU_108_108_21_poses_120_jpos,1.0,1.0,3.0,8,3.0
CMU_108_108_21_poses_120_jpos,2.0,1.0,2.12,8,2.12
CMU_108_108_21_poses_120_jpos,3.0,1.0,1.14,8,1.14
CMU_108_108_21_poses_120_jpos,4.0,1.0,0.14,8,0.14
CMU_108_108_21_poses_120_jpos,6.0,1.0,0.04,8,0.04
CMU_108_108_21_poses_120_jpos,8.0,1.0,0.04,8,0.04
CMU_108_108_21_poses_120_jpos,mean,1.0,,56,3.0
CMU_108_108_22_poses_120_jpos,0.0,1.0,3.0,8,3.0
CMU_108_108_22_poses_120_jpos,1.0,1.0,2.86,8,2.86
CMU_108_108_22_poses_120_jpos,2.0,1.0,1.86,8,1.86
CMU_108_108_22_poses_120_jpos,3.0,1.0,0.84,8,0.84
CMU_108_108_22_poses_120_jpos,4.0,1.0,0.04,8,0.04
CMU_108_108_22_poses_120_jpos,6.0,1.0,0.04,8,0.04
CMU_108_108_22_poses_120_jpos,8.0,1.0,0.04,8,0.04
CMU_108_108_22_poses_120_jpos,mean,1.0,,56,3.0
CMU_108_108_28_poses_120_jpos,0.0,1.0,3.0,8,3.0
CMU_108_108_28_poses_120_jpos,1.0,1.0,2.02,8,2.02
CMU_108_108_28_poses_120_jpos,2.0,1.0,1.02,8,1.02
CMU_108_108_28_poses_120_jpos,3.0,1.0,0.04,8,0.04
CMU_108_108_28_poses_120_jpos,4.0,1.0,0.04,8,0.04
CMU_108_108_28_poses_120_jpos,6.0,1.0,0.04,8,0.04
CMU_108_108_28_poses_120_jpos,8.0,1.0,0.04,8,0.04
CMU_108_108_28_poses_120_jpos,mean,1.0,,56,3.0
CMU_10_10_02_poses_120_jpos,0.0,0.375,2.862,8,3.0
CMU_10_10_02_poses_120_jpos,1.0,0.375,2.485,8,3.0
CMU_10_10_02_poses_120_jpos,2.0,0.25,1.577,8,2.9
CMU_10_10_02_poses_120_jpos,3.0,0.25,1.12,8,1.92
CMU_10_10_02_poses_120_jpos,4.0,1.0,0.9,8,0.9
CMU_10_10_02_poses_120_jpos,6.0,1.0,0.04,8,0.04
CMU_10_10_02_poses_120_jpos,8.0,1.0,0.04,8,0.04
CMU_10_10_02_poses_120_jpos,mean,0.6071,,56,3.0
CMU_10_10_05_poses_120_jpos,0.0,1.0,3.0,8,3.0
CMU_10_10_05_poses_120_jpos,1.0,1.0,2.64,8,2.64
CMU_10_10_05_poses_120_jpos,2.0,0.5,1.235,8,1.64
CMU_10_10_05_poses_120_jpos,3.0,1.0,0.64,8,0.64
CMU_10_10_05_poses_120_jpos,4.0,1.0,0.04,8,0.04
CMU_10_10_05_poses_120_jpos,6.0,1.0,0.04,8,0.04
CMU_10_10_05_poses_120_jpos,8.0,1.0,0.04,8,0.04
CMU_10_10_05_poses_120_jpos,mean,0.9286,,56,3.0
CMU_118_118_18_poses_120_jpos,0.0,1.0,3.0,8,3.0
CMU_118_118_18_poses_120_jpos,1.0,1.0,3.0,8,3.0
CMU_118_118_18_poses_120_jpos,2.0,1.0,2.92,8,2.92
CMU_118_118_18_poses_120_jpos,3.0,1.0,1.94,8,1.94
CMU_118_118_18_poses_120_jpos,4.0,1.0,0.94,8,0.94
CMU_118_118_18_poses_120_jpos,6.0,1.0,0.04,8,0.04
CMU_118_118_18_poses_120_jpos,8.0,1.0,0.04,8,0.04
CMU_118_118_18_poses_120_jpos,mean,1.0,,56,3.0
CMU_118_118_21_poses_120_jpos,0.0,1.0,3.0,8,3.0
CMU_118_118_21_poses_120_jpos,1.0,1.0,3.0,8,3.0
CMU_118_118_21_poses_120_jpos,2.0,1.0,3.0,8,3.0
CMU_118_118_21_poses_120_jpos,3.0,1.0,3.0,8,3.0
CMU_118_118_21_poses_120_jpos,4.0,1.0,2.28,8,2.28
CMU_118_118_21_poses_120_jpos,6.0,1.0,0.28,8,0.28
CMU_118_118_21_poses_120_jpos,8.0,1.0,0.04,8,0.04
CMU_118_118_21_poses_120_jpos,mean,1.0,,56,3.0
CMU_118_118_22_poses_120_jpos,0.0,0.0,2.503,8,3.0
CMU_118_118_22_poses_120_jpos,1.0,0.0,1.507,8,3.0
CMU_118_118_22_poses_120_jpos,2.0,0.0,0.512,8,3.0
CMU_118_118_22_poses_120_jpos,3.0,1.0,2.38,8,2.38
CMU_118_118_22_poses_120_jpos,4.0,1.0,1.4,8,1.4
CMU_118_118_22_poses_120_jpos,6.0,1.0,0.04,8,0.04
CMU_118_118_22_poses_120_jpos,8.0,1.0,0.04,8,0.04
CMU_118_118_22_poses_120_jpos,mean,0.5714,,56,3.0
