name,frames,duration_s,fps,com_speed_mean,com_speed_p95,com_height_range,com_height_std,angmom_mean,angmom_peak,joint_vel_p95,joint_vel_max,jerk_p95,flight_phase_frac,nonfoot_contact_frac,nonfoot_ground_frac,double_support_frac,foot_clearance_p1,foot_clearance_p50,foot_penetration_max,body_penetration_max,contact_switch_rate,support_margin_mean,support_margin_min,required_mu_p50,required_mu_p95,vert_force_bw_p95,vert_force_bw_max,cop_margin_mean,cop_margin_min
aiming1_subject1,11972,239.44,50.0,0.5487,1.0633,0.2577,0.0473,0.8518,4.0421,2.1017,13.9972,1078.31,0.1931,0.0,0.0,0.25,-0.00626,0.01512,0.02082,0.02082,3.3244,-0.2046,-0.5,0.0755,0.1995,1.1926,1.3683,-0.1393,-0.5062
aiming1_subject4,11972,239.44,50.0,0.4773,0.981,0.7036,0.2277,0.8935,5.2272,2.0045,26.8192,1191.0,0.3755,0.1793,0.3135,0.0461,0.00014,0.0212,0.08183,0.24547,2.368,-0.3934,-0.7764,0.0835,0.2583,1.2384,1.4458,-0.2449,-0.777
aiming2_subject2,15285,305.7,50.0,1.1809,3.1283,0.2874,0.0453,1.2074,6.4075,3.5046,17.6798,2236.92,0.4071,0.0,0.0007,0.1168,-0.0033,0.01812,0.02786,0.02786,5.0703,-0.2943,-0.5,0.1468,0.9321,1.5814,1.9964,-0.1759,-1.2062
aiming2_subject3,15285,305.7,50.0,0.682,1.7774,0.5212,0.0839,1.0343,8.0075,2.4184,13.7679,1415.01,0.4457,0.0,0.0437,0.2075,-0.03402,0.01871,0.05518,0.19536,3.3366,-0.3205,-0.5747,0.113,0.4271,1.3583,1.7798,-0.1585,-0.5302
aiming2_subject5,15285,305.7,50.0,0.9121,2.1308,0.4265,0.054,1.2241,5.5416,2.7815,15.8947,1521.27,0.4184,0.0,0.0003,0.108,-0.00671,0.01844,0.03379,0.03379,4.2035,-0.3099,-0.5248,0.1337,0.4694,1.3342,2.096,-0.1842,-0.7016
dance1_subject1,6574,131.48,50.0,0.7254,1.5101,0.628,0.0534,1.5431,23.7118,5.2602,41.3333,3510.49,0.2388,0.0008,0.0084,0.146,-0.01143,0.01483,0.06915,0.08027,5.2251,-0.237,-0.5335,0.173,0.9286,1.7594,2.3587,-0.2503,-3.2037
dance1_subject2,6574,131.48,50.0,0.4407,1.0107,0.5295,0.054,1.7649,34.8096,7.4566,50.5204,6464.9,0.374,0.0,0.012,0.1343,-0.02406,0.01551,0.05947,0.05947,4.7155,-0.2583,-0.5,0.2248,1.1803,1.5895,3.3159,-0.2786,-3.0344
dance1_subject3,6574,131.48,50.0,0.4461,1.0215,0.2895,0.0423,0.9384,17.7758,3.7629,36.0077,2396.88,0.6333,0.0,0.0005,0.0779,-0.00762,0.02323,0.01811,0.01811,2.6544,-0.3805,-0.53,0.1628,0.574,1.6031,2.2804,-0.2133,-0.5417
dance2_subject1,11284,225.68,50.0,0.6119,1.3905,0.7584,0.0628,1.7327,23.3301,5.8317,39.6958,4234.15,0.3586,0.0,0.0054,0.1334,-0.01472,0.01533,0.07732,0.07732,4.5463,-0.2816,-0.5122,0.2152,1.0235,1.8051,2.5706,-0.2472,-3.4662
dance2_subject2,11284,225.68,50.0,0.5156,1.0343,0.448,0.0567,1.5997,32.9511,6.0703,44.3614,4603.13,0.4695,0.0,0.0064,0.1341,-0.02032,0.01907,0.0743,0.0743,4.5108,-0.3049,-0.5,0.1772,0.902,1.7167,2.6314,-0.2379,-3.1524
dance2_subject3,11284,225.68,50.0,0.3516,0.7907,0.4918,0.0425,1.0435,16.7681,4.2917,36.3445,2681.66,0.571,0.0,0.0,0.0897,0.00408,0.02137,0.01928,0.01928,4.1608,-0.3497,-0.5048,0.1602,0.8029,1.9292,3.4614,-0.191,-0.7184
dance2_subject4,11284,225.68,50.0,0.3654,0.8711,0.8082,0.0674,1.3094,23.2222,5.5527,39.9388,4259.87,0.6865,0.0013,0.0067,0.0817,-0.00332,0.02497,0.08441,0.15332,3.6999,-0.397,-0.5,0.2146,1.1788,1.9505,3.3732,-0.1832,-0.7816
dance2_subject5,11284,225.68,50.0,0.5959,1.1726,0.3464,0.0462,1.1815,23.0022,4.1108,37.6415,2575.65,0.322,0.0,0.0004,0.1836,-0.00129,0.01707,0.03578,0.03578,5.6186,-0.267,-0.5,0.1531,0.799,1.9367,2.719,-0.1818,-0.7924
fallAndGetUp1_subject1,8410,168.2,50.0,0.6431,2.1821,0.7099,0.2614,1.3165,11.9051,4.0435,24.0497,2696.14,0.1535,0.0674,0.42,0.2979,-0.05773,0.01177,0.09259,0.16961,3.6445,-0.3366,-0.7323,0.1285,0.443,1.394,1.8861,-0.2785,-0.7744
fallAndGetUp1_subject4,8410,168.2,50.0,0.5269,2.3058,0.6674,0.2526,1.1807,29.6249,3.4893,48.9377,2854.52,0.2806,0.1019,0.541,0.3532,-0.13749,0.01455,0.2067,0.23112,2.7943,-0.349,-0.7126,0.1096,0.6521,1.3343,2.2429,-0.2662,-1.8897
fallAndGetUp1_subject5,8410,168.2,50.0,0.7647,2.5734,0.6821,0.2129,1.4071,8.4497,4.2144,35.7805,3233.86,0.3002,0.0737,0.4099,0.2732,-0.05549,0.01479,0.12435,0.19207,3.5493,-0.3123,-0.7024,0.1525,0.8204,1.3672,1.9574,-0.2565,-2.6477
fallAndGetUp2_subject2,8195,163.9,50.0,0.5663,3.0375,0.7306,0.26,1.164,8.7259,3.5097,19.0593,2838.61,0.2369,0.0776,0.4997,0.3664,-0.05051,0.01163,0.09082,0.16488,3.0567,-0.3381,-0.7369,0.0887,0.698,1.3872,2.4071,-0.3029,-1.4829
fallAndGetUp2_subject3,8195,163.9,50.0,0.2635,0.7924,0.8157,0.2608,0.9156,9.3525,2.3954,21.563,1872.83,0.2799,0.1373,0.6133,0.3513,-0.07467,0.01486,0.13984,0.16152,1.5192,-0.4355,-0.7456,0.0701,0.3984,1.2963,1.7645,-0.3896,-1.4247
fallAndGetUp3_subject1,5109,102.18,50.0,0.5226,1.3238,0.6828,0.2051,1.2238,21.7015,3.8333,45.0622,2825.16,0.1652,0.0211,0.2251,0.3228,-0.05137,0.01358,0.14069,0.41219,3.6015,-0.2285,-0.7049,0.1089,0.5755,1.4377,1.9952,-0.1874,-1.0808
fight1_subject2,12244,244.88,50.0,1.0323,2.3234,0.7595,0.0698,1.7363,38.9988,4.3511,36.3622,3370.01,0.5013,0.0,0.0106,0.1188,-0.02503,0.02004,0.05852,0.05852,5.1944,-0.3282,-0.5622,0.242,1.1636,1.8314,2.4596,-0.2026,-1.7483
fight1_subject3,12244,244.88,50.0,0.7331,2.0172,0.9959,0.0896,1.4861,33.4118,3.7886,63.2213,3082.94,0.6174,0.0071,0.0266,0.1505,-0.02416,0.02319,0.09604,0.09604,4.2674,-0.3821,-0.6897,0.2301,1.5444,1.8175,2.5899,-0.2797,-1.8328
fight1_subject5,12244,244.88,50.0,0.9387,1.767,0.617,0.0532,1.4408,16.993,3.697,36.5179,2522.82,0.2939,0.0,0.0032,0.1517,-0.01192,0.01581,0.06733,0.06733,5.4067,-0.273,-0.5259,0.2342,0.7987,1.5843,2.7208,-0.209,-0.9494
fightAndSports1_subject1,12257,245.14,50.0,0.864,2.1977,0.7365,0.0945,1.4253,9.5729,4.0563,35.428,2938.18,0.1828,0.0,0.0232,0.2635,-0.05327,0.00946,0.09629,0.09629,5.1032,-0.229,-0.559,0.2554,0.9819,1.8641,2.7525,-0.2223,-4.9183
fightAndSports1_subject4,12257,245.14,50.0,0.5633,1.3399,0.8571,0.0815,1.4845,34.306,4.0011,47.9046,2732.36,0.4654,0.0,0.0094,0.1532,-0.02561,0.01933,0.12984,0.12984,3.8427,-0.3263,-0.5539,0.1696,0.6536,1.5452,5.6817,-0.2178,-1.1703
ground1_subject1,7902,158.04,50.0,0.1781,0.5863,0.6793,0.1611,0.7115,5.9105,2.2205,29.8339,1090.89,0.0389,0.3035,0.925,0.058,-0.02183,0.00709,0.05139,0.17149,1.4553,-0.4422,-0.7507,0.0603,0.2185,1.1469,1.4494,-0.4139,-0.7674
ground1_subject4,7902,158.04,50.0,0.343,1.1674,0.6743,0.1732,0.8044,9.2346,2.71,24.7647,2040.54,0.1767,0.4074,0.7702,0.0881,-0.02109,0.0227,0.06538,0.11815,2.126,-0.4868,-0.7696,0.089,0.3931,1.2217,1.5461,-0.4622,-0.8468
ground1_subject5,7902,158.04,50.0,0.3892,0.9374,0.6547,0.1289,1.2246,5.9374,2.9985,17.5942,2351.99,0.0963,0.7264,0.8578,0.0468,-0.05329,0.03711,0.08414,0.16797,1.1769,-0.4711,-0.7147,0.1015,0.3331,1.214,1.5083,-0.3823,-0.8523
ground2_subject2,9249,184.98,50.0,0.4229,1.1384,0.9158,0.1577,1.6032,17.4215,3.5424,36.1972,2972.22,0.1151,0.0954,0.6723,0.4832,-0.06303,-0.00144,0.18638,0.27637,2.4435,-0.269,-0.6805,0.1286,0.6359,1.4211,2.2444,-0.2993,-6.5269
ground2_subject3,9249,184.98,50.0,0.3632,1.0507,0.8244,0.2004,1.1421,8.0166,2.5781,18.528,2094.92,0.1787,0.2465,0.7376,0.3218,-0.0593,0.01676,0.09087,0.18915,2.5516,-0.3753,-0.7169,0.1096,0.4608,1.3978,2.8715,-0.3019,-1.14
jumps1_subject1,12222,244.44,50.0,0.8647,1.8376,0.5004,0.0654,1.0951,16.8862,4.1402,32.6662,2669.61,0.3486,0.0,0.0,0.1818,-0.01138,0.01607,0.02668,0.02668,4.5819,-0.2684,-0.5,0.1665,0.8477,2.2332,3.4097,-0.1568,-0.7508
jumps1_subject2,12222,244.44,50.0,0.6484,1.7047,0.7912,0.2243,1.117,7.1541,3.0756,16.8453,2009.03,0.5285,0.0886,0.1795,0.0622,-0.02858,0.02277,0.07882,0.16567,3.2687,-0.4096,-0.7731,0.1361,0.7854,1.721,3.4198,-0.2817,-1.0473
jumps1_subject5,12222,244.44,50.0,0.645,1.5595,0.3386,0.0519,0.9567,5.1068,3.5753,18.3934,2348.79,0.6494,0.0,0.0,0.0435,0.00311,0.02347,0.00674,0.00674,3.1378,-0.3699,-0.5,0.149,1.0647,2.2133,3.4754,-0.1544,-0.4822
multipleActions1_subject1,7644,152.88,50.0,0.8573,2.7306,1.1077,0.2032,1.2937,33.0683,3.8638,38.6811,2062.95,0.2274,0.0043,0.1363,0.1868,-0.05852,0.01401,0.13568,0.15563,3.6303,-0.2852,-0.7244,0.127,0.8605,1.6451,2.8335,-0.2381,-0.9597
multipleActions1_subject2,7644,152.88,50.0,0.9858,2.5784,0.7116,0.1245,1.2973,5.9462,3.5168,15.6856,1988.08,0.5493,0.0033,0.0466,0.0739,-0.02716,0.02096,0.05851,0.17356,4.8077,-0.3622,-0.7138,0.1545,0.8715,1.4324,2.1318,-0.1838,-0.7806
multipleActions1_subject3,7644,152.88,50.0,1.1059,2.9317,0.7933,0.197,1.4162,9.2808,3.9339,23.7804,2440.32,0.7173,0.0122,0.1485,0.1189,-0.03624,0.02607,0.09236,0.14808,2.3613,-0.4376,-0.6774,0.1979,1.2227,1.588,2.8723,-0.3,-0.9698
multipleActions1_subject4,7644,152.88,50.0,0.4564,1.2617,0.8211,0.1686,0.8801,6.6329,2.5381,14.6062,1246.5,0.5357,0.0031,0.1033,0.1651,-0.07909,0.02098,0.13919,0.17108,2.3286,-0.3656,-0.7511,0.1035,0.4093,1.3344,1.7778,-0.1921,-0.7992
obstacles1_subject1,8984,179.68,50.0,0.741,1.4813,2.1532,0.4334,0.9968,5.7099,3.4379,16.6452,1891.45,0.5567,0.0,0.0,0.0336,-0.00561,0.02195,0.03536,0.03536,2.8106,-0.36,-0.5033,0.107,0.3251,1.4134,2.8101,-0.1976,-0.6473
obstacles1_subject2,8984,179.68,50.0,0.904,1.7475,1.299,0.3044,1.3391,6.0307,4.1283,21.6601,2447.76,0.7209,0.0,0.0,0.0306,0.0013,0.0304,0.00897,0.00897,3.2168,-0.4011,-0.5,0.1616,0.4999,1.6133,2.8262,-0.167,-0.5551
obstacles1_subject5,8984,179.68,50.0,0.6333,1.3444,1.2331,0.2583,1.221,16.1301,3.0794,39.1102,1590.01,0.7122,0.0,0.0003,0.0152,0.00198,0.14965,0.03274,0.03274,1.7976,-0.4122,-0.5,0.1296,0.3599,1.4974,2.9755,-0.1776,-0.4702
obstacles2_subject1,12204,244.08,50.0,0.5726,1.957,1.3528,0.2768,0.8758,4.2287,3.0015,19.6132,1623.72,0.4392,0.0,0.0014,0.1649,-0.00922,0.01843,0.04799,0.04799,2.8679,-0.3016,-0.5067,0.097,0.3844,1.4023,2.2951,-0.1458,-0.4621
obstacles2_subject2,12204,244.08,50.0,0.8627,2.37,1.1181,0.1502,1.2996,29.7049,3.7802,51.3987,2312.81,0.5815,0.0,0.0146,0.0617,-0.04365,0.02233,0.10038,0.10038,3.1793,-0.3621,-0.5253,0.143,0.8445,1.642,2.6334,-0.1461,-1.953
obstacles2_subject5,12204,244.08,50.0,0.8658,2.17,0.804,0.1932,1.278,19.2591,3.6751,30.8973,1966.84,0.7341,0.0,0.003,0.0047,-0.01171,0.11465,0.02892,0.02892,1.6757,-0.4253,-0.5118,0.1571,0.5309,1.5999,2.2992,-0.2278,-0.7125
obstacles3_subject3,6554,131.08,50.0,0.6506,1.9682,0.7582,0.108,0.8018,3.7335,2.569,15.4273,1515.48,0.7746,0.0,0.0003,0.0563,-0.0297,0.02559,0.0324,0.0324,1.6555,-0.4073,-0.5,0.08,0.6582,2.173,3.0441,-0.1125,-0.4284
obstacles3_subject4,6554,131.08,50.0,1.2797,2.6979,1.1675,0.2794,1.1278,5.3015,4.3073,19.0248,2631.04,0.7557,0.0,0.0,0.0053,0.00042,0.02998,0.00528,0.00528,2.4489,-0.4295,-0.5233,0.1621,0.7737,1.6858,2.5843,-0.1598,-0.4165
obstacles4_subject2,12334,246.68,50.0,0.4785,1.254,2.2554,0.5277,0.9647,5.8058,2.855,31.5884,1475.56,0.6778,0.0,0.0,0.0708,0.00537,0.03226,0.0181,0.0181,1.7026,-0.3698,-0.5,0.0908,0.3119,1.5171,1.8551,-0.1105,-0.3707
obstacles4_subject3,12334,246.68,50.0,0.5553,1.5136,1.4961,0.3074,0.9435,43.7036,3.2004,48.3456,2152.41,0.8123,0.0678,0.0887,0.0319,-0.0409,0.03556,0.08238,0.15075,1.3418,-0.4579,-0.5,0.1071,0.8595,1.8809,4.9924,-0.1632,-0.4478
obstacles4_subject4,12334,246.68,50.0,0.8563,2.3902,0.8373,0.1308,1.1202,37.213,3.4804,47.587,2314.03,0.7736,0.0,0.0092,0.0234,-0.01079,0.02896,0.11321,0.11321,1.9823,-0.4338,-0.5573,0.1083,0.5948,1.4612,2.726,-0.1806,-0.7848
obstacles5_subject2,12309,246.18,50.0,0.5703,1.6152,1.4917,0.372,1.1414,20.7242,3.201,29.1642,2007.15,0.5853,0.05,0.3076,0.0808,-0.02911,0.02823,0.07327,0.15957,2.0148,-0.4206,-0.559,0.1154,0.3714,1.4029,2.4831,-0.3087,-0.6064
obstacles5_subject3,12309,246.18,50.0,0.8804,2.7428,2.7888,0.4089,1.0653,26.5186,3.469,36.1498,2299.63,0.8553,0.0229,0.028,0.0102,0.00629,0.03179,0.022,0.15458,1.6939,-0.4618,-0.5495,0.1269,0.8099,1.9686,3.2234,-0.1654,-0.9003
obstacles5_subject4,12309,246.18,50.0,0.4823,1.2218,0.6084,0.1848,0.9326,20.0297,2.1889,29.8054,1916.02,0.4184,0.0229,0.3474,0.3179,-0.10484,0.01725,0.13896,0.24579,2.0229,-0.2937,-0.5,0.0921,0.3887,1.2268,2.2306,-0.1718,-2.213
obstacles6_subject1,12584,251.68,50.0,0.6149,1.9191,1.3357,0.2996,1.1498,8.4584,2.9589,22.2035,2017.76,0.5424,0.0288,0.0738,0.1229,-0.04729,0.0228,0.14248,0.14248,2.4674,-0.358,-0.5289,0.0924,0.4499,1.3632,2.3013,-0.1603,-0.7696
obstacles6_subject4,12584,251.68,50.0,0.4697,1.0678,1.3546,0.2371,1.245,25.4613,2.8957,35.9604,2633.34,0.7029,0.0354,0.1404,0.0985,-0.07453,0.03229,0.17204,0.21273,1.3152,-0.4193,-0.7005,0.1105,0.4153,1.2566,1.77,-0.2065,-1.6935
obstacles6_subject5,12584,251.68,50.0,0.6387,1.2462,0.9978,0.1802,1.3552,9.8499,2.9812,15.6683,2361.45,0.775,0.0,0.0037,0.037,-0.01196,0.02927,0.06397,0.06397,2.078,-0.4216,-0.5,0.1257,0.3572,1.3925,1.8922,-0.1894,-0.4693
push1_subject2,5109,102.18,50.0,0.4007,0.9039,0.5131,0.1779,0.7512,4.2877,2.3324,11.5113,1267.61,0.3789,0.0023,0.25,0.212,-0.04159,0.01765,0.06373,0.17796,2.8088,-0.3038,-0.5,0.0882,0.234,1.1714,1.3423,-0.1666,-0.4798
pushAndFall1_subject1,8264,165.28,50.0,0.6031,1.1456,0.6538,0.1066,1.1373,39.1318,3.6009,43.1283,2179.67,0.1764,0.0128,0.0624,0.1884,-0.02256,0.01503,0.07555,0.14841,4.1324,-0.2285,-0.6708,0.1042,0.3624,1.362,1.659,-0.1678,-0.8744
pushAndFall1_subject4,8264,165.28,50.0,0.5607,1.288,0.8269,0.227,1.4845,27.3758,3.7917,53.861,2791.79,0.5191,0.0651,0.2565,0.1122,-0.08097,0.02198,0.191,0.25673,2.8316,-0.3893,-0.7313,0.1048,0.6882,1.2835,4.7026,-0.2622,-0.9978
pushAndStumble1_subject2,11334,226.68,50.0,0.8386,2.2073,0.7166,0.1183,1.2014,8.8369,3.6883,22.7755,2218.97,0.4109,0.0071,0.0579,0.0995,-0.03815,0.0184,0.09749,0.17628,4.3674,-0.3118,-0.5994,0.1465,0.7811,1.5362,2.7202,-0.1921,-1.1987
pushAndStumble1_subject3,11334,226.68,50.0,0.9692,2.6969,0.8947,0.11,1.5785,36.8833,3.7777,40.4494,2218.78,0.6959,0.019,0.0476,0.0272,-0.01607,0.02464,0.118,0.38117,3.0086,-0.4098,-0.6054,0.1509,0.8489,1.6739,3.397,-0.2306,-1.3189
pushAndStumble1_subject5,11334,226.68,50.0,1.0486,2.6325,0.3602,0.0427,1.133,35.9902,4.037,41.3156,2257.59,0.5452,0.0005,0.0106,0.0301,-0.01265,0.02086,0.11906,0.11906,3.9924,-0.3565,-0.5058,0.156,0.8708,1.4048,1.8003,-0.2362,-4.7816
run1_subject2,11890,237.8,50.0,1.4456,3.0947,0.361,0.0439,1.2602,7.8476,4.6963,22.9613,3106.77,0.5463,0.0,0.0024,0.0302,-0.00641,0.02102,0.03448,0.03448,5.4289,-0.3466,-0.5292,0.2361,1.3102,1.7611,2.2195,-0.2357,-3.0418
run1_subject5,11890,237.8,50.0,1.8369,3.2048,0.3682,0.051,1.4444,5.2414,5.0391,20.5867,3213.0,0.4443,0.0,0.0034,0.0341,-0.01139,0.01868,0.03475,0.03475,5.4542,-0.3589,-0.5697,0.36,1.1099,1.7205,2.1438,-0.2536,-1.0801
run2_subject1,12240,244.8,50.0,1.654,3.1617,0.3171,0.049,1.4334,6.0995,5.1636,23.748,3301.35,0.2486,0.0,0.0019,0.1158,-0.01445,0.01203,0.06682,0.06682,5.0613,-0.2668,-0.5674,0.248,1.1864,1.852,2.1883,-0.2396,-4.3764
run2_subject4,12240,244.8,50.0,1.8061,3.5644,0.3338,0.0493,1.2833,6.5784,5.1945,20.7601,3715.36,0.6495,0.0,0.0002,0.0137,-0.00081,0.02346,0.02379,0.02379,4.7222,-0.4163,-0.5597,0.2645,1.2781,1.8545,2.2189,-0.2593,-3.5178
sprint1_subject2,13655,273.1,50.0,1.1517,4.1954,0.2936,0.0433,1.0043,7.8976,4.2692,21.7818,2819.51,0.5384,0.0,0.0051,0.0287,-0.0124,0.02086,0.08681,0.08681,3.7202,-0.3343,-0.5537,0.0952,1.0324,1.6557,2.2637,-0.2204,-4.2203
sprint1_subject4,13655,273.1,50.0,1.1485,4.7658,0.3212,0.0558,1.0054,9.3419,5.0257,31.0552,3866.5,0.72,0.0,0.0017,0.0166,-0.00762,0.02654,0.04005,0.04005,3.3248,-0.4242,-0.5833,0.0947,1.0368,1.5277,2.7803,-0.2023,-1.0728
walk1_subject1,13065,261.3,50.0,0.5969,1.5192,0.1632,0.0222,0.757,2.7733,2.0815,18.8932,983.96,0.2131,0.0,0.0,0.1157,-0.00613,0.01478,0.01724,0.01724,3.1764,-0.2439,-0.5,0.0735,0.1938,1.2689,1.5417,-0.1815,-0.5317
walk1_subject2,13065,261.3,50.0,0.9148,1.5902,0.1329,0.0201,0.9713,3.4415,3.0584,12.2117,1565.13,0.4993,0.0,0.0,0.071,0.00421,0.01999,0.00621,0.00621,4.7417,-0.328,-0.5,0.1223,0.3628,1.3978,1.8452,-0.1395,-0.5559
walk1_subject5,13065,261.3,50.0,0.9299,1.5105,0.2108,0.0267,1.315,4.4401,3.2102,13.1534,1502.35,0.514,0.0,0.0,0.0395,0.00523,0.02017,0.01496,0.01496,4.7532,-0.3539,-0.5,0.1871,0.4772,1.359,1.6703,-0.1791,-0.5803
walk2_subject1,11909,238.18,50.0,0.6589,1.65,0.5146,0.0627,0.975,6.1582,3.5278,27.7439,2257.26,0.4291,0.0,0.0049,0.1106,-0.01709,0.0186,0.06872,0.06872,3.9718,-0.3071,-0.5,0.1148,0.4232,1.425,2.301,-0.1737,-0.6251
walk2_subject3,11909,238.18,50.0,0.5644,1.6728,0.6091,0.1095,0.8443,5.3213,2.6026,18.3305,1811.85,0.7801,0.0166,0.0565,0.0541,-0.04341,0.02704,0.08183,0.20742,1.5786,-0.4251,-0.5321,0.0936,0.4241,1.2976,1.7869,-0.1619,-0.662
walk2_subject4,11909,238.18,50.0,0.5863,1.3274,0.4057,0.0423,0.7962,6.0974,2.7368,21.2605,1594.03,0.7005,0.0,0.0,0.019,0.00807,0.02342,-0.0,-0.0,2.1706,-0.3885,-0.5,0.0748,0.4181,1.2504,1.8575,-0.12,-0.5482
walk3_subject1,12330,246.6,50.0,0.3587,0.783,0.6688,0.1565,0.8394,4.0986,2.6671,22.2598,1771.3,0.3021,0.0004,0.0943,0.2281,-0.04246,0.01574,0.08142,0.14816,3.8281,-0.2537,-0.5868,0.0962,0.3491,1.3623,1.7185,-0.1813,-0.9395
walk3_subject2,12330,246.6,50.0,0.7464,1.9001,0.177,0.0195,0.8148,3.0596,2.7313,14.2352,1644.28,0.5196,0.0,0.0,0.0286,0.005,0.02033,0.01728,0.01728,3.7753,-0.3188,-0.5,0.1057,0.3303,1.5746,2.255,-0.1306,-0.4696
walk3_subject3,12330,246.6,50.0,0.263,0.5826,0.5702,0.1867,0.5582,3.0016,1.7977,11.7157,1316.91,0.6632,0.2694,0.2914,0.0073,0.01357,0.02879,0.06409,0.10634,0.7218,-0.478,-0.5,0.0611,0.2659,1.1722,1.573,-0.1981,-0.5547
walk3_subject4,12330,246.6,50.0,0.6052,1.2949,0.7156,0.1828,0.7335,6.4613,2.5989,27.9911,1556.33,0.6524,0.0,0.1017,0.1148,-0.0378,0.02299,0.05474,0.20206,1.9586,-0.408,-0.6867,0.0877,0.2701,1.3286,1.8747,-0.2312,-1.1849
walk3_subject5,12330,246.6,50.0,0.8293,1.4952,0.2801,0.0352,1.1921,4.0605,2.8348,13.0296,1841.42,0.8357,0.0,0.0,0.0174,0.00101,0.02706,0.03202,0.03202,2.1695,-0.453,-0.5,0.1408,0.424,1.2885,1.7411,-0.186,-0.4897
walk4_subject1,8195,163.9,50.0,0.376,0.7679,0.2564,0.0211,0.5977,2.5789,2.1581,18.2427,1188.59,0.9074,0.0,0.0005,0.009,0.01008,0.02849,0.02447,0.02447,1.7755,-0.4647,-0.5,0.0776,0.2389,1.2261,1.5276,-0.1591,-0.2585
