iter,top1_prob
0,0.0673
1,0.0478
2,0.0488
3,0.0490
4,0.0513
5,0.0528
6,0.0525
7,0.0530
8,0.0544
9,0.0548
10,0.0548
11,0.0533
12,0.0526
13,0.0529
14,0.0529
15,0.0528
16,0.0519
17,0.0522
18,0.0535
19,0.0528
20,0.0509
21,0.0502
22,0.0509
23,0.0518
24,0.0526
25,0.0549
26,0.0550
27,0.0548
28,0.0552
29,0.0557
30,0.0575
31,0.0585
32,0.0587
33,0.0589
34,0.0590
35,0.0605
36,0.0612
37,0.0611
38,0.0616
39,0.0609
40,0.0605
41,0.0604
42,0.0603
43,0.0603
44,0.0605
45,0.0614
46,0.0622
47,0.0633
48,0.0641
49,0.0643
50,0.0644
51,0.0640
52,0.0643
53,0.0666
54,0.0669
55,0.0668
56,0.0682
57,0.0700
58,0.0699
59,0.0706
60,0.0702
61,0.0711
62,0.0706
63,0.0719
64,0.0721
65,0.0710
66,0.0708
67,0.0705
68,0.0698
69,0.0700
70,0.0699
71,0.0702
72,0.0710
73,0.0703
74,0.0694
75,0.0682
76,0.0690
77,0.0700
78,0.0697
79,0.0709
80,0.0716
81,0.0728
82,0.0734
83,0.0737
84,0.0741
85,0.0758
86,0.0767
87,0.0780
88,0.0787
89,0.0784
90,0.0773
91,0.0773
92,0.0792
93,0.0800
94,0.0812
95,0.0825
96,0.0828
97,0.0834
98,0.0857
99,0.0872
100,0.0881
101,0.0893
102,0.0895
103,0.0896
104,0.0885
105,0.0867
106,0.0867
107,0.0865
108,0.0870
109,0.0873
110,0.0869
111,0.0878
112,0.0876
113,0.0887
114,0.0899
115,0.0909
116,0.0918
117,0.0925
118,0.0927
119,0.0931
120,0.0956
121,0.0959
122,0.0952
123,0.0948
124,0.0967
125,0.0986
126,0.0996
127,0.0998
128,0.0993
129,0.0988
130,0.0970
131,0.0975
132,0.0988
133,0.0987
134,0.0992
135,0.0980
136,0.0983
137,0.0984
138,0.0999
139,0.0996
140,0.1003
141,0.1003
142,0.1000
143,0.1008
144,0.1019
145,0.1013
146,0.1023
147,0.1029
148,0.1033
149,0.1052
150,0.1063
151,0.1071
152,0.1059
153,0.1065
154,0.1074
155,0.1077
156,0.1094
157,0.1100
158,0.1097
159,0.1099
160,0.1096
161,0.1110
162,0.1113
163,0.1123
164,0.1114
165,0.1131
166,0.1140
167,0.1141
168,0.1145
169,0.1145
170,0.1144
171,0.1148
172,0.1141
173,0.1140
174,0.1149
175,0.1139
176,0.1166
177,0.1172
178,0.1180
179,0.1181
180,0.1171
181,0.1156
182,0.1154
183,0.1154
184,0.1154
185,0.1150
186,0.1151
187,0.1161
188,0.1154
189,0.1139
190,0.1144
191,0.1145
192,0.1142
193,0.1137
194,0.1137
195,0.1136
196,0.1131
197,0.1134
198,0.1143
199,0.1138
200,0.1135
201,0.1132
202,0.1130
203,0.1146
204,0.1168
205,0.1178
206,0.1179
207,0.1180
208,0.1187
209,0.1183
210,0.1183
211,0.1200
212,0.1201
213,0.1206
214,0.1224
215,0.1223
216,0.1244
217,0.1266
218,0.1259
219,0.1270
220,0.1274
221,0.1293
222,0.1316
223,0.1301
224,0.1294
225,0.1281
226,0.1278
227,0.1272
228,0.1275
229,0.1285
230,0.1283
231,0.1286
232,0.1295
233,0.1288
234,0.1305
235,0.1329
236,0.1330
237,0.1326
238,0.1339
239,0.1365
240,0.1385
241,0.1406
242,0.1409
243,0.1423
244,0.1440
245,0.1436
246,0.1444
247,0.1457
248,0.1473
249,0.1475
250,0.1474
251,0.1471
252,0.1470
253,0.1476
254,0.1466
255,0.1465
256,0.1468
257,0.1450
258,0.1450
259,0.1450
260,0.1453
261,0.1458
262,0.1464
263,0.1483
264,0.1492
265,0.1486
266,0.1488
267,0.1485
268,0.1488
269,0.1482
270,0.1470
271,0.1475
272,0.1469
273,0.1476
274,0.1473
275,0.1476
276,0.1476
277,0.1482
278,0.1496
279,0.1489
280,0.1495
281,0.1493
282,0.1491
283,0.1476
284,0.1489
285,0.1481
286,0.1493
287,0.1476
288,0.1473
289,0.1465
290,0.1467
291,0.1471
292,0.1491
293,0.1497
294,0.1500
295,0.1505
296,0.1505
297,0.1486
298,0.1497
299,0.1497
300,0.1513
301,0.1518
302,0.1510
303,0.1505
304,0.1507
305,0.1514
306,0.1510
307,0.1490
308,0.1502
309,0.1521
310,0.1542
311,0.1554
312,0.1562
313,0.1581
314,0.1586
315,0.1583
316,0.1577
317,0.1613
318,0.1618
319,0.1621
320,0.1630
321,0.1635
322,0.1635
323,0.1649
324,0.1647
325,0.1655
326,0.1661
327,0.1659
328,0.1676
329,0.1675
330,0.1678
331,0.1671
332,0.1704
333,0.1718
334,0.1730
335,0.1745
336,0.1770
337,0.1773
338,0.1780
339,0.1799
340,0.1776
341,0.1768
342,0.1779
343,0.1786
344,0.1773
345,0.1801
346,0.1824
347,0.1846
348,0.1865
349,0.1864
350,0.1881
351,0.1872
352,0.1885
353,0.1901
354,0.1907
355,0.1907
356,0.1917
357,0.1931
358,0.1949
359,0.1965
360,0.2001
361,0.2007
362,0.2020
363,0.2060
364,0.2101
365,0.2123
366,0.2114
367,0.2115
368,0.2124
369,0.2127
370,0.2141
371,0.2155
372,0.2187
373,0.2195
374,0.2183
375,0.2187
376,0.2197
377,0.2196
378,0.2209
379,0.2254
380,0.2266
381,0.2292
382,0.2324
383,0.2340
384,0.2354
385,0.2376
386,0.2406
387,0.2423
388,0.2408
389,0.2449
390,0.2473
391,0.2502
392,0.2491
393,0.2497
394,0.2526
395,0.2559
396,0.2582
397,0.2580
398,0.2601
399,0.2618
400,0.2635
401,0.2644
402,0.2672
403,0.2689
404,0.2688
405,0.2722
406,0.2747
407,0.2783
408,0.2795
409,0.2826
410,0.2832
411,0.2852
412,0.2883
413,0.2930
414,0.2952
415,0.2989
416,0.3006
417,0.3041
418,0.3039
419,0.3088
420,0.3121
421,0.3118
422,0.3153
423,0.3172
424,0.3206
425,0.3265
426,0.3274
427,0.3281
428,0.3346
429,0.3392
430,0.3370
431,0.3377
432,0.3371
433,0.3381
434,0.3337
435,0.3367
436,0.3408
437,0.3446
438,0.3451
439,0.3455
440,0.3483
441,0.3506
442,0.3517
443,0.3488
444,0.3449
445,0.3454
446,0.3477
447,0.3484
448,0.3516
449,0.3560
450,0.3564
451,0.3569
452,0.3596
453,0.3621
454,0.3604
455,0.3610
456,0.3651
457,0.3661
458,0.3608
459,0.3543
460,0.3531
461,0.3557
462,0.3575
463,0.3600
464,0.3554
465,0.3586
466,0.3613
467,0.3686
468,0.3707
469,0.3736
470,0.3746
471,0.3717
472,0.3697
473,0.3668
474,0.3714
475,0.3745
476,0.3756
477,0.3697
478,0.3687
479,0.3752
480,0.3770
481,0.3765
482,0.3759
483,0.3810
484,0.3851
485,0.3875
486,0.3918
487,0.3847
488,0.3763
489,0.3713
490,0.3672
491,0.3695
492,0.3598
493,0.3550
494,0.3535
495,0.3535
496,0.3534
497,0.3532
498,0.3560
499,0.3554
500,0.3499
501,0.3533
502,0.3454
503,0.3402
504,0.3311
505,0.3261
506,0.3178
507,0.3094
508,0.2981
509,0.2957
510,0.2945
511,0.2864
512,0.2748
513,0.2688
514,0.2618
515,0.2551
516,0.2515
517,0.2372
518,0.2267
519,0.2145
520,0.2111
521,0.2119
522,0.2051
523,0.2026
524,0.1948
525,0.1894
526,0.1899
527,0.1892
528,0.1933
529,0.1912
530,0.1994
531,0.2026
532,0.2022
533,0.2056
534,0.2094
535,0.2105
536,0.2123
537,0.2125
538,0.2089
539,0.2077
540,0.2117
541,0.2139
542,0.2178
543,0.2201
544,0.2165
545,0.2137
546,0.2127
547,0.2084
548,0.2063
549,0.2166
550,0.2182
551,0.2147
552,0.2130
553,0.2100
554,0.2089
555,0.2083
556,0.2085
557,0.2096
558,0.2093
559,0.2056
560,0.2065
561,0.2065
562,0.2053
563,0.2072
564,0.2068
565,0.2051
566,0.2028
567,0.1985
568,0.1952
569,0.1996
570,0.2020
571,0.2040
572,0.2044
573,0.2055
574,0.2076
575,0.2048
576,0.2052
577,0.2038
578,0.2022
579,0.1987
580,0.1992
581,0.2007
582,0.1969
583,0.1956
584,0.1937
585,0.1940
586,0.1953
587,0.1980
588,0.2001
589,0.1984
590,0.1974
591,0.1983
592,0.1982
593,0.2016
594,0.2039
595,0.2032
596,0.2018
597,0.1982
598,0.1991
599,0.1994
600,0.1992
601,0.1966
602,0.1951
603,0.1961
604,0.1905
605,0.1892
606,0.1921
607,0.1935
608,0.1941
609,0.1911
610,0.1898
611,0.1908
612,0.1897
613,0.1872
614,0.1851
615,0.1849
616,0.1839
617,0.1847
618,0.1828
619,0.1838
620,0.1844
621,0.1872
622,0.1898
623,0.1930
624,0.1930
625,0.1938
626,0.1986
627,0.2007
628,0.2042
629,0.2068
630,0.2118
631,0.2132
632,0.2170
633,0.2177
634,0.2171
635,0.2190
636,0.2213
637,0.2267
638,0.2292
639,0.2340
640,0.2372
641,0.2354
642,0.2368
643,0.2372
644,0.2385
645,0.2430
646,0.2455
647,0.2426
648,0.2407
649,0.2408
650,0.2368
651,0.2433
652,0.2471
653,0.2447
654,0.2516
655,0.2566
656,0.2582
657,0.2608
658,0.2606
659,0.2652
660,0.2679
661,0.2697
662,0.2701
663,0.2723
664,0.2713
665,0.2716
666,0.2684
667,0.2690
668,0.2740
669,0.2751
670,0.2743
671,0.2770
672,0.2806
673,0.2816
674,0.2862
675,0.2876
676,0.2872
677,0.2855
678,0.2856
679,0.2881
680,0.2885
681,0.2908
682,0.2884
683,0.2869
684,0.2855
685,0.2846
686,0.2820
687,0.2785
688,0.2819
689,0.2807
690,0.2749
691,0.2753
692,0.2779
693,0.2788
694,0.2736
695,0.2725
696,0.2770
697,0.2782
698,0.2802
699,0.2810
700,0.2773
701,0.2754
702,0.2731
703,0.2705
704,0.2702
705,0.2688
706,0.2674
707,0.2620
708,0.2559
709,0.2551
710,0.2508
711,0.2462
712,0.2419
713,0.2373
714,0.2374
715,0.2374
716,0.2376
717,0.2336
718,0.2295
719,0.2258
720,0.2284
721,0.2307
722,0.2308
723,0.2349
724,0.2362
725,0.2403
726,0.2396
727,0.2406
728,0.2370
729,0.2346
730,0.2370
731,0.2394
732,0.2432
733,0.2452
734,0.2460
735,0.2417
736,0.2403
737,0.2387
738,0.2392
739,0.2429
740,0.2423
741,0.2430
742,0.2383
743,0.2371
744,0.2385
745,0.2396
746,0.2375
747,0.2372
748,0.2427
749,0.2379
750,0.2358
751,0.2310
752,0.2279
753,0.2260
754,0.2291
755,0.2280
756,0.2252
757,0.2239
758,0.2233
759,0.2290
760,0.2284
761,0.2293
762,0.2334
763,0.2338
764,0.2376
765,0.2405
766,0.2421
767,0.2494
768,0.2542
769,0.2574
770,0.2561
771,0.2602
772,0.2625
773,0.2635
774,0.2647
775,0.2650
776,0.2663
777,0.2714
778,0.2830
779,0.2925
780,0.3006
781,0.3069
782,0.3123
783,0.3163
784,0.3218
785,0.3287
786,0.3367
787,0.3457
788,0.3494
789,0.3532
790,0.3532
791,0.3596
792,0.3666
793,0.3751
794,0.3826
795,0.3897
796,0.3962
797,0.4005
798,0.4093
799,0.4219
800,0.4310
801,0.4363
802,0.4389
803,0.4410
804,0.4458
805,0.4514
806,0.4544
807,0.4575
808,0.4642
809,0.4665
810,0.4660
811,0.4688
812,0.4728
813,0.4785
814,0.4802
815,0.4810
816,0.4823
817,0.4836
818,0.4820
819,0.4759
820,0.4793
821,0.4867
822,0.4859
823,0.4859
824,0.4830
825,0.4807
826,0.4836
827,0.4807
828,0.4774
829,0.4752
830,0.4727
831,0.4723
832,0.4642
833,0.4601
834,0.4578
835,0.4555
836,0.4535
837,0.4522
838,0.4476
839,0.4409
840,0.4337
841,0.4214
842,0.4107
843,0.3972
844,0.3956
845,0.4053
846,0.4149
847,0.4169
848,0.4260
849,0.4330
850,0.4416
851,0.4456
852,0.4541
853,0.4600
854,0.4672
855,0.4723
856,0.4835
857,0.4925
858,0.5050
859,0.5157
860,0.5238
861,0.5362
862,0.5431
863,0.5514
864,0.5646
865,0.5744
866,0.5822
867,0.5947
868,0.5959
869,0.5998
870,0.6094
871,0.6092
872,0.6161
873,0.6189
874,0.6246
875,0.6347
876,0.6414
877,0.6498
878,0.6531
879,0.6596
880,0.6630
881,0.6619
882,0.6619
883,0.6651
884,0.6662
885,0.6682
886,0.6719
887,0.6759
888,0.6809
889,0.6850
890,0.6872
891,0.6901
892,0.6893
893,0.6936
894,0.6962
895,0.6966
896,0.6999
897,0.7041
898,0.7080
899,0.7109
900,0.7080
901,0.7058
902,0.7067
903,0.7058
904,0.7099
905,0.7112
906,0.7123
907,0.7074
908,0.7052
909,0.7011
910,0.6999
911,0.6983
912,0.6988
913,0.7005
914,0.7011
915,0.6970
916,0.6959
917,0.6956
918,0.6913
919,0.6851
920,0.6829
921,0.6823
922,0.6822
923,0.6806
924,0.6788
925,0.6749
926,0.6667
927,0.6603
928,0.6566
929,0.6531
930,0.6489
931,0.6426
932,0.6363
933,0.6320
934,0.6301
935,0.6199
936,0.6119
937,0.6033
938,0.5944
939,0.5948
940,0.5840
941,0.5729
942,0.5634
943,0.5534
944,0.5426
945,0.5325
946,0.5268
947,0.5195
948,0.5060
949,0.4940
950,0.4836
951,0.4679
952,0.4544
953,0.4432
954,0.4293
955,0.4185
956,0.4008
957,0.3895
958,0.3752
959,0.3595
960,0.3477
961,0.3390
962,0.3412
963,0.3460
964,0.3515
965,0.3591
966,0.3663
967,0.3705
968,0.3782
969,0.3913
970,0.3987
971,0.4029
972,0.4016
973,0.4071
974,0.4170
975,0.4236
976,0.4346
977,0.4406
978,0.4402
979,0.4422
980,0.4448
981,0.4475
982,0.4558
983,0.4597
984,0.4629
985,0.4661
986,0.4680
987,0.4742
988,0.4746
989,0.4764
990,0.4849
991,0.4855
992,0.4830
993,0.4822
994,0.4852
995,0.4913
996,0.4953
997,0.5012
998,0.5066
999,0.5069
1000,0.5065
1001,0.5044
1002,0.5090
1003,0.5149
1004,0.5163
1005,0.5159
1006,0.5170
1007,0.5197
1008,0.5203
1009,0.5261
1010,0.5280
1011,0.5255
1012,0.5328
1013,0.5373
1014,0.5425
1015,0.5434
1016,0.5487
1017,0.5524
1018,0.5421
1019,0.5357
1020,0.5385
1021,0.5436
1022,0.5434
1023,0.5466
1024,0.5462
1025,0.5532
1026,0.5533
1027,0.5621
1028,0.5703
1029,0.5738
1030,0.5778
1031,0.5777
1032,0.5825
1033,0.5842
1034,0.5894
1035,0.5848
1036,0.5832
1037,0.5868
1038,0.5893
1039,0.5914
1040,0.5882
1041,0.5859
1042,0.5908
1043,0.5940
1044,0.5907
1045,0.5933
1046,0.6103
1047,0.6135
1048,0.6179
1049,0.6202
1050,0.6211
1051,0.6236
1052,0.6260
1053,0.6265
1054,0.6251
1055,0.6302
1056,0.6322
1057,0.6379
1058,0.6364
1059,0.6382
1060,0.6398
1061,0.6477
1062,0.6442
1063,0.6467
1064,0.6531
1065,0.6548
1066,0.6544
1067,0.6618
1068,0.6667
1069,0.6676
1070,0.6658
1071,0.6639
1072,0.6656
1073,0.6743
1074,0.6811
1075,0.6839
1076,0.6813
1077,0.6789
1078,0.6850
1079,0.6932
1080,0.7007
1081,0.6964
1082,0.6936
1083,0.6960
1084,0.7011
1085,0.7072
1086,0.7076
1087,0.7062
1088,0.7081
1089,0.7081
1090,0.7105
1091,0.7114
1092,0.7079
1093,0.7079
1094,0.7090
1095,0.7115
1096,0.7127
1097,0.7148
1098,0.7192
1099,0.7179
1100,0.7207
1101,0.7253
1102,0.7216
1103,0.7232
1104,0.7250
1105,0.7226
1106,0.7225
1107,0.7285
1108,0.7322
1109,0.7375
1110,0.7416
1111,0.7416
1112,0.7399
1113,0.7427
1114,0.7488
1115,0.7519
1116,0.7530
1117,0.7561
1118,0.7582
1119,0.7561
1120,0.7570
1121,0.7574
1122,0.7567
1123,0.7567
1124,0.7529
1125,0.7477
1126,0.7496
1127,0.7535
1128,0.7587
1129,0.7520
1130,0.7521
1131,0.7492
1132,0.7508
1133,0.7531
1134,0.7542
1135,0.7515
1136,0.7529
1137,0.7586
1138,0.7579
1139,0.7647
1140,0.7632
1141,0.7655
1142,0.7709
1143,0.7659
1144,0.7668
1145,0.7679
1146,0.7654
1147,0.7701
1148,0.7655
1149,0.7659
1150,0.7686
1151,0.7644
1152,0.7629
1153,0.7618
1154,0.7629
1155,0.7681
1156,0.7645
1157,0.7676
1158,0.7697
1159,0.7695
1160,0.7694
1161,0.7709
1162,0.7757
1163,0.7785
1164,0.7787
1165,0.7737
1166,0.7669
1167,0.7684
1168,0.7669
1169,0.7638
1170,0.7673
1171,0.7676
1172,0.7685
1173,0.7710
1174,0.7670
1175,0.7672
1176,0.7719
1177,0.7728
1178,0.7734
1179,0.7754
1180,0.7769
1181,0.7822
1182,0.7783
1183,0.7763
1184,0.7740
1185,0.7776
1186,0.7822
1187,0.7809
1188,0.7776
1189,0.7732
1190,0.7688
1191,0.7659
1192,0.7651
1193,0.7662
1194,0.7695
1195,0.7726
1196,0.7740
1197,0.7730
1198,0.7745
1199,0.7751
1200,0.7731
1201,0.7675
1202,0.7685
1203,0.7674
1204,0.7692
1205,0.7710
1206,0.7674
1207,0.7670
1208,0.7601
1209,0.7559
1210,0.7601
1211,0.7592
1212,0.7584
1213,0.7602
1214,0.7621
1215,0.7626
1216,0.7609
1217,0.7570
1218,0.7546
1219,0.7509
1220,0.7545
1221,0.7570
1222,0.7585
1223,0.7599
1224,0.7613
1225,0.7606
1226,0.7553
1227,0.7574
1228,0.7587
1229,0.7654
1230,0.7625
1231,0.7611
1232,0.7595
1233,0.7597
1234,0.7611
1235,0.7623
1236,0.7606
1237,0.7580
1238,0.7551
1239,0.7572
1240,0.7549
1241,0.7541
1242,0.7506
1243,0.7510
1244,0.7504
1245,0.7480
1246,0.7414
1247,0.7369
1248,0.7399
1249,0.7429
1250,0.7450
1251,0.7423
1252,0.7397
1253,0.7366
1254,0.7341
1255,0.7335
1256,0.7275
1257,0.7266
1258,0.7236
1259,0.7296
1260,0.7276
1261,0.7277
1262,0.7253
1263,0.7181
1264,0.7162
1265,0.7156
1266,0.7092
1267,0.7041
1268,0.6919
1269,0.6972
1270,0.6987
1271,0.6943
1272,0.6882
1273,0.6864
1274,0.6858
1275,0.6773
1276,0.6650
1277,0.6617
1278,0.6571
1279,0.6631
1280,0.6641
1281,0.6627
1282,0.6590
1283,0.6534
1284,0.6446
1285,0.6414
1286,0.6394
1287,0.6357
1288,0.6335
1289,0.6322
1290,0.6253
1291,0.6196
1292,0.6137
1293,0.6107
1294,0.6058
1295,0.6009
1296,0.5930
1297,0.5953
1298,0.5882
1299,0.5808
1300,0.5717
1301,0.5649
1302,0.5537
1303,0.5437
1304,0.5419
1305,0.5385
1306,0.5360
1307,0.5346
1308,0.5317
1309,0.5281
1310,0.5242
1311,0.5226
1312,0.5164
1313,0.5046
1314,0.4914
1315,0.4848
1316,0.4772
1317,0.4700
1318,0.4653
1319,0.4572
1320,0.4530
1321,0.4446
1322,0.4391
1323,0.4290
1324,0.4218
1325,0.4149
1326,0.4112
1327,0.4133
1328,0.4077
1329,0.3994
1330,0.4005
1331,0.3943
1332,0.3893
1333,0.3853
1334,0.3775
1335,0.3702
1336,0.3669
1337,0.3562
1338,0.3457
1339,0.3453
1340,0.3444
1341,0.3328
1342,0.3285
1343,0.3280
1344,0.3166
1345,0.3092
1346,0.3029
1347,0.3053
1348,0.3027
1349,0.2990
1350,0.2946
1351,0.2909
1352,0.2898
1353,0.2821
1354,0.2776
1355,0.2723
1356,0.2732
1357,0.2694
1358,0.2631
1359,0.2551
1360,0.2497
1361,0.2402
1362,0.2377
1363,0.2303
1364,0.2262
1365,0.2288
1366,0.2281
1367,0.2341
1368,0.2415
1369,0.2459
1370,0.2504
1371,0.2533
1372,0.2536
1373,0.2506
1374,0.2573
1375,0.2591
1376,0.2614
1377,0.2675
1378,0.2739
1379,0.2765
1380,0.2721
1381,0.2767
1382,0.2803
1383,0.2834
1384,0.2860
1385,0.2827
1386,0.2791
1387,0.2857
1388,0.2929
1389,0.2976
1390,0.3001
1391,0.3020
1392,0.3054
1393,0.3045
1394,0.3038
1395,0.2982
1396,0.2921
1397,0.2898
1398,0.2942
1399,0.3010
1400,0.3000
1401,0.2959
1402,0.2931
1403,0.3004
1404,0.3005
1405,0.3003
1406,0.3068
1407,0.3118
1408,0.3131
1409,0.3192
1410,0.3209
1411,0.3184
1412,0.3152
1413,0.3100
1414,0.3125
1415,0.3094
1416,0.3082
1417,0.3021
1418,0.2984
1419,0.2939
1420,0.2964
1421,0.3069
1422,0.3090
1423,0.3107
1424,0.3058
1425,0.3011
1426,0.3017
1427,0.3044
1428,0.3024
1429,0.3081
1430,0.3078
1431,0.3070
1432,0.3090
1433,0.3166
1434,0.3102
1435,0.3086
1436,0.3083
1437,0.3015
1438,0.3011
1439,0.2991
1440,0.3011
1441,0.3015
1442,0.3047
1443,0.3137
1444,0.3158
1445,0.3191
1446,0.3211
1447,0.3227
1448,0.3223
1449,0.3194
1450,0.3223
1451,0.3234
1452,0.3250
1453,0.3227
1454,0.3226
1455,0.3233
1456,0.3233
1457,0.3220
1458,0.3250
1459,0.3238
1460,0.3282
1461,0.3297
1462,0.3318
1463,0.3321
1464,0.3364
1465,0.3346
1466,0.3371
1467,0.3365
1468,0.3422
1469,0.3429
1470,0.3508
1471,0.3441
1472,0.3476
1473,0.3494
1474,0.3470
1475,0.3444
1476,0.3464
1477,0.3471
1478,0.3494
1479,0.3547
1480,0.3576
1481,0.3548
1482,0.3551
1483,0.3559
1484,0.3503
1485,0.3558
1486,0.3594
1487,0.3568
1488,0.3620
1489,0.3612
1490,0.3610
1491,0.3627
1492,0.3604
1493,0.3622
1494,0.3661
1495,0.3667
1496,0.3628
1497,0.3609
1498,0.3652
1499,0.3639
1500,0.3669
1501,0.3724
1502,0.3714
1503,0.3685
1504,0.3699
1505,0.3734
1506,0.3790
1507,0.3769
1508,0.3722
1509,0.3766
1510,0.3807
1511,0.3823
1512,0.3844
1513,0.3865
1514,0.3873
1515,0.3854
1516,0.3856
1517,0.3861
1518,0.3839
1519,0.3889
1520,0.3918
1521,0.3932
1522,0.3980
1523,0.3967
1524,0.3903
1525,0.3948
1526,0.4042
1527,0.4064
1528,0.4008
1529,0.4016
1530,0.4040
1531,0.4047
1532,0.4022
1533,0.4014
1534,0.4016
1535,0.4006
1536,0.4042
1537,0.4045
1538,0.4106
1539,0.4143
1540,0.4222
1541,0.4200
1542,0.4277
1543,0.4343
1544,0.4289
1545,0.4268
1546,0.4377
1547,0.4298
1548,0.4226
1549,0.4241
1550,0.4330
1551,0.4355
1552,0.4349
1553,0.4335
1554,0.4344
1555,0.4329
1556,0.4332
1557,0.4359
1558,0.4421
1559,0.4429
1560,0.4398
1561,0.4379
1562,0.4435
1563,0.4447
1564,0.4481
1565,0.4561
1566,0.4619
1567,0.4609
1568,0.4647
1569,0.4724
1570,0.4646
1571,0.4589
1572,0.4620
1573,0.4677
1574,0.4698
1575,0.4663
1576,0.4682
1577,0.4758
1578,0.4801
1579,0.4771
1580,0.4731
1581,0.4718
1582,0.4741
1583,0.4748
1584,0.4738
1585,0.4723
1586,0.4759
1587,0.4794
1588,0.4865
1589,0.4924
1590,0.4981
1591,0.4980
1592,0.4986
1593,0.5031
1594,0.4978
1595,0.4911
1596,0.4944
1597,0.4996
1598,0.5075
1599,0.5078
1600,0.5085
1601,0.5121
1602,0.5098
1603,0.5207
1604,0.5278
1605,0.5251
1606,0.5277
1607,0.5237
1608,0.5255
1609,0.5273
1610,0.5279
1611,0.5256
1612,0.5221
1613,0.5258
1614,0.5268
1615,0.5264
1616,0.5300
1617,0.5360
1618,0.5312
1619,0.5339
1620,0.5325
1621,0.5356
1622,0.5369
1623,0.5401
1624,0.5448
1625,0.5429
1626,0.5390
1627,0.5331
1628,0.5302
1629,0.5351
1630,0.5412
1631,0.5457
1632,0.5494
1633,0.5482
1634,0.5487
1635,0.5456
1636,0.5402
1637,0.5402
1638,0.5447
1639,0.5423
1640,0.5427
1641,0.5462
1642,0.5472
1643,0.5530
1644,0.5468
1645,0.5443
1646,0.5443
1647,0.5445
1648,0.5442
1649,0.5474
1650,0.5466
1651,0.5480
1652,0.5476
1653,0.5448
1654,0.5465
1655,0.5513
1656,0.5512
1657,0.5430
1658,0.5436
1659,0.5457
1660,0.5521
1661,0.5545
1662,0.5517
1663,0.5524
1664,0.5545
1665,0.5559
1666,0.5611
1667,0.5596
1668,0.5575
1669,0.5596
1670,0.5592
1671,0.5589
1672,0.5632
1673,0.5650
1674,0.5684
1675,0.5678
1676,0.5725
1677,0.5681
1678,0.5705
1679,0.5704
1680,0.5675
1681,0.5757
1682,0.5784
1683,0.5751
1684,0.5777
1685,0.5720
1686,0.5725
1687,0.5770
1688,0.5778
1689,0.5771
1690,0.5772
1691,0.5750
1692,0.5710
1693,0.5641
1694,0.5682
1695,0.5647
1696,0.5578
1697,0.5561
1698,0.5594
1699,0.5637
1700,0.5657
1701,0.5667
1702,0.5632
1703,0.5616
1704,0.5648
1705,0.5651
1706,0.5553
1707,0.5549
1708,0.5611
1709,0.5611
1710,0.5662
1711,0.5646
1712,0.5639
1713,0.5650
1714,0.5721
1715,0.5700
1716,0.5700
1717,0.5692
1718,0.5708
1719,0.5720
1720,0.5679
1721,0.5681
1722,0.5680
1723,0.5681
1724,0.5681
1725,0.5749
1726,0.5769
1727,0.5730
1728,0.5766
1729,0.5806
1730,0.5799
1731,0.5757
1732,0.5747
1733,0.5803
1734,0.5751
1735,0.5780
1736,0.5832
1737,0.5759
1738,0.5700
1739,0.5758
1740,0.5781
1741,0.5795
1742,0.5788
1743,0.5753
1744,0.5810
1745,0.5805
1746,0.5826
1747,0.5838
1748,0.5831
1749,0.5785
1750,0.5800
1751,0.5830
1752,0.5846
1753,0.5822
1754,0.5778
1755,0.5809
1756,0.5812
1757,0.5849
1758,0.5846
1759,0.5865
1760,0.5881
1761,0.5842
1762,0.5906
1763,0.5936
1764,0.5972
1765,0.5936
1766,0.5853
1767,0.5836
1768,0.5905
1769,0.5877
1770,0.5903
1771,0.5752
1772,0.5665
1773,0.5679
1774,0.5666
1775,0.5580
1776,0.5533
1777,0.5509
1778,0.5415
1779,0.5327
1780,0.5295
1781,0.5140
1782,0.4949
1783,0.4834
1784,0.4760
1785,0.4500
1786,0.4324
1787,0.4149
1788,0.3957
1789,0.3813
1790,0.3893
1791,0.3967
1792,0.4039
1793,0.4138
1794,0.4252
1795,0.4311
1796,0.4229
1797,0.4297
1798,0.4345
1799,0.4209
1800,0.4150
1801,0.4098
1802,0.4004
1803,0.3921
1804,0.3890
1805,0.3832
1806,0.3782
1807,0.3666
1808,0.3596
1809,0.3499
1810,0.3412
1811,0.3313
1812,0.3266
1813,0.3263
1814,0.3202
1815,0.3197
1816,0.3187
1817,0.3168
1818,0.3173
1819,0.3276
1820,0.3253
1821,0.3256
1822,0.3290
1823,0.3294
1824,0.3341
1825,0.3327
1826,0.3342
1827,0.3386
1828,0.3342
1829,0.3325
1830,0.3339
1831,0.3378
1832,0.3404
1833,0.3461
1834,0.3446
1835,0.3447
1836,0.3534
1837,0.3576
1838,0.3604
1839,0.3614
1840,0.3722
1841,0.3708
1842,0.3605
1843,0.3630
1844,0.3668
1845,0.3719
1846,0.3705
1847,0.3701
1848,0.3692
1849,0.3711
1850,0.3730
1851,0.3760
1852,0.3682
1853,0.3662
1854,0.3682
1855,0.3656
1856,0.3704
1857,0.3742
1858,0.3791
1859,0.3773
1860,0.3746
1861,0.3762
1862,0.3778
1863,0.3913
1864,0.3954
1865,0.3883
1866,0.3881
1867,0.3878
1868,0.3848
1869,0.3831
1870,0.3849
1871,0.3853
1872,0.3856
1873,0.3839
1874,0.3876
1875,0.3909
1876,0.3912
1877,0.3918
1878,0.3931
1879,0.4004
1880,0.3984
1881,0.4029
1882,0.4020
1883,0.4071
1884,0.4167
1885,0.4218
1886,0.4267
1887,0.4234
1888,0.4209
1889,0.4238
1890,0.4257
1891,0.4332
1892,0.4345
1893,0.4473
1894,0.4499
1895,0.4433
1896,0.4401
1897,0.4375
1898,0.4403
1899,0.4447
1900,0.4512
1901,0.4513
1902,0.4532
1903,0.4589
1904,0.4596
1905,0.4657
1906,0.4608
1907,0.4578
1908,0.4528
1909,0.4550
1910,0.4501
1911,0.4614
1912,0.4631
1913,0.4562
1914,0.4539
1915,0.4521
1916,0.4475
1917,0.4435
1918,0.4334
1919,0.4271
1920,0.4212
1921,0.4086
1922,0.4000
1923,0.3827
1924,0.3627
1925,0.3512
1926,0.3330
1927,0.3140
1928,0.2910
1929,0.2660
1930,0.2469
1931,0.2211
1932,0.2017
1933,0.1787
1934,0.1654
1935,0.1507
1936,0.1354
1937,0.1240
1938,0.1280
1939,0.1302
1940,0.1341
1941,0.1395
1942,0.1456
1943,0.1513
1944,0.1600
1945,0.1668
1946,0.1662
1947,0.1725
1948,0.1719
1949,0.1751
1950,0.1790
1951,0.1780
1952,0.1756
1953,0.1765
1954,0.1765
1955,0.1865
1956,0.1879
1957,0.1875
1958,0.1856
1959,0.1826
1960,0.1874
1961,0.1928
1962,0.1938
1963,0.1965
1964,0.1963
1965,0.1968
1966,0.2002
1967,0.2042
1968,0.2021
1969,0.2051
1970,0.2080
1971,0.2025
1972,0.2009
1973,0.2027
1974,0.1996
1975,0.2029
1976,0.2079
1977,0.2090
1978,0.2101
1979,0.2106
1980,0.2082
1981,0.2089
1982,0.2115
1983,0.2158
1984,0.2123
1985,0.2128
1986,0.2125
1987,0.2115
1988,0.2120
1989,0.2134
1990,0.2155
1991,0.2166
1992,0.2177
1993,0.2133
1994,0.2126
1995,0.2124
1996,0.2102
1997,0.2129
1998,0.2185
1999,0.2195
2000,0.2219
2001,0.2174
2002,0.2158
2003,0.2161
2004,0.2131
2005,0.2137
2006,0.2126
2007,0.2057
2008,0.2038
2009,0.2106
2010,0.2091
2011,0.2065
2012,0.2068
2013,0.2128
2014,0.2187
2015,0.2264
2016,0.2223
2017,0.2191
2018,0.2180
2019,0.2179
2020,0.2131
2021,0.2088
2022,0.2054
2023,0.2085
2024,0.2118
2025,0.2167
2026,0.2125
2027,0.2072
2028,0.2050
2029,0.2026
2030,0.2002
2031,0.2008
2032,0.1975
2033,0.1946
2034,0.1962
2035,0.1955
2036,0.2013
2037,0.1993
2038,0.1939
2039,0.1957
2040,0.1980
2041,0.1985
2042,0.1990
2043,0.1974
2044,0.1932
2045,0.1951
2046,0.2004
2047,0.1983
2048,0.1950
2049,0.1962
2050,0.1964
2051,0.1980
2052,0.2014
2053,0.2050
2054,0.2029
2055,0.2034
2056,0.2028
2057,0.1998
2058,0.2051
2059,0.2072
2060,0.2094
2061,0.2087
2062,0.2070
2063,0.2089
2064,0.2118
2065,0.2095
2066,0.2121
2067,0.2149
2068,0.2125
2069,0.2147
2070,0.2141
2071,0.2164
2072,0.2197
2073,0.2247
2074,0.2267
2075,0.2272
2076,0.2280
2077,0.2274
2078,0.2290
2079,0.2377
2080,0.2400
2081,0.2410
2082,0.2412
2083,0.2442
2084,0.2447
2085,0.2436
2086,0.2492
2087,0.2495
2088,0.2532
2089,0.2537
2090,0.2513
2091,0.2491
2092,0.2506
2093,0.2483
2094,0.2464
2095,0.2525
2096,0.2615
2097,0.2618
2098,0.2625
2099,0.2634
2100,0.2676
2101,0.2708
2102,0.2652
2103,0.2671
2104,0.2701
2105,0.2679
2106,0.2703
2107,0.2709
2108,0.2723
2109,0.2748
2110,0.2762
2111,0.2747
2112,0.2762
2113,0.2826
2114,0.2822
2115,0.2803
2116,0.2808
2117,0.2808
2118,0.2781
2119,0.2792
2120,0.2795
2121,0.2840
2122,0.2858
2123,0.2883
2124,0.2946
2125,0.3004
2126,0.2988
2127,0.2961
2128,0.2968
2129,0.2958
2130,0.2977
2131,0.2967
2132,0.2936
2133,0.2975
2134,0.2957
2135,0.2944
2136,0.3045
2137,0.3081
2138,0.3105
2139,0.3147
2140,0.3185
2141,0.3149
2142,0.3165
2143,0.3131
2144,0.3094
2145,0.3039
2146,0.3012
2147,0.3053
2148,0.3084
2149,0.3155
2150,0.3113
2151,0.3124
2152,0.3152
2153,0.3077
2154,0.3035
2155,0.3025
2156,0.3046
2157,0.3137
2158,0.3175
2159,0.3199
2160,0.3251
2161,0.3221
2162,0.3224
2163,0.3240
2164,0.3220
2165,0.3226
2166,0.3278
2167,0.3253
2168,0.3268
2169,0.3248
2170,0.3231
2171,0.3263
2172,0.3274
2173,0.3324
2174,0.3372
2175,0.3292
2176,0.3276
2177,0.3309
2178,0.3291
2179,0.3320
2180,0.3342
2181,0.3357
2182,0.3371
2183,0.3378
2184,0.3402
2185,0.3404
2186,0.3368
2187,0.3367
2188,0.3383
2189,0.3369
2190,0.3463
2191,0.3501
2192,0.3475
2193,0.3487
2194,0.3520
2195,0.3512
2196,0.3460
2197,0.3414
2198,0.3391
2199,0.3461
2200,0.3480
2201,0.3462
2202,0.3467
2203,0.3447
2204,0.3508
2205,0.3583
2206,0.3592
2207,0.3568
2208,0.3560
2209,0.3547
2210,0.3539
2211,0.3562
2212,0.3571
2213,0.3661
2214,0.3657
2215,0.3694
2216,0.3708
2217,0.3684
2218,0.3656
2219,0.3682
2220,0.3707
2221,0.3783
2222,0.3810
2223,0.3870
2224,0.3926
2225,0.3912
2226,0.3893
2227,0.3945
2228,0.3940
2229,0.3934
2230,0.3963
2231,0.3944
2232,0.3974
2233,0.4044
2234,0.4132
2235,0.4190
2236,0.4220
2237,0.4201
2238,0.4205
2239,0.4156
2240,0.4225
2241,0.4214
2242,0.4273
2243,0.4261
2244,0.4275
2245,0.4291
2246,0.4292
2247,0.4334
2248,0.4322
2249,0.4377
2250,0.4417
2251,0.4398
2252,0.4352
2253,0.4420
2254,0.4369
2255,0.4349
2256,0.4412
2257,0.4391
2258,0.4422
2259,0.4490
2260,0.4544
2261,0.4570
2262,0.4650
2263,0.4656
2264,0.4587
2265,0.4612
2266,0.4616
2267,0.4643
2268,0.4604
2269,0.4617
2270,0.4634
2271,0.4612
2272,0.4616
2273,0.4656
2274,0.4687
2275,0.4734
2276,0.4773
2277,0.4833
2278,0.4836
2279,0.4833
2280,0.4821
2281,0.4794
2282,0.4752
2283,0.4744
2284,0.4725
2285,0.4743
2286,0.4804
2287,0.4926
2288,0.4939
2289,0.4941
2290,0.4914
2291,0.4822
2292,0.4827
2293,0.4788
2294,0.4796
2295,0.4850
2296,0.4934
2297,0.4928
2298,0.4892
2299,0.4845
2300,0.4829
2301,0.4792
2302,0.4852
2303,0.4819
2304,0.4734
2305,0.4687
2306,0.4667
2307,0.4690
2308,0.4717
2309,0.4739
2310,0.4738
2311,0.4711
2312,0.4672
2313,0.4718
2314,0.4732
2315,0.4720
2316,0.4710
2317,0.4727
2318,0.4776
2319,0.4780
2320,0.4711
2321,0.4726
2322,0.4691
2323,0.4691
2324,0.4712
2325,0.4710
2326,0.4704
2327,0.4707
2328,0.4721
2329,0.4747
2330,0.4775
2331,0.4783
2332,0.4738
2333,0.4728
2334,0.4716
2335,0.4627
2336,0.4622
2337,0.4608
2338,0.4645
2339,0.4622
2340,0.4624
2341,0.4626
2342,0.4577
2343,0.4493
2344,0.4556
2345,0.4577
2346,0.4572
2347,0.4504
2348,0.4518
2349,0.4529
2350,0.4517
2351,0.4521
2352,0.4492
2353,0.4523
2354,0.4499
2355,0.4432
2356,0.4448
2357,0.4485
2358,0.4533
2359,0.4563
2360,0.4534
2361,0.4487
2362,0.4496
2363,0.4510
2364,0.4564
2365,0.4534
2366,0.4432
2367,0.4340
2368,0.4363
2369,0.4393
2370,0.4375
2371,0.4406
2372,0.4356
2373,0.4329
2374,0.4339
2375,0.4376
2376,0.4342
2377,0.4365
2378,0.4356
2379,0.4369
2380,0.4328
2381,0.4264
2382,0.4252
2383,0.4238
2384,0.4222
2385,0.4230
2386,0.4247
2387,0.4231
2388,0.4234
2389,0.4209
2390,0.4181
2391,0.4191
2392,0.4188
2393,0.4116
2394,0.4101
2395,0.4091
2396,0.4034
2397,0.4002
2398,0.4009
2399,0.3963
2400,0.3970
2401,0.3964
2402,0.3952
2403,0.3936
2404,0.3886
2405,0.3823
2406,0.3795
2407,0.3783
2408,0.3716
2409,0.3689
2410,0.3663
2411,0.3680
2412,0.3606
2413,0.3571
2414,0.3543
2415,0.3532
2416,0.3500
2417,0.3403
2418,0.3363
2419,0.3397
2420,0.3352
2421,0.3368
2422,0.3455
2423,0.3506
2424,0.3535
2425,0.3506
2426,0.3511
2427,0.3467
2428,0.3463
2429,0.3463
2430,0.3473
2431,0.3557
2432,0.3629
2433,0.3654
2434,0.3665
2435,0.3667
2436,0.3678
2437,0.3685
2438,0.3732
2439,0.3746
2440,0.3655
2441,0.3629
2442,0.3676
2443,0.3703
2444,0.3740
2445,0.3750
2446,0.3854
2447,0.3826
2448,0.3830
2449,0.3871
2450,0.3886
2451,0.3876
2452,0.3925
2453,0.3978
2454,0.4047
2455,0.4089
2456,0.4085
2457,0.4074
2458,0.4052
2459,0.4026
2460,0.4087
2461,0.4188
2462,0.4191
2463,0.4193
2464,0.4169
2465,0.4210
2466,0.4281
2467,0.4251
2468,0.4263
2469,0.4250
2470,0.4325
2471,0.4363
2472,0.4347
2473,0.4330
2474,0.4348
2475,0.4345
2476,0.4433
2477,0.4446
2478,0.4484
2479,0.4466
2480,0.4474
2481,0.4399
2482,0.4426
2483,0.4433
2484,0.4463
2485,0.4488
2486,0.4553
2487,0.4597
2488,0.4610
2489,0.4681
2490,0.4698
2491,0.4682
2492,0.4688
2493,0.4705
2494,0.4706
2495,0.4745
2496,0.4781
2497,0.4879
2498,0.4877
2499,0.4953
2500,0.4927
2501,0.4929
2502,0.4852
2503,0.4817
2504,0.4760
2505,0.4794
2506,0.4744
2507,0.4713
2508,0.4653
2509,0.4494
2510,0.4370
2511,0.4263
2512,0.4146
2513,0.4006
2514,0.3831
2515,0.3696
2516,0.3505
2517,0.3312
2518,0.3120
2519,0.2862
2520,0.2637
2521,0.2465
2522,0.2496
2523,0.2599
2524,0.2674
2525,0.2788
2526,0.2899
2527,0.3010
2528,0.3084
2529,0.3214
2530,0.3275
2531,0.3389
2532,0.3483
2533,0.3526
2534,0.3570
2535,0.3617
2536,0.3659
2537,0.3682
2538,0.3713
2539,0.3710
2540,0.3746
2541,0.3778
2542,0.3824
2543,0.3889
2544,0.3905
2545,0.3875
2546,0.3911
2547,0.3926
2548,0.3904
2549,0.3909
2550,0.3930
2551,0.3919
2552,0.3950
2553,0.4007
2554,0.4018
2555,0.4013
2556,0.4017
2557,0.4079
2558,0.4065
2559,0.4082
2560,0.4099
2561,0.4125
2562,0.4117
2563,0.4127
2564,0.4104
2565,0.4118
2566,0.4111
2567,0.4129
2568,0.4126
2569,0.4096
2570,0.4097
2571,0.4124
2572,0.4133
2573,0.4099
2574,0.4098
2575,0.4110
2576,0.4115
2577,0.4156
2578,0.4157
2579,0.4188
2580,0.4157
2581,0.4113
2582,0.4156
2583,0.4126
2584,0.4151
2585,0.4166
2586,0.4169
2587,0.4210
2588,0.4193
2589,0.4168
2590,0.4178
2591,0.4148
2592,0.4122
2593,0.4131
2594,0.4115
2595,0.4143
2596,0.4131
2597,0.4130
2598,0.4064
2599,0.4088
2600,0.4081
2601,0.4108
2602,0.4078
2603,0.4158
2604,0.4146
2605,0.4114
2606,0.4083
2607,0.4091
2608,0.4095
2609,0.4064
2610,0.4084
2611,0.4088
2612,0.4144
2613,0.4187
2614,0.4247
2615,0.4236
2616,0.4235
2617,0.4277
2618,0.4258
2619,0.4256
2620,0.4235
2621,0.4290
2622,0.4264
2623,0.4265
2624,0.4325
2625,0.4381
2626,0.4411
2627,0.4451
2628,0.4431
2629,0.4399
2630,0.4396
2631,0.4404
2632,0.4415
2633,0.4406
2634,0.4453
2635,0.4511
2636,0.4543
2637,0.4551
2638,0.4588
2639,0.4554
2640,0.4570
2641,0.4590
2642,0.4637
2643,0.4650
2644,0.4600
2645,0.4627
2646,0.4694
2647,0.4728
2648,0.4784
2649,0.4784
2650,0.4788
2651,0.4807
2652,0.4856
2653,0.4863
2654,0.4865
2655,0.4854
2656,0.4864
2657,0.4858
2658,0.4877
2659,0.4933
2660,0.4979
2661,0.4929
2662,0.4896
2663,0.4918
2664,0.4923
2665,0.5008
2666,0.5015
2667,0.5035
2668,0.5067
2669,0.5022
2670,0.5064
2671,0.5079
2672,0.5144
2673,0.5167
2674,0.5166
2675,0.5142
2676,0.5123
2677,0.5154
2678,0.5161
2679,0.5117
2680,0.5104
2681,0.5095
2682,0.5059
2683,0.5120
2684,0.5115
2685,0.5057
2686,0.5034
2687,0.5048
2688,0.5058
2689,0.5084
2690,0.5076
2691,0.5097
2692,0.5074
2693,0.5127
2694,0.5122
2695,0.5156
2696,0.5175
2697,0.5154
2698,0.5217
2699,0.5253
2700,0.5260
2701,0.5262
2702,0.5275
2703,0.5256
2704,0.5256
2705,0.5291
2706,0.5289
2707,0.5262
2708,0.5290
2709,0.5349
2710,0.5286
2711,0.5236
2712,0.5198
2713,0.5208
2714,0.5234
2715,0.5217
2716,0.5183
2717,0.5122
2718,0.5141
2719,0.5136
2720,0.5134
2721,0.5066
2722,0.5086
2723,0.5041
2724,0.5026
2725,0.4990
2726,0.4931
2727,0.4953
2728,0.4950
2729,0.4908
2730,0.4894
2731,0.4877
2732,0.4817
2733,0.4768
2734,0.4677
2735,0.4597
2736,0.4619
2737,0.4537
2738,0.4427
2739,0.4408
2740,0.4391
2741,0.4304
2742,0.4298
2743,0.4321
2744,0.4353
2745,0.4419
2746,0.4445
2747,0.4443
2748,0.4501
2749,0.4547
2750,0.4552
2751,0.4574
2752,0.4625
2753,0.4701
2754,0.4725
2755,0.4751
2756,0.4802
2757,0.4789
2758,0.4874
2759,0.4920
2760,0.4968
2761,0.4980
2762,0.4970
2763,0.4949
2764,0.4949
2765,0.5020
2766,0.5010
2767,0.4996
2768,0.4957
2769,0.4981
2770,0.5008
2771,0.4961
2772,0.4912
2773,0.4941
2774,0.4968
2775,0.4961
2776,0.5044
2777,0.5039
2778,0.5101
2779,0.5113
2780,0.5095
2781,0.5151
2782,0.5192
2783,0.5226
2784,0.5174
2785,0.5179
2786,0.5250
2787,0.5266
2788,0.5276
2789,0.5253
2790,0.5244
2791,0.5252
2792,0.5315
2793,0.5346
2794,0.5351
2795,0.5321
2796,0.5348
2797,0.5391
2798,0.5379
2799,0.5407
2800,0.5443
2801,0.5497
2802,0.5471
2803,0.5557
2804,0.5573
2805,0.5583
2806,0.5604
2807,0.5631
2808,0.5611
2809,0.5636
2810,0.5672
2811,0.5672
2812,0.5711
2813,0.5777
2814,0.5842
2815,0.5849
2816,0.5872
2817,0.5843
2818,0.5825
2819,0.5817
2820,0.5819
2821,0.5835
2822,0.5843
2823,0.5857
2824,0.5868
2825,0.5851
2826,0.5828
2827,0.5901
2828,0.5854
2829,0.5814
2830,0.5811
2831,0.5876
2832,0.5851
2833,0.5840
2834,0.5829
2835,0.5859
2836,0.5847
2837,0.5839
2838,0.5866
2839,0.5890
2840,0.5905
2841,0.5876
2842,0.5894
2843,0.5844
2844,0.5870
2845,0.5866
2846,0.5867
2847,0.5909
2848,0.5854
2849,0.5795
2850,0.5777
2851,0.5752
2852,0.5724
2853,0.5700
2854,0.5669
2855,0.5649
2856,0.5653
2857,0.5668
2858,0.5653
2859,0.5640
2860,0.5611
2861,0.5557
2862,0.5484
2863,0.5430
2864,0.5443
2865,0.5391
2866,0.5304
2867,0.5293
2868,0.5304
2869,0.5250
2870,0.5238
2871,0.5263
2872,0.5197
2873,0.5237
2874,0.5230
2875,0.5195
2876,0.5099
2877,0.5053
2878,0.5079
2879,0.5099
2880,0.5096
2881,0.5035
2882,0.5072
2883,0.4997
2884,0.4996
2885,0.4997
2886,0.4943
2887,0.4869
2888,0.4811
2889,0.4772
2890,0.4678
2891,0.4610
2892,0.4558
2893,0.4442
2894,0.4380
2895,0.4371
2896,0.4332
2897,0.4280
2898,0.4254
2899,0.4150
2900,0.4039
2901,0.3886
2902,0.3865
2903,0.3818
2904,0.3779
2905,0.3701
2906,0.3591
2907,0.3474
2908,0.3449
2909,0.3418
2910,0.3403
2911,0.3420
2912,0.3315
2913,0.3265
2914,0.3192
2915,0.3066
2916,0.3023
2917,0.3010
2918,0.2989
2919,0.2907
2920,0.2802
2921,0.2764
2922,0.2686
2923,0.2709
2924,0.2697
2925,0.2656
2926,0.2580
2927,0.2489
2928,0.2435
2929,0.2504
2930,0.2481
2931,0.2414
2932,0.2333
2933,0.2313
2934,0.2257
2935,0.2187
2936,0.2087
2937,0.1977
2938,0.1977
2939,0.1891
2940,0.1820
2941,0.1803
2942,0.1806
2943,0.1807
2944,0.1796
2945,0.1847
2946,0.1802
2947,0.1783
2948,0.1741
2949,0.1724
2950,0.1735
2951,0.1705
2952,0.1700
2953,0.1698
2954,0.1764
2955,0.1736
2956,0.1707
2957,0.1670
2958,0.1631
2959,0.1611
2960,0.1597
2961,0.1580
2962,0.1629
2963,0.1601
2964,0.1545
2965,0.1479
2966,0.1467
2967,0.1455
2968,0.1467
2969,0.1473
2970,0.1506
2971,0.1474
2972,0.1536
2973,0.1583
2974,0.1581
2975,0.1528
2976,0.1523
2977,0.1544
2978,0.1568
2979,0.1569
2980,0.1572
2981,0.1540
2982,0.1537
2983,0.1568
2984,0.1539
2985,0.1527
2986,0.1515
2987,0.1512
2988,0.1548
2989,0.1566
2990,0.1624
2991,0.1669
2992,0.1679
2993,0.1697
2994,0.1731
2995,0.1772
2996,0.1793
2997,0.1805
2998,0.1799
2999,0.1760
3000,0.1739
3001,0.1794
3002,0.1910
3003,0.1879
3004,0.1899
3005,0.1938
3006,0.1937
3007,0.1987
3008,0.1976
3009,0.1946
3010,0.1938
3011,0.1962
3012,0.2001
3013,0.2004
3014,0.2034
3015,0.2068
3016,0.2091
3017,0.2079
3018,0.2035
3019,0.2018
3020,0.2080
3021,0.2085
3022,0.2118
3023,0.2136
3024,0.2126
3025,0.2135
3026,0.2112
3027,0.2152
3028,0.2195
3029,0.2170
3030,0.2145
3031,0.2187
3032,0.2171
3033,0.2195
3034,0.2257
3035,0.2346
3036,0.2361
3037,0.2353
3038,0.2337
3039,0.2352
3040,0.2458
3041,0.2516
3042,0.2542
3043,0.2533
3044,0.2534
3045,0.2539
3046,0.2557
3047,0.2612
3048,0.2641
3049,0.2725
3050,0.2748
3051,0.2728
3052,0.2655
3053,0.2616
3054,0.2672
3055,0.2662
3056,0.2629
3057,0.2684
3058,0.2767
3059,0.2783
3060,0.2807
3061,0.2879
3062,0.2932
3063,0.2937
3064,0.2984
3065,0.2999
3066,0.3028
3067,0.3005
3068,0.2942
3069,0.2939
3070,0.2940
3071,0.2977
3072,0.2990
3073,0.3026
3074,0.3057
3075,0.3076
3076,0.3087
3077,0.3138
3078,0.3179
3079,0.3256
3080,0.3360
3081,0.3450
3082,0.3411
3083,0.3376
3084,0.3402
3085,0.3376
3086,0.3422
3087,0.3400
3088,0.3457
3089,0.3493
3090,0.3595
3091,0.3582
3092,0.3569
3093,0.3505
3094,0.3563
3095,0.3629
3096,0.3674
3097,0.3689
3098,0.3726
3099,0.3782
3100,0.3843
3101,0.3782
3102,0.3790
3103,0.3807
3104,0.3870
3105,0.3928
3106,0.3937
3107,0.3937
3108,0.3822
3109,0.3886
3110,0.3907
3111,0.3869
3112,0.3886
3113,0.3890
3114,0.3952
3115,0.3957
3116,0.4014
3117,0.4085
3118,0.4062
3119,0.4102
3120,0.4165
3121,0.4106
3122,0.4146
3123,0.4149
3124,0.4164
3125,0.4169
3126,0.4220
3127,0.4168
3128,0.4242
3129,0.4298
3130,0.4318
3131,0.4305
3132,0.4284
3133,0.4352
3134,0.4227
3135,0.4290
3136,0.4388
3137,0.4445
3138,0.4463
3139,0.4483
3140,0.4482
3141,0.4494
3142,0.4494
3143,0.4505
3144,0.4516
3145,0.4522
3146,0.4558
3147,0.4543
3148,0.4508
3149,0.4577
3150,0.4602
3151,0.4586
3152,0.4571
3153,0.4506
3154,0.4573
3155,0.4622
3156,0.4711
3157,0.4710
3158,0.4690
3159,0.4657
3160,0.4661
3161,0.4636
3162,0.4721
3163,0.4669
3164,0.4714
3165,0.4763
3166,0.4744
3167,0.4801
3168,0.4811
3169,0.4795
3170,0.4790
3171,0.4770
3172,0.4712
3173,0.4772
3174,0.4875
3175,0.4875
3176,0.4975
3177,0.5003
3178,0.5106
3179,0.5163
3180,0.5159
3181,0.5213
3182,0.5197
3183,0.5164
3184,0.5205
3185,0.5188
3186,0.5161
3187,0.5165
3188,0.5145
3189,0.5183
3190,0.5166
3191,0.5229
3192,0.5252
3193,0.5206
3194,0.5188
3195,0.5302
3196,0.5328
3197,0.5424
3198,0.5487
3199,0.5477
3200,0.5538
3201,0.5515
3202,0.5485
3203,0.5486
3204,0.5461
3205,0.5499
3206,0.5673
3207,0.5713
3208,0.5678
3209,0.5583
3210,0.5542
3211,0.5645
3212,0.5655
3213,0.5674
3214,0.5704
3215,0.5647
3216,0.5726
3217,0.5747
3218,0.5729
3219,0.5766
3220,0.5865
3221,0.5871
3222,0.5877
3223,0.5844
3224,0.5728
3225,0.5637
3226,0.5697
3227,0.5745
3228,0.5803
3229,0.5842
3230,0.5847
3231,0.5814
3232,0.5749
3233,0.5726
3234,0.5703
3235,0.5742
3236,0.5824
3237,0.5832
3238,0.5871
3239,0.5875
3240,0.5873
3241,0.5842
3242,0.5773
3243,0.5794
3244,0.5880
3245,0.5780
3246,0.5722
3247,0.5772
3248,0.5875
3249,0.5881
3250,0.5853
3251,0.5832
3252,0.5876
3253,0.5912
3254,0.5885
3255,0.5909
3256,0.5843
3257,0.5813
3258,0.5832
3259,0.5778
3260,0.5806
3261,0.5787
3262,0.5715
3263,0.5719
3264,0.5744
3265,0.5691
3266,0.5723
3267,0.5728
3268,0.5769
3269,0.5839
3270,0.5918
3271,0.5989
3272,0.5999
3273,0.5995
3274,0.5996
3275,0.5967
3276,0.6045
3277,0.6105
3278,0.6188
3279,0.6259
3280,0.6224
3281,0.6265
3282,0.6311
3283,0.6275
3284,0.6327
3285,0.6343
3286,0.6328
3287,0.6472
3288,0.6534
3289,0.6578
3290,0.6596
3291,0.6554
3292,0.6742
3293,0.6864
3294,0.6945
3295,0.6927
3296,0.6987
3297,0.6960
3298,0.6925
3299,0.6918
3300,0.6979
3301,0.6996
3302,0.7028
3303,0.6994
3304,0.7112
3305,0.7081
3306,0.7095
3307,0.7146
3308,0.7152
3309,0.7195
3310,0.7194
3311,0.7125
3312,0.7207
3313,0.7254
3314,0.7224
3315,0.7263
3316,0.7272
3317,0.7318
3318,0.7281
3319,0.7274
3320,0.7310
3321,0.7340
3322,0.7437
3323,0.7450
3324,0.7371
3325,0.7383
3326,0.7374
3327,0.7386
3328,0.7471
3329,0.7507
3330,0.7477
3331,0.7409
3332,0.7418
3333,0.7450
3334,0.7522
3335,0.7553
3336,0.7541
3337,0.7523
3338,0.7523
3339,0.7559
3340,0.7521
3341,0.7510
3342,0.7385
3343,0.7388
3344,0.7433
3345,0.7478
3346,0.7402
3347,0.7437
3348,0.7446
3349,0.7459
3350,0.7452
3351,0.7477
3352,0.7483
3353,0.7610
3354,0.7588
3355,0.7550
3356,0.7529
3357,0.7502
3358,0.7448
3359,0.7503
3360,0.7465
3361,0.7478
3362,0.7492
3363,0.7410
3364,0.7389
3365,0.7345
3366,0.7361
3367,0.7392
3368,0.7448
3369,0.7459
3370,0.7477
3371,0.7562
3372,0.7596
3373,0.7571
3374,0.7650
3375,0.7668
3376,0.7663
3377,0.7624
3378,0.7636
3379,0.7638
3380,0.7648
3381,0.7631
3382,0.7626
3383,0.7697
3384,0.7662
3385,0.7689
3386,0.7776
3387,0.7702
3388,0.7740
3389,0.7752
3390,0.7778
3391,0.7821
3392,0.7791
3393,0.7772
3394,0.7781
3395,0.7680
3396,0.7633
3397,0.7609
3398,0.7592
3399,0.7594
3400,0.7589
3401,0.7608
3402,0.7655
3403,0.7682
3404,0.7706
3405,0.7758
3406,0.7749
3407,0.7757
3408,0.7771
3409,0.7840
3410,0.7776
3411,0.7762
3412,0.7688
3413,0.7650
3414,0.7684
3415,0.7733
3416,0.7705
3417,0.7664
3418,0.7651
3419,0.7704
3420,0.7621
3421,0.7523
3422,0.7461
3423,0.7474
3424,0.7473
3425,0.7510
3426,0.7484
3427,0.7469
3428,0.7411
3429,0.7442
3430,0.7437
3431,0.7483
3432,0.7460
3433,0.7474
3434,0.7518
3435,0.7500
3436,0.7471
3437,0.7486
3438,0.7484
3439,0.7481
3440,0.7560
3441,0.7523
3442,0.7531
3443,0.7500
3444,0.7445
3445,0.7435
3446,0.7489
3447,0.7518
3448,0.7521
3449,0.7586
3450,0.7596
3451,0.7552
3452,0.7536
3453,0.7581
3454,0.7591
3455,0.7533
3456,0.7548
3457,0.7498
3458,0.7484
3459,0.7490
3460,0.7491
3461,0.7457
3462,0.7503
3463,0.7441
3464,0.7417
3465,0.7383
3466,0.7393
3467,0.7420
3468,0.7417
3469,0.7330
3470,0.7313
3471,0.7396
3472,0.7425
3473,0.7404
3474,0.7389
3475,0.7307
3476,0.7307
3477,0.7376
3478,0.7387
3479,0.7420
3480,0.7371
3481,0.7286
3482,0.7249
3483,0.7161
3484,0.7148
3485,0.7159
3486,0.7197
3487,0.7186
3488,0.7207
3489,0.7169
3490,0.7181
3491,0.7110
3492,0.7084
3493,0.7065
3494,0.7056
3495,0.7086
3496,0.7024
3497,0.7009
3498,0.7002
3499,0.6950
3500,0.6977
3501,0.6837
3502,0.6755
3503,0.6727
3504,0.6697
3505,0.6542
3506,0.6418
3507,0.6397
3508,0.6304
3509,0.6103
3510,0.5897
3511,0.5874
3512,0.5881
3513,0.5622
3514,0.5362
3515,0.5124
3516,0.4864
3517,0.4636
3518,0.4382
3519,0.4121
3520,0.3911
3521,0.3600
3522,0.3307
3523,0.3135
3524,0.3018
3525,0.3215
3526,0.3343
3527,0.3492
3528,0.3598
3529,0.3798
3530,0.3941
3531,0.3962
3532,0.3932
3533,0.4014
3534,0.4138
3535,0.4194
3536,0.4261
3537,0.4318
3538,0.4315
3539,0.4275
3540,0.4300
3541,0.4381
3542,0.4439
3543,0.4436
3544,0.4434
3545,0.4415
3546,0.4327
3547,0.4300
3548,0.4326
3549,0.4313
3550,0.4284
3551,0.4286
3552,0.4358
3553,0.4380
3554,0.4402
3555,0.4372
3556,0.4356
3557,0.4379
3558,0.4360
3559,0.4326
3560,0.4334
3561,0.4296
3562,0.4236
3563,0.4184
3564,0.4200
3565,0.4140
3566,0.4098
3567,0.4026
3568,0.4013
3569,0.4002
3570,0.3962
3571,0.3911
3572,0.3887
3573,0.3897
3574,0.3812
3575,0.3749
3576,0.3698
3577,0.3671
3578,0.3579
3579,0.3477
3580,0.3431
3581,0.3389
3582,0.3323
3583,0.3254
3584,0.3203
3585,0.3128
3586,0.3058
3587,0.3067
3588,0.2986
3589,0.2966
3590,0.2989
3591,0.3006
3592,0.3021
3593,0.2961
3594,0.2932
3595,0.2987
3596,0.3027
3597,0.3010
3598,0.3022
3599,0.3037
3600,0.3063
3601,0.3033
3602,0.3010
3603,0.2975
3604,0.2906
3605,0.2942
3606,0.2937
3607,0.2905
3608,0.2878
3609,0.2836
3610,0.2883
3611,0.2848
3612,0.2808
3613,0.2809
3614,0.2825
3615,0.2796
3616,0.2769
3617,0.2703
3618,0.2637
3619,0.2564
3620,0.2586
3621,0.2525
3622,0.2488
3623,0.2482
3624,0.2516
3625,0.2549
3626,0.2577
3627,0.2581
3628,0.2658
3629,0.2753
3630,0.2770
3631,0.2842
3632,0.2884
3633,0.2952
3634,0.3006
3635,0.3063
3636,0.3118
3637,0.3208
3638,0.3241
3639,0.3344
3640,0.3382
3641,0.3395
3642,0.3380
3643,0.3455
3644,0.3573
3645,0.3609
3646,0.3709
3647,0.3819
3648,0.3856
3649,0.3945
3650,0.4005
3651,0.4054
3652,0.4064
3653,0.4058
3654,0.4111
3655,0.4159
3656,0.4196
3657,0.4266
3658,0.4377
3659,0.4371
3660,0.4379
3661,0.4443
3662,0.4441
3663,0.4500
3664,0.4584
3665,0.4582
3666,0.4576
3667,0.4559
3668,0.4618
3669,0.4622
3670,0.4634
3671,0.4627
3672,0.4702
3673,0.4742
3674,0.4727
3675,0.4700
3676,0.4653
3677,0.4699
3678,0.4698
3679,0.4729
3680,0.4807
3681,0.4843
3682,0.4903
3683,0.4919
3684,0.4887
3685,0.4875
3686,0.4981
3687,0.5017
3688,0.5060
3689,0.4963
3690,0.4906
3691,0.4897
3692,0.4967
3693,0.4928
3694,0.4962
3695,0.4942
3696,0.4921
3697,0.4921
3698,0.4937
3699,0.4851
3700,0.4811
3701,0.4768
3702,0.4763
3703,0.4747
3704,0.4766
3705,0.4749
3706,0.4779
3707,0.4807
3708,0.4671
3709,0.4599
3710,0.4639
3711,0.4618
3712,0.4650
3713,0.4694
3714,0.4636
3715,0.4611
3716,0.4570
3717,0.4530
3718,0.4545
3719,0.4484
3720,0.4408
3721,0.4344
3722,0.4357
3723,0.4305
3724,0.4243
3725,0.4271
3726,0.4255
3727,0.4136
3728,0.4041
3729,0.4027
3730,0.3949
3731,0.3977
3732,0.3947
3733,0.3854
3734,0.3796
3735,0.3749
3736,0.3751
3737,0.3669
3738,0.3650
3739,0.3517
3740,0.3499
3741,0.3507
3742,0.3530
3743,0.3591
3744,0.3548
3745,0.3447
3746,0.3418
3747,0.3273
3748,0.3139
3749,0.3096
3750,0.3022
3751,0.2957
3752,0.2884
3753,0.2841
3754,0.2741
3755,0.2666
3756,0.2659
3757,0.2692
3758,0.2613
3759,0.2543
3760,0.2538
3761,0.2525
3762,0.2402
3763,0.2323
3764,0.2280
3765,0.2245
3766,0.2178
3767,0.2088
3768,0.2005
3769,0.1986
3770,0.1976
3771,0.1985
3772,0.2061
3773,0.2130
3774,0.2190
3775,0.2210
3776,0.2322
3777,0.2390
3778,0.2449
3779,0.2417
3780,0.2411
3781,0.2435
3782,0.2458
3783,0.2531
3784,0.2568
3785,0.2496
3786,0.2559
3787,0.2594
3788,0.2586
3789,0.2534
3790,0.2540
3791,0.2527
3792,0.2434
3793,0.2403
3794,0.2446
3795,0.2505
3796,0.2547
3797,0.2606
3798,0.2553
3799,0.2501
3800,0.2514
3801,0.2656
3802,0.2687
3803,0.2700
3804,0.2604
3805,0.2568
3806,0.2608
3807,0.2614
3808,0.2580
3809,0.2578
3810,0.2595
3811,0.2592
3812,0.2598
3813,0.2692
3814,0.2697
3815,0.2650
3816,0.2687
3817,0.2756
3818,0.2756
3819,0.2741
3820,0.2753
3821,0.2720
3822,0.2735
3823,0.2810
3824,0.2716
3825,0.2660
3826,0.2608
3827,0.2629
3828,0.2674
3829,0.2678
3830,0.2739
3831,0.2753
3832,0.2705
3833,0.2782
3834,0.2823
3835,0.2889
3836,0.2907
3837,0.2861
3838,0.2799
3839,0.2793
3840,0.2828
3841,0.2874
3842,0.2893
3843,0.2855
3844,0.2785
3845,0.2777
3846,0.2771
3847,0.2833
3848,0.2897
3849,0.2893
3850,0.3010
3851,0.3027
3852,0.3016
3853,0.3055
3854,0.3027
3855,0.3032
3856,0.3094
3857,0.3129
3858,0.3022
3859,0.2900
3860,0.2885
3861,0.2887
3862,0.2972
3863,0.3021
3864,0.3040
3865,0.3021
3866,0.3075
3867,0.3173
3868,0.3080
3869,0.3027
3870,0.3018
3871,0.2950
3872,0.2933
3873,0.3067
3874,0.3072
3875,0.3038
3876,0.3014
3877,0.2965
3878,0.2973
3879,0.3027
3880,0.3139
3881,0.3145
3882,0.3115
3883,0.3129
3884,0.3074
3885,0.2995
3886,0.3019
3887,0.3002
3888,0.3037
3889,0.3056
3890,0.3075
3891,0.3058
3892,0.3091
3893,0.3103
3894,0.3113
3895,0.3160
3896,0.3194
3897,0.3151
3898,0.3185
3899,0.3228
3900,0.3301
3901,0.3268
3902,0.3223
3903,0.3154
3904,0.3170
3905,0.3249
3906,0.3270
3907,0.3276
3908,0.3305
3909,0.3315
3910,0.3368
3911,0.3267
3912,0.3232
3913,0.3164
3914,0.3308
3915,0.3442
3916,0.3329
3917,0.3196
3918,0.3170
3919,0.3214
3920,0.3156
3921,0.3080
3922,0.3165
3923,0.3220
3924,0.3212
3925,0.3184
3926,0.3123
3927,0.3102
3928,0.3271
3929,0.3381
3930,0.3336
3931,0.3218
3932,0.3200
3933,0.3191
3934,0.3157
3935,0.3267
3936,0.3310
3937,0.3273
3938,0.3199
3939,0.3356
3940,0.3409
3941,0.3326
3942,0.3230
3943,0.3296
3944,0.3260
3945,0.3274
3946,0.3231
3947,0.3123
3948,0.3117
3949,0.3188
3950,0.3194
3951,0.3239
3952,0.3264
3953,0.3252
3954,0.3258
3955,0.3245
3956,0.3252
3957,0.3249
3958,0.3240
3959,0.3294
3960,0.3312
3961,0.3335
3962,0.3410
3963,0.3389
3964,0.3352
3965,0.3424
3966,0.3453
3967,0.3431
3968,0.3377
3969,0.3430
3970,0.3459
3971,0.3449
3972,0.3422
3973,0.3402
3974,0.3422
3975,0.3414
3976,0.3450
3977,0.3509
3978,0.3489
3979,0.3430
3980,0.3441
3981,0.3459
3982,0.3383
3983,0.3362
3984,0.3387
3985,0.3336
3986,0.3326
3987,0.3391
3988,0.3440
3989,0.3427
3990,0.3301
3991,0.3291
3992,0.3302
3993,0.3307
3994,0.3274
3995,0.3278
3996,0.3199
3997,0.3238
3998,0.3288
3999,0.3285
