clip,fps,frames,guard_s,guard_mode,min_seg_s,bin_frames,severity,source_screen_sha256,reducer_sha256,airborne_frac,infeasible_frac,torque_infeasible_frac,severe_frac,severe_frac_guarded,feasible_frac_kept,n_severe_windows,screen_schema,screen_gap_m,n_feasible_segments,n_bins,n_bins_eligible,bin_eligible_frac,unsupported_ratio_p95
ACCAD_Female1General_c3d_A5_-_pick_up_box_poses_120_jpos,50.0,314,0.0,symmetric,0.0,50,severe,d52f5a5a6638e93f6ef4d01143f72a1edb3df2980c660d3f0417db85bbc29b8f,5c46376599812bf081c5d26aa5153b23d3dee93b9aaedf192ca6e995b2d2f224,0.20382165605095542,0.20382165605095542,0.0,0.20382165605095542,0.20382165605095542,0.7961783439490446,1,torque_limited,0.06,2,7,5,0.7142857142857143,1.1604162342874507
ACCAD_Male2MartialArtsKicks_c3d_G3_-_front_kick_poses_120_jpos,50.0,115,0.0,symmetric,0.0,50,severe,8572356897299b28003128f3af499907bdbec3d7029fc8d991c75c81430eb1fa,5c46376599812bf081c5d26aa5153b23d3dee93b9aaedf192ca6e995b2d2f224,0.1565217391304348,0.1565217391304348,0.0,0.1565217391304348,0.1565217391304348,0.8434782608695652,1,torque_limited,0.06,2,3,2,0.6666666666666666,0.897985356604796
BMLhandball_S07_Expert_Trial_upper_right_210_poses_120_jpos,50.0,582,0.0,symmetric,0.0,50,severe,4846ab5b61d8eded0165961a8967ce975c6659b943ba80d055ef3361451baac0,5c46376599812bf081c5d26aa5153b23d3dee93b9aaedf192ca6e995b2d2f224,0.19072164948453607,0.19072164948453607,0.0,0.19072164948453607,0.19072164948453607,0.8092783505154639,4,torque_limited,0.06,5,12,8,0.6666666666666666,1.0290249956503905
BMLmovi_Subject_17_F_MoSh_Subject_17_F_14_poses_120_jpos,50.0,342,0.0,symmetric,0.0,50,severe,3008ff27ab9405f4eaa45a984156cf43b9a307fcd34237f68f290a285fdc429d,5c46376599812bf081c5d26aa5153b23d3dee93b9aaedf192ca6e995b2d2f224,0.34502923976608185,0.34502923976608185,0.0,0.34502923976608185,0.34502923976608185,0.6549707602339181,2,torque_limited,0.06,3,7,3,0.42857142857142855,1.0564650507235174
BMLmovi_Subject_1_F_MoSh_Subject_1_F_13_poses_120_jpos,50.0,285,0.0,symmetric,0.0,50,severe,64e49a026469bb5c48d9ed6a76115c5c3fa2591e591432aa190c9524886207e5,5c46376599812bf081c5d26aa5153b23d3dee93b9aaedf192ca6e995b2d2f224,0.10877192982456141,0.10877192982456141,0.0,0.10877192982456141,0.10877192982456141,0.8912280701754386,6,torque_limited,0.06,7,6,1,0.16666666666666666,0.8052547860902631
BMLmovi_Subject_27_F_MoSh_Subject_27_F_5_poses_120_jpos,50.0,529,0.0,symmetric,0.0,50,severe,f5eb17d5149902de48fd24947675246eff59ed8a63675542b87888f4b624a962,5c46376599812bf081c5d26aa5153b23d3dee93b9aaedf192ca6e995b2d2f224,0.19659735349716445,0.20793950850661624,0.0,0.20793950850661624,0.20793950850661624,0.7920604914933838,3,torque_limited,0.06,4,11,7,0.6363636363636364,1.0536369670530277
BMLmovi_Subject_3_F_MoSh_Subject_3_F_7_poses_120_jpos,50.0,224,0.0,symmetric,0.0,50,severe,18e7e283c88c333acce3aa470b068761972d33a79a4cd3f576456a2eb6e61f94,5c46376599812bf081c5d26aa5153b23d3dee93b9aaedf192ca6e995b2d2f224,0.16071428571428573,0.16071428571428573,0.0,0.16071428571428573,0.16071428571428573,0.8392857142857143,4,torque_limited,0.06,4,5,1,0.2,1.0274504409581722
BMLmovi_Subject_41_F_MoSh_Subject_41_F_16_poses_120_jpos,50.0,185,0.0,symmetric,0.0,50,severe,40f626129591cd43b25bef79ea9f806df6ef6539aba104eca9f70cf8dc85c9ea,5c46376599812bf081c5d26aa5153b23d3dee93b9aaedf192ca6e995b2d2f224,0.24864864864864866,0.15675675675675677,0.0,0.15675675675675677,0.15675675675675677,0.8432432432432433,3,torque_limited,0.06,4,4,2,0.5,1.45366558050906
BMLmovi_Subject_41_F_MoSh_Subject_41_F_17_poses_120_jpos,50.0,129,0.0,symmetric,0.0,50,severe,0d50194d2728baf074a6f52019992985aea31922ec472cd692662188e15a7b6a,5c46376599812bf081c5d26aa5153b23d3dee93b9aaedf192ca6e995b2d2f224,0.3875968992248062,0.3875968992248062,0.0,0.3875968992248062,0.3875968992248062,0.6124031007751938,1,torque_limited,0.06,2,3,1,0.3333333333333333,1.0545541833785919
BMLmovi_Subject_48_F_MoSh_Subject_48_F_16_poses_120_jpos,50.0,522,0.0,symmetric,0.0,50,severe,14cd98e996b460e97d869d33a70712285c882dfb3b3ea2dabbbbeaf02bf016bc,5c46376599812bf081c5d26aa5153b23d3dee93b9aaedf192ca6e995b2d2f224,0.18582375478927204,0.19923371647509577,0.0,0.19923371647509577,0.19923371647509577,0.8007662835249042,3,torque_limited,0.06,4,11,7,0.6363636363636364,1.0444953776749053
BMLmovi_Subject_51_F_MoSh_Subject_51_F_5_poses_120_jpos,50.0,285,0.0,symmetric,0.0,50,severe,c36a61149b20e8d38b770280eb6a38dfcfab541cfca2b84970c3d231e81019ae,5c46376599812bf081c5d26aa5153b23d3dee93b9aaedf192ca6e995b2d2f224,0.21052631578947367,0.21052631578947367,0.0,0.21052631578947367,0.21052631578947367,0.7894736842105263,5,torque_limited,0.06,6,6,2,0.3333333333333333,1.0343142764611437
BMLmovi_Subject_53_F_MoSh_Subject_53_F_20_poses_120_jpos,50.0,435,0.0,symmetric,0.0,50,severe,786f82e62efdabe0067a0c4be2fb3f507a764b28c7af5f5c5ded8eaf59e78279,5c46376599812bf081c5d26aa5153b23d3dee93b9aaedf192ca6e995b2d2f224,0.1724137931034483,0.15632183908045977,0.0,0.15632183908045977,0.15632183908045977,0.8436781609195402,12,torque_limited,0.06,13,9,3,0.3333333333333333,1.3254387381951958
BMLmovi_Subject_72_F_MoSh_Subject_72_F_6_poses_120_jpos,50.0,237,0.0,symmetric,0.0,50,severe,758015563de701122421f0708d144226f886a91b2f28410ddd62c1ef9590ff1a,5c46376599812bf081c5d26aa5153b23d3dee93b9aaedf192ca6e995b2d2f224,0.1350210970464135,0.1350210970464135,0.0,0.1350210970464135,0.1350210970464135,0.8649789029535865,1,torque_limited,0.06,2,5,4,0.8,0.9946293834417359
BMLmovi_Subject_74_F_MoSh_Subject_74_F_5_poses_120_jpos,50.0,299,0.0,symmetric,0.0,50,severe,cee244ce31639197c4ecf8b80ab5c0f3c03aca0190202d25a957bc9015c84651,5c46376599812bf081c5d26aa5153b23d3dee93b9aaedf192ca6e995b2d2f224,0.4180602006688963,0.4180602006688963,0.0,0.4180602006688963,0.4180602006688963,0.5819397993311036,2,torque_limited,0.06,3,6,1,0.16666666666666666,1.1760547726383195
CMU_02_02_08_poses_120_jpos,50.0,625,0.0,symmetric,0.0,50,severe,8b7e666a57469403a822ab2f49084f39c8939b59cdf9b2c435223caa94af1887,5c46376599812bf081c5d26aa5153b23d3dee93b9aaedf192ca6e995b2d2f224,0.1168,0.1168,0.0,0.1168,0.1168,0.8832,3,torque_limited,0.06,4,13,8,0.6153846153846154,1.0249586699403896
CMU_07_07_01_poses_120_jpos,50.0,132,0.0,symmetric,0.0,50,severe,1cfaad0863a9a3a13486d5757cbae4e12cad3e6aed99e078badc79c55ca4daa1,5c46376599812bf081c5d26aa5153b23d3dee93b9aaedf192ca6e995b2d2f224,0.12121212121212122,0.15151515151515152,0.0,0.15151515151515152,0.15151515151515152,0.8484848484848485,4,torque_limited,0.06,4,3,1,0.3333333333333333,1.123528851061014
CMU_102_102_20_poses_120_jpos,50.0,253,0.0,symmetric,0.0,50,severe,13ccc12eaac7c0d648ae8dc6e105ae21ce405d9c3a93e408ed0989d17c614eda,5c46376599812bf081c5d26aa5153b23d3dee93b9aaedf192ca6e995b2d2f224,0.3201581027667984,0.30434782608695654,0.0,0.30434782608695654,0.30434782608695654,0.6956521739130435,8,torque_limited,0.06,8,6,1,0.16666666666666666,1.2255233064637434
CMU_108_108_13_poses_120_jpos,50.0,65,0.0,symmetric,0.0,50,severe,68af7dd0380a286e5b1f675189073aa862429f7771fb915209f813560c3ae46f,5c46376599812bf081c5d26aa5153b23d3dee93b9aaedf192ca6e995b2d2f224,0.06153846153846154,0.12307692307692308,0.0,0.12307692307692308,0.12307692307692308,0.8769230769230769,2,torque_limited,0.06,1,2,0,0.0,0.9788532626420319
CMU_114_114_04_poses_120_jpos,50.0,373,0.0,symmetric,0.0,50,severe,edd4f3856912d31b14f92ee30d2bbea9935d0333b6e858f52215d822aaf1edef,5c46376599812bf081c5d26aa5153b23d3dee93b9aaedf192ca6e995b2d2f224,0.2359249329758713,0.2359249329758713,0.0,0.2359249329758713,0.2359249329758713,0.7640750670241286,1,torque_limited,0.06,1,8,6,0.75,1.0291778650379846
CMU_114_114_06_poses_120_jpos,50.0,426,0.0,symmetric,0.0,50,severe,a19fab147d1b56ea6cc97b9b4fd0ce4aeeefab418f28820cf5983f9d1ed60005,5c46376599812bf081c5d26aa5153b23d3dee93b9aaedf192ca6e995b2d2f224,0.3967136150234742,0.4154929577464789,0.0,0.4154929577464789,0.4154929577464789,0.5845070422535211,1,torque_limited,0.06,1,9,5,0.5555555555555556,1.0243777662675324
CMU_114_114_09_poses_120_jpos,50.0,949,0.0,symmetric,0.0,50,severe,23ba0495254fc4879b24e5e9331d4d3f96243de80ebf80fb9920b15dd3359371,5c46376599812bf081c5d26aa5153b23d3dee93b9aaedf192ca6e995b2d2f224,0.41938883034773444,0.41938883034773444,0.0,0.41938883034773444,0.41938883034773444,0.5806111696522656,2,torque_limited,0.06,3,19,9,0.47368421052631576,1.1755044428429808
CMU_115_115_06_poses_60_jpos,50.0,297,0.0,symmetric,0.0,50,severe,35f0d715b644642c9be8618fbd9eaca9d1474225d50c2c8eec46b6d2ccc8cac5,5c46376599812bf081c5d26aa5153b23d3dee93b9aaedf192ca6e995b2d2f224,0.2053872053872054,0.2053872053872054,0.0,0.2053872053872054,0.2053872053872054,0.7946127946127947,1,torque_limited,0.06,2,6,4,0.6666666666666666,1.123406555550939
CMU_120_120_07_poses_120_jpos,50.0,464,0.0,symmetric,0.0,50,severe,bb24b451b1edcaf3d5dfa99ef3494e18554b6f7108145de5f35fc11313060b0c,5c46376599812bf081c5d26aa5153b23d3dee93b9aaedf192ca6e995b2d2f224,0.23922413793103448,0.17672413793103448,0.0,0.17672413793103448,0.17672413793103448,0.8232758620689655,8,torque_limited,0.06,9,10,4,0.4,1.363457354889829
CMU_120_120_21_poses_120_jpos,50.0,1297,0.0,symmetric,0.0,50,severe,50bb15490996f54b5765565b162c5a981788e922232d1b873c9c14e0ebd0130a,5c46376599812bf081c5d26aa5153b23d3dee93b9aaedf192ca6e995b2d2f224,0.2413261372397841,0.2413261372397841,0.0,0.2413261372397841,0.2413261372397841,0.7586738627602159,7,torque_limited,0.06,8,26,15,0.5769230769230769,1.0215955434133213
CMU_122_122_01_poses_120_jpos,50.0,264,0.0,symmetric,0.0,50,severe,fcb65c23731fa66e7c6c94ceb6eb845d4455cb59461f2845e0206a3075054ab1,5c46376599812bf081c5d26aa5153b23d3dee93b9aaedf192ca6e995b2d2f224,0.14393939393939395,0.21212121212121213,0.0,0.21212121212121213,0.21212121212121213,0.7878787878787878,3,torque_limited,0.06,4,6,4,0.6666666666666666,0.9878878434488394
CMU_122_122_09_poses_120_jpos,50.0,188,0.0,symmetric,0.0,50,severe,e54c7e5088bdeea8384450aef3955875063c15feb752fbb49cd478a7c4ae1174,5c46376599812bf081c5d26aa5153b23d3dee93b9aaedf192ca6e995b2d2f224,0.3723404255319149,0.3723404255319149,0.0,0.3723404255319149,0.3723404255319149,0.6276595744680851,1,torque_limited,0.06,1,4,2,0.5,1.0076079944484684
CMU_122_122_34_poses_120_jpos,50.0,403,0.0,symmetric,0.0,50,severe,bded7962988650949096a7ed2685e92a0a81d1767a501b20728d0aaa93f68a96,5c46376599812bf081c5d26aa5153b23d3dee93b9aaedf192ca6e995b2d2f224,0.4317617866004963,0.4317617866004963,0.0,0.4317617866004963,0.4317617866004963,0.5682382133995038,1,torque_limited,0.06,1,9,4,0.4444444444444444,1.1117579082162738
CMU_127_127_16_poses_120_jpos,50.0,108,0.0,symmetric,0.0,50,severe,adba086f91ac5f4dc8daec330c0b891687bfd74d725a5b8173129bb70f1a9d6f,5c46376599812bf081c5d26aa5153b23d3dee93b9aaedf192ca6e995b2d2f224,0.23148148148148148,0.2222222222222222,0.0,0.2222222222222222,0.2222222222222222,0.7777777777777778,4,torque_limited,0.06,4,3,1,0.3333333333333333,1.3838042703785938
CMU_131_131_12_poses_120_jpos,50.0,320,0.0,symmetric,0.0,50,severe,9ed10493e16f0a8fb733e83e8256a1c18554a24f24455bb835628deea93116dc,5c46376599812bf081c5d26aa5153b23d3dee93b9aaedf192ca6e995b2d2f224,0.1625,0.165625,0.0,0.165625,0.165625,0.834375,4,torque_limited,0.06,5,7,3,0.42857142857142855,1.0225586205551636
CMU_13_13_32_poses_120_jpos,50.0,140,0.0,symmetric,0.0,50,severe,7195af61af9df930005e7e3333f2607308b5d7f237b89adfd227d2d59bff72c9,5c46376599812bf081c5d26aa5153b23d3dee93b9aaedf192ca6e995b2d2f224,0.37142857142857144,0.2357142857142857,0.0,0.2357142857142857,0.2357142857142857,0.7642857142857142,3,torque_limited,0.06,4,3,1,0.3333333333333333,1.9523866705957937
CMU_132_132_53_poses_120_jpos,50.0,2709,0.0,symmetric,0.0,50,severe,dfa1c5626e9d7ce65cd3b2665762caacf7c01f8b32d0a95442b175c5ef580a5d,5c46376599812bf081c5d26aa5153b23d3dee93b9aaedf192ca6e995b2d2f224,0.15725359911406422,0.2517534145441122,0.0,0.2517534145441122,0.2517534145441122,0.7482465854558877,49,torque_limited,0.06,50,55,20,0.36363636363636365,0.9752455450948139
CMU_135_135_02_poses_120_jpos,50.0,2168,0.0,symmetric,0.0,50,severe,df74a35c6176bed85199fd27b6436d0e9dce730de835de57fe5fb48ee9a9acb2,5c46376599812bf081c5d26aa5153b23d3dee93b9aaedf192ca6e995b2d2f224,0.27075645756457567,0.2878228782287823,0.00507380073800738,0.29289667896678967,0.29289667896678967,0.7071033210332104,57,torque_limited,0.06,58,44,11,0.25,1.1360947147212428
CMU_136_136_06_poses_120_jpos,50.0,393,0.0,symmetric,0.0,50,severe,50a3765514e5d0cade1d52ed658d5ffdc323c490cc5fbeb09f5b6340d879a10d,5c46376599812bf081c5d26aa5153b23d3dee93b9aaedf192ca6e995b2d2f224,0.10687022900763359,0.17557251908396945,0.0,0.17557251908396945,0.17557251908396945,0.8244274809160306,8,torque_limited,0.06,9,8,3,0.375,0.9882088691627869
CMU_136_136_27_poses_120_jpos,50.0,453,0.0,symmetric,0.0,50,severe,ea5be51c6ffd1d005d88cf2cfba7612107dc0bc9aaf51f656aec2919bae41651,5c46376599812bf081c5d26aa5153b23d3dee93b9aaedf192ca6e995b2d2f224,0.2141280353200883,0.2163355408388521,0.0,0.2163355408388521,0.2163355408388521,0.7836644591611479,8,torque_limited,0.06,9,10,4,0.4,1.0073481164895584
CMU_137_137_08_poses_120_jpos,50.0,808,0.0,symmetric,0.0,50,severe,dda39b9b19aaceaba225feaf91dd7fb67f64bcd742efd5eca9c016a3fb705be4,5c46376599812bf081c5d26aa5153b23d3dee93b9aaedf192ca6e995b2d2f224,0.1150990099009901,0.1150990099009901,0.0,0.1150990099009901,0.1150990099009901,0.8849009900990099,9,torque_limited,0.06,10,17,9,0.5294117647058824,1.0197916846397115
CMU_138_138_25_poses_120_jpos,50.0,149,0.0,symmetric,0.0,50,severe,4a7a5eac431a849ac857bcbc45fba1c30bd68e0732c81ee1d38325002d59ac20,5c46376599812bf081c5d26aa5153b23d3dee93b9aaedf192ca6e995b2d2f224,0.08053691275167785,0.12080536912751678,0.0,0.12080536912751678,0.12080536912751678,0.8791946308724832,3,torque_limited,0.06,3,3,1,0.3333333333333333,0.9167271435238226
CMU_139_139_15_poses_60_jpos,50.0,898,0.0,symmetric,0.0,50,severe,50731029e3b50329b2ebfe24d602387ef3b93c7396d567ee9bc0c38f70dd3495,5c46376599812bf081c5d26aa5153b23d3dee93b9aaedf192ca6e995b2d2f224,0.2505567928730512,0.2594654788418708,0.0,0.2594654788418708,0.2594654788418708,0.7405345211581291,13,torque_limited,0.06,14,18,3,0.16666666666666666,1.0175139307645606
CMU_143_143_09_poses_60_jpos,50.0,454,0.0,symmetric,0.0,50,severe,22181b32683588957a582b79d42460329fcf591c9178213d1ea3748d55066877,5c46376599812bf081c5d26aa5153b23d3dee93b9aaedf192ca6e995b2d2f224,0.18502202643171806,0.10572687224669604,0.0,0.10572687224669604,0.10572687224669604,0.8942731277533039,8,torque_limited,0.06,9,10,6,0.6,1.287068521909095
CMU_144_144_05_poses_120_jpos,50.0,1161,0.0,symmetric,0.0,50,severe,c87f9b4a5c559060ba7d376f465e4ade490d5e16db640a3782a6c8c15e9d078f,5c46376599812bf081c5d26aa5153b23d3dee93b9aaedf192ca6e995b2d2f224,0.29285099052540914,0.32127476313522824,0.0,0.32127476313522824,0.32127476313522824,0.6787252368647717,22,torque_limited,0.06,23,24,4,0.16666666666666666,1.0395118356393402
CMU_144_144_17_poses_120_jpos,50.0,1175,0.0,symmetric,0.0,50,severe,7cc5f90f0d233a91028234b27a108117dbba22e60b410cd32e865a320d79a2e6,5c46376599812bf081c5d26aa5153b23d3dee93b9aaedf192ca6e995b2d2f224,0.19063829787234043,0.34808510638297874,0.0,0.34808510638297874,0.34808510638297874,0.6519148936170213,21,torque_limited,0.06,22,24,6,0.25,1.008815662610461
CMU_16_16_35_poses_120_jpos,50.0,68,0.0,symmetric,0.0,50,severe,8ebadad11e7c963c6a4fe16691cd0acbcce046cb5a5676df061563fee654f979,5c46376599812bf081c5d26aa5153b23d3dee93b9aaedf192ca6e995b2d2f224,0.058823529411764705,0.11764705882352941,0.0,0.11764705882352941,0.11764705882352941,0.8823529411764706,2,torque_limited,0.06,1,2,0,0.0,1.066187543774497
CMU_18_19_Justin_18_07_poses_120_jpos,50.0,121,0.0,symmetric,0.0,50,severe,57895cf151d81073aaa5d74e99b3da472eb8bcc390c517de99d382e68a1c10c6,5c46376599812bf081c5d26aa5153b23d3dee93b9aaedf192ca6e995b2d2f224,0.1487603305785124,0.1487603305785124,0.0,0.1487603305785124,0.1487603305785124,0.8512396694214877,2,torque_limited,0.06,3,3,1,0.3333333333333333,1.058161900925811
CMU_18_19_Justin_18_15_poses_120_jpos,50.0,640,0.0,symmetric,0.0,50,severe,181629764bea486d85ad94582ddeb05f5a11cdedcb2293190c2fac4ee22891b4,5c46376599812bf081c5d26aa5153b23d3dee93b9aaedf192ca6e995b2d2f224,0.109375,0.11875,0.0,0.11875,0.11875,0.88125,4,torque_limited,0.06,5,13,9,0.6923076923076923,1.1173682147409747
CMU_36_36_04_poses_120_jpos,50.0,1553,0.0,symmetric,0.0,50,severe,63bf9e1250e6cc5da1202a9d6dea1ef170a85516652838c15f0a5cb597b43d12,5c46376599812bf081c5d26aa5153b23d3dee93b9aaedf192ca6e995b2d2f224,0.2755956213779781,0.27945911139729557,0.0,0.27945911139729557,0.27945911139729557,0.7205408886027045,8,torque_limited,0.06,9,32,16,0.5,1.0099774699561754
CMU_36_36_18_poses_120_jpos,50.0,1793,0.0,symmetric,0.0,50,severe,fef53a99231e3ca19d9d60fb4fa0266fac5765e9165573dd0583568abd0301a5,5c46376599812bf081c5d26aa5153b23d3dee93b9aaedf192ca6e995b2d2f224,0.35861684327941995,0.35973229224762965,0.0,0.35973229224762965,0.35973229224762965,0.6402677077523703,8,torque_limited,0.06,9,36,16,0.4444444444444444,1.0673340641814522
CMU_54_54_21_poses_120_jpos,50.0,2912,0.0,symmetric,0.0,50,severe,3f4deffe799babbab631c8b91597adde77f5f948d49708a0b25222d1b5f8adad,5c46376599812bf081c5d26aa5153b23d3dee93b9aaedf192ca6e995b2d2f224,0.11778846153846154,0.11778846153846154,0.0,0.11778846153846154,0.11778846153846154,0.8822115384615384,27,torque_limited,0.06,28,59,39,0.6610169491525424,0.9955924605835781
CMU_54_54_22_poses_120_jpos,50.0,1056,0.0,symmetric,0.0,50,severe,8a54c2bd85b5165ca0484e888bab949339a74151f1a8abee453a66a9b9888207,5c46376599812bf081c5d26aa5153b23d3dee93b9aaedf192ca6e995b2d2f224,0.13920454545454544,0.13920454545454544,0.0,0.13920454545454544,0.13920454545454544,0.8607954545454546,11,torque_limited,0.06,11,22,13,0.5909090909090909,1.015587776480876
CMU_60_60_09_poses_60_jpos,50.0,2145,0.0,symmetric,0.0,50,severe,8d8cf5542f8a96597e99637a605e307d1a2bb7c5f071e7fd2e159ae87b8f5fae,5c46376599812bf081c5d26aa5153b23d3dee93b9aaedf192ca6e995b2d2f224,0.2573426573426573,0.26666666666666666,0.0,0.26666666666666666,0.26666666666666666,0.7333333333333333,37,torque_limited,0.06,38,43,12,0.27906976744186046,1.0804808315145378
CMU_78_78_31_poses_120_jpos,50.0,333,0.0,symmetric,0.0,50,severe,c5c70904216569167bebd8ddf2de9f55249e0c6f606ad6e024b045708f4be5ab,5c46376599812bf081c5d26aa5153b23d3dee93b9aaedf192ca6e995b2d2f224,0.2912912912912913,0.32732732732732733,0.003003003003003003,0.3303303303303303,0.3303303303303303,0.6696696696696697,12,torque_limited,0.06,13,7,1,0.14285714285714285,0.9548833426672905
CMU_82_82_07_poses_120_jpos,50.0,499,0.0,symmetric,0.0,50,severe,243a4d910d2c85cb93893464a9ead6b24b13cf122ba812fe0268c5201ec5536e,5c46376599812bf081c5d26aa5153b23d3dee93b9aaedf192ca6e995b2d2f224,0.056112224448897796,0.35070140280561124,0.0,0.35070140280561124,0.35070140280561124,0.6492985971943888,11,torque_limited,0.06,12,10,2,0.2,0.9467506912472882
CMU_83_83_15_poses_120_jpos,50.0,218,0.0,symmetric,0.0,50,severe,82f2a3e522db3d0156d60c049e48586438e128a194d4b865760222883bb329a5,5c46376599812bf081c5d26aa5153b23d3dee93b9aaedf192ca6e995b2d2f224,0.4954128440366973,0.4954128440366973,0.0,0.4954128440366973,0.4954128440366973,0.5045871559633027,1,torque_limited,0.06,1,5,2,0.4,1.0031747822082415
CMU_83_83_16_poses_120_jpos,50.0,213,0.0,symmetric,0.0,50,severe,85c9b7ca7df131cc6365ef20612132e337be93e4fb64185411b0ab087995ba37,5c46376599812bf081c5d26aa5153b23d3dee93b9aaedf192ca6e995b2d2f224,0.40375586854460094,0.4084507042253521,0.0,0.4084507042253521,0.4084507042253521,0.5915492957746479,2,torque_limited,0.06,2,5,3,0.6,1.003495807922189
CMU_83_83_34_poses_120_jpos,50.0,403,0.0,symmetric,0.0,50,severe,9937a8ceb45174caf603ffa31a4e8f8dcb2596f27c96de289268feb07eecaedd,5c46376599812bf081c5d26aa5153b23d3dee93b9aaedf192ca6e995b2d2f224,0.4317617866004963,0.4317617866004963,0.0,0.4317617866004963,0.4317617866004963,0.5682382133995038,1,torque_limited,0.06,1,9,4,0.4444444444444444,1.1057654282225886
CMU_83_83_49_poses_120_jpos,50.0,190,0.0,symmetric,0.0,50,severe,9a9b5aaac7fb90cd0ed53dbc80bb3a1b6e55f38b301c8061a592b27ebc0a45f5,5c46376599812bf081c5d26aa5153b23d3dee93b9aaedf192ca6e995b2d2f224,0.17894736842105263,0.10526315789473684,0.0,0.10526315789473684,0.10526315789473684,0.8947368421052632,3,torque_limited,0.06,4,4,3,0.75,1.2888418068051866
CMU_83_83_53_poses_120_jpos,50.0,225,0.0,symmetric,0.0,50,severe,a99e1449736e4f8aa094ce828ad3b353bcbf9eae6d8718071f4a7d10c910a13c,5c46376599812bf081c5d26aa5153b23d3dee93b9aaedf192ca6e995b2d2f224,0.3022222222222222,0.19555555555555557,0.0,0.19555555555555557,0.19555555555555557,0.8044444444444444,4,torque_limited,0.06,5,5,3,0.6,1.9185108143049585
DFaust_67_50004_50004_knees_poses_60_jpos,50.0,609,0.0,symmetric,0.0,50,severe,30cb701f91bb2b7254edaca2a610701c0a9abd2d7684b227b44cb1d635469c70,5c46376599812bf081c5d26aa5153b23d3dee93b9aaedf192ca6e995b2d2f224,0.2348111658456486,0.2348111658456486,0.0,0.2348111658456486,0.2348111658456486,0.7651888341543513,3,torque_limited,0.06,4,13,8,0.6153846153846154,1.0063697524089565
DFaust_67_50025_50025_punching_poses_60_jpos,50.0,166,0.0,symmetric,0.0,50,severe,733a493e3e6cfd37080b14dd20185b91c9a37852d7cda46f7c9ffa00f17a8c08,5c46376599812bf081c5d26aa5153b23d3dee93b9aaedf192ca6e995b2d2f224,0.13855421686746988,0.13855421686746988,0.0,0.13855421686746988,0.13855421686746988,0.8614457831325302,2,torque_limited,0.06,3,4,2,0.5,1.029498890751932
Eyes_Japan_Dataset_aita_accident-08-damage_rightfoot-aita_poses_120_jpos,50.0,1500,0.0,symmetric,0.0,50,severe,5de60a45a718eaf77fb43663aa3779d441381e96445250b30d6a1c1abcf004b2,5c46376599812bf081c5d26aa5153b23d3dee93b9aaedf192ca6e995b2d2f224,0.162,0.162,0.0,0.162,0.162,0.838,6,torque_limited,0.06,7,30,21,0.7,1.0624575307172028
Eyes_Japan_Dataset_aita_gesture_etc-20-swing_chair-aita_poses_120_jpos,50.0,1500,0.0,symmetric,0.0,50,severe,8553316181e3b85eb5bdeffbbb61a4e9bade330f615c977ffc64b306eddf0905,5c46376599812bf081c5d26aa5153b23d3dee93b9aaedf192ca6e995b2d2f224,0.44,0.44,0.0,0.44,0.44,0.56,4,torque_limited,0.06,5,30,14,0.4666666666666667,1.1654914979555726
Eyes_Japan_Dataset_aita_sitdown_standup-16-reseat-aita_poses_120_jpos,50.0,1500,0.0,symmetric,0.0,50,severe,45d5cb05ee82cdb558925af20d274cd96741ef8242f172a557142f781e05efa3,5c46376599812bf081c5d26aa5153b23d3dee93b9aaedf192ca6e995b2d2f224,0.39466666666666667,0.39466666666666667,0.0,0.39466666666666667,0.39466666666666667,0.6053333333333333,5,torque_limited,0.06,6,30,15,0.5,1.0998188090451813
Eyes_Japan_Dataset_aita_walk-23-shuffle_oneleg-aita_poses_120_jpos,50.0,1500,0.0,symmetric,0.0,50,severe,f5dfc3b19d649048e80165efe03001d4adfc15e7aa622e2b78eb1573f3655b80,5c46376599812bf081c5d26aa5153b23d3dee93b9aaedf192ca6e995b2d2f224,0.28733333333333333,0.422,0.0,0.422,0.422,0.578,33,torque_limited,0.06,34,30,5,0.16666666666666666,1.0432112748191156
Eyes_Japan_Dataset_hamada_walk-02-drank-hamada_poses_120_jpos,50.0,1500,0.0,symmetric,0.0,50,severe,6ae9a300a2efff400bec62418538867bb8a5489cd2dd88aaead64dafe628a7ee,5c46376599812bf081c5d26aa5153b23d3dee93b9aaedf192ca6e995b2d2f224,0.21666666666666667,0.22466666666666665,0.0,0.22466666666666665,0.22466666666666665,0.7753333333333333,36,torque_limited,0.06,37,30,9,0.3,1.1233454077959013
Eyes_Japan_Dataset_kaiwa_jump-03-vertical-kaiwa_poses_120_jpos,50.0,1500,0.0,symmetric,0.0,50,severe,ea8c14a69f92b7b7cd4b089b2cc00de8347ffe02de8499cbcf917555f2f0c0c4,5c46376599812bf081c5d26aa5153b23d3dee93b9aaedf192ca6e995b2d2f224,0.23,0.156,0.0,0.156,0.156,0.844,16,torque_limited,0.06,17,30,17,0.5666666666666667,1.6629284851865158
Eyes_Japan_Dataset_kanno_accident-11-fall_down-kanno_poses_120_jpos,50.0,1488,0.0,symmetric,0.0,50,severe,5b0c2f5c193f58962071bea1d7ab3b74532d2b71f9766e9f6b44cc634b3360f1,5c46376599812bf081c5d26aa5153b23d3dee93b9aaedf192ca6e995b2d2f224,0.12231182795698925,0.1297043010752688,0.0,0.1297043010752688,0.1297043010752688,0.8702956989247311,18,torque_limited,0.06,19,30,17,0.5666666666666667,0.9875362438573734
Eyes_Japan_Dataset_yamaoka_tennis-01-forehand-yamaoka_poses_120_jpos,50.0,1240,0.0,symmetric,0.0,50,severe,15e99ef1b81121cfddb0b97c0629266bf94d7d7dd5e25aa054246574710624a6,5c46376599812bf081c5d26aa5153b23d3dee93b9aaedf192ca6e995b2d2f224,0.12983870967741937,0.1596774193548387,0.0,0.1596774193548387,0.1596774193548387,0.8403225806451613,18,torque_limited,0.06,19,25,12,0.48,1.0590944041901342
HUMAN4D_Subject3_4_Carine_INF_Dancing_S3S4_01_poses_120_jpos,50.0,1012,0.0,symmetric,0.0,50,severe,d2c1e430a415f769fcde468ab5e7ac5e8349175030f19e5f62e98fa4f058c6cd,5c46376599812bf081c5d26aa5153b23d3dee93b9aaedf192ca6e995b2d2f224,0.10177865612648221,0.11857707509881422,0.010869565217391304,0.12944664031620554,0.12944664031620554,0.8705533596837944,17,torque_limited,0.06,18,21,11,0.5238095238095238,0.9739920161165425
HUMAN4D_Subject3_Medhi_RGB_TalkingWalking_S3_01_poses_120_jpos,50.0,1224,0.0,symmetric,0.0,50,severe,f3f0440cc49685fdbbb6163a332bac1d2af768375d132a2b50ea83351aa1b82f,5c46376599812bf081c5d26aa5153b23d3dee93b9aaedf192ca6e995b2d2f224,0.11356209150326797,0.16666666666666666,0.0,0.16666666666666666,0.16666666666666666,0.8333333333333334,21,torque_limited,0.06,22,25,7,0.28,1.0212898046381331
HUMAN4D_Subject4_Carine_RGB_BasketBall_S4_01_poses_120_jpos,50.0,863,0.0,symmetric,0.0,50,severe,edf470046dc97997bc8792cdc193a28ceb6d5f71fbc7e33d00d73197f4cf06b2,5c46376599812bf081c5d26aa5153b23d3dee93b9aaedf192ca6e995b2d2f224,0.2688296639629201,0.2688296639629201,0.0,0.2688296639629201,0.2688296639629201,0.7311703360370799,12,torque_limited,0.06,13,18,6,0.3333333333333333,1.1622659538773388
KIT_183_walking_run02_poses_100_jpos,50.0,210,0.0,symmetric,0.0,50,severe,0c17ac153e2d6a6ab3891267d999b3a8fa0d14189318206dcf2e8dcb963e1f0c,5c46376599812bf081c5d26aa5153b23d3dee93b9aaedf192ca6e995b2d2f224,0.19523809523809524,0.17142857142857143,0.0,0.17142857142857143,0.17142857142857143,0.8285714285714286,5,torque_limited,0.06,6,5,3,0.6,1.4380881899132303
KIT_183_walking_run07_poses_100_jpos,50.0,191,0.0,symmetric,0.0,50,severe,664e285998b27573fd1645e2bbefeb9ea52eeb49ae9a97859fb563a026217063,5c46376599812bf081c5d26aa5153b23d3dee93b9aaedf192ca6e995b2d2f224,0.24607329842931938,0.23036649214659685,0.0,0.23036649214659685,0.23036649214659685,0.7696335078534031,5,torque_limited,0.06,6,4,2,0.5,1.5178401494210307
KIT_200_Kniebeuge01_poses_100_jpos,50.0,374,0.0,symmetric,0.0,50,severe,107d5e615918428c0790e0e7467682dbd4f0d460db33737465ca1ca88850a702,5c46376599812bf081c5d26aa5153b23d3dee93b9aaedf192ca6e995b2d2f224,0.3502673796791444,0.3502673796791444,0.0,0.3502673796791444,0.3502673796791444,0.6497326203208557,2,torque_limited,0.06,3,8,3,0.375,1.1386782073715813
KIT_200_Kniebeuge04_poses_100_jpos,50.0,218,0.0,symmetric,0.0,50,severe,0104ed950980e1127f40198fd9e70d890179e3bf2cc5404707dc8847449f8e21,5c46376599812bf081c5d26aa5153b23d3dee93b9aaedf192ca6e995b2d2f224,0.3211009174311927,0.3211009174311927,0.0,0.3211009174311927,0.3211009174311927,0.6788990825688074,1,torque_limited,0.06,2,5,3,0.6,1.1217249922874046
KIT_200_Kniebeuge06_poses_100_jpos,50.0,220,0.0,symmetric,0.0,50,severe,c61c44ba37f2b3c47a24cdc7513606ce0810b3f98fb0fcb65cfe46b443b16b58,5c46376599812bf081c5d26aa5153b23d3dee93b9aaedf192ca6e995b2d2f224,0.29545454545454547,0.29545454545454547,0.0,0.29545454545454547,0.29545454545454547,0.7045454545454546,1,torque_limited,0.06,2,5,3,0.6,1.137822138801055
KIT_314_go_over_beam01_poses_100_jpos,50.0,543,0.0,symmetric,0.0,50,severe,c06b876197b19c45845a6b8552ed74e9fb3f7eda93da99c4278cf16a71e76fc7,5c46376599812bf081c5d26aa5153b23d3dee93b9aaedf192ca6e995b2d2f224,0.3683241252302026,0.3683241252302026,0.0,0.3683241252302026,0.3683241252302026,0.6316758747697975,1,torque_limited,0.06,2,11,6,0.5454545454545454,1.045810054408214
KIT_317_go_over_beam06_poses_100_jpos,50.0,292,0.0,symmetric,0.0,50,severe,833cd02fd54526aac6bceec416b755d19873cc7e88cb1908b0bd7c2faf1f9cc2,5c46376599812bf081c5d26aa5153b23d3dee93b9aaedf192ca6e995b2d2f224,0.4554794520547945,0.4623287671232877,0.0,0.4623287671232877,0.4623287671232877,0.5376712328767124,1,torque_limited,0.06,2,6,2,0.3333333333333333,1.0773928698851387
KIT_317_go_over_beam08_poses_100_jpos,50.0,309,0.0,symmetric,0.0,50,severe,e356f57aa63e9a0a612e7cebc558c614bf2262942da873346b72e79e7d2bbd16,5c46376599812bf081c5d26aa5153b23d3dee93b9aaedf192ca6e995b2d2f224,0.44660194174757284,0.4563106796116505,0.0,0.4563106796116505,0.4563106796116505,0.5436893203883495,1,torque_limited,0.06,2,7,3,0.42857142857142855,1.0803585360044625
KIT_359_go_over_beam02_poses_100_jpos,50.0,428,0.0,symmetric,0.0,50,severe,64f9263cc4f78bb248426ad22c984754c9191c9868b3621ec1652b259683b500,5c46376599812bf081c5d26aa5153b23d3dee93b9aaedf192ca6e995b2d2f224,0.45093457943925236,0.45093457943925236,0.0,0.45093457943925236,0.45093457943925236,0.5490654205607477,1,torque_limited,0.06,2,9,5,0.5555555555555556,1.0611581409226536
KIT_359_go_over_beam03_poses_100_jpos,50.0,475,0.0,symmetric,0.0,50,severe,0abb9fde9e3c081caf3e56fa8c70f5e9fcc18421af1826e16a236365e2e3fb14,5c46376599812bf081c5d26aa5153b23d3dee93b9aaedf192ca6e995b2d2f224,0.40421052631578946,0.40421052631578946,0.0,0.40421052631578946,0.40421052631578946,0.5957894736842105,1,torque_limited,0.06,2,10,5,0.5,1.037860846253325
KIT_359_walking_fast01_poses_100_jpos,50.0,188,0.0,symmetric,0.0,50,severe,7e2f302ad78c1313f5e98ff812bb1cab20e84cb2b630fe48f9e4f9ea0ac2875b,5c46376599812bf081c5d26aa5153b23d3dee93b9aaedf192ca6e995b2d2f224,0.10106382978723404,0.11170212765957446,0.0,0.11170212765957446,0.11170212765957446,0.8882978723404256,4,torque_limited,0.06,5,4,1,0.25,1.0090449666918522
KIT_3_go_over_beam01_poses_100_jpos,50.0,518,0.0,symmetric,0.0,50,severe,10ac0ddb0220bf07bc52054b7e74932999f5ce88ffa9a0374dde7ff0c2849cc2,5c46376599812bf081c5d26aa5153b23d3dee93b9aaedf192ca6e995b2d2f224,0.3436293436293436,0.3436293436293436,0.0,0.3436293436293436,0.3436293436293436,0.6563706563706564,1,torque_limited,0.06,2,11,7,0.6363636363636364,1.0189509030079444
KIT_3_kick_high_right03_poses_100_jpos,50.0,227,0.0,symmetric,0.0,50,severe,0796fc629d36d0310cc1dd20c0cebde2107c0abe5b1e8941f27ab47e0bec68d2,5c46376599812bf081c5d26aa5153b23d3dee93b9aaedf192ca6e995b2d2f224,0.1762114537444934,0.1762114537444934,0.0,0.1762114537444934,0.1762114537444934,0.8237885462555066,1,torque_limited,0.06,2,5,4,0.8,1.0104360781189576
KIT_3_seesaw_backwards07_poses_100_jpos,50.0,674,0.0,symmetric,0.0,50,severe,5a45c800c6cd92327aa0e9c98c9af015a86c10641e82d39697d728da30792209,5c46376599812bf081c5d26aa5153b23d3dee93b9aaedf192ca6e995b2d2f224,0.2433234421364985,0.2433234421364985,0.0,0.2433234421364985,0.2433234421364985,0.7566765578635015,3,torque_limited,0.06,4,14,10,0.7142857142857143,1.0212745176993738
KIT_3_squat05_poses_100_jpos,50.0,275,0.0,symmetric,0.0,50,severe,5b5e9f4bb6c91976d3f5838ca31fb6dacc5be2542cd74de5e09f228178ef159b,5c46376599812bf081c5d26aa5153b23d3dee93b9aaedf192ca6e995b2d2f224,0.2581818181818182,0.2581818181818182,0.0,0.2581818181818182,0.2581818181818182,0.7418181818181818,1,torque_limited,0.06,2,6,4,0.6666666666666666,1.056113451132051
KIT_424_seesaw01_poses_100_jpos,50.0,437,0.0,symmetric,0.0,50,severe,6174fceb08eee0bbd2ba1ade7e938481d1afe8c44167e677e209d6416cbdc9e4,5c46376599812bf081c5d26aa5153b23d3dee93b9aaedf192ca6e995b2d2f224,0.18764302059496568,0.18764302059496568,0.0,0.18764302059496568,0.18764302059496568,0.8123569794050344,1,torque_limited,0.06,2,9,6,0.6666666666666666,0.9991543173145189
KIT_424_seesaw04_poses_100_jpos,50.0,409,0.0,symmetric,0.0,50,severe,c8f0ddb0ab648afd2e3370fe9e158f355304232423456a26ee5e90391505bf61,5c46376599812bf081c5d26aa5153b23d3dee93b9aaedf192ca6e995b2d2f224,0.2273838630806846,0.2273838630806846,0.0,0.2273838630806846,0.2273838630806846,0.7726161369193154,3,torque_limited,0.06,4,9,5,0.5555555555555556,1.0220235776985844
KIT_424_seesaw09_poses_100_jpos,50.0,300,0.0,symmetric,0.0,50,severe,aa76ccef3081b8a9fec1b1a86f6c1601e839730c17763c1c60a0d99a32ceff6d,5c46376599812bf081c5d26aa5153b23d3dee93b9aaedf192ca6e995b2d2f224,0.11333333333333333,0.11333333333333333,0.0,0.11333333333333333,0.11333333333333333,0.8866666666666667,1,torque_limited,0.06,2,6,4,0.6666666666666666,0.9647739920446237
KIT_424_seesaw_backwards03_poses_100_jpos,50.0,438,0.0,symmetric,0.0,50,severe,135052510e990119996844ec3aa622022939fcc5ee5db48f5b65889b118dfeac,5c46376599812bf081c5d26aa5153b23d3dee93b9aaedf192ca6e995b2d2f224,0.1735159817351598,0.1735159817351598,0.0,0.1735159817351598,0.1735159817351598,0.8264840182648402,2,torque_limited,0.06,3,9,6,0.6666666666666666,1.0187674597428316
KIT_424_step_stones03_poses_100_jpos,50.0,592,0.0,symmetric,0.0,50,severe,6c80b3cc525722045535083c9d2fdcae330d5e611c6535d0903fbf0637605f3c,5c46376599812bf081c5d26aa5153b23d3dee93b9aaedf192ca6e995b2d2f224,0.2939189189189189,0.2939189189189189,0.0,0.2939189189189189,0.2939189189189189,0.706081081081081,2,torque_limited,0.06,3,12,7,0.5833333333333334,1.0250503915729459
KIT_513_seesaw_down09_poses_100_jpos,50.0,313,0.0,symmetric,0.0,50,severe,8a3a5b63c1e65a1d9a02b684dfece1bb78d395c9f67d9da79c616c6ea0c5a774,5c46376599812bf081c5d26aa5153b23d3dee93b9aaedf192ca6e995b2d2f224,0.09584664536741214,0.10543130990415335,0.0,0.10543130990415335,0.10543130990415335,0.8945686900958466,2,torque_limited,0.06,3,7,5,0.7142857142857143,0.981788354883838
KIT_513_seesaw_up03_poses_100_jpos,50.0,452,0.0,symmetric,0.0,50,severe,126d276c4979bb4395bcf3f40a68cbd005162eb691a2fb467e152a371b9e3fc3,5c46376599812bf081c5d26aa5153b23d3dee93b9aaedf192ca6e995b2d2f224,0.2323008849557522,0.2323008849557522,0.0,0.2323008849557522,0.2323008849557522,0.7676991150442478,1,torque_limited,0.06,2,10,7,0.7,1.012239936892567
KIT_513_seesaw_up08_poses_100_jpos,50.0,512,0.0,symmetric,0.0,50,severe,a475b7244a6ffd329c522c3d207bbbecd6238ac7511f5d3378ac5e2d088b26f6,5c46376599812bf081c5d26aa5153b23d3dee93b9aaedf192ca6e995b2d2f224,0.263671875,0.263671875,0.0,0.263671875,0.263671875,0.736328125,2,torque_limited,0.06,3,11,8,0.7272727272727273,1.0216108303520806
KIT_513_seesaw_up10_poses_100_jpos,50.0,458,0.0,symmetric,0.0,50,severe,7e39fe2aa89e25704d0626df2d673ea35abd726d8a1e5bdaec8d6cf8a7d2a22e,5c46376599812bf081c5d26aa5153b23d3dee93b9aaedf192ca6e995b2d2f224,0.17467248908296942,0.1812227074235808,0.0,0.1812227074235808,0.1812227074235808,0.8187772925764192,1,torque_limited,0.06,2,10,7,0.7,1.026808389530277
KIT_572_squat05_poses_100_jpos,50.0,247,0.0,symmetric,0.0,50,severe,b6c32b15a8fb68469f3d2de8d895744bc36213fe00432d0360a5071600441319,5c46376599812bf081c5d26aa5153b23d3dee93b9aaedf192ca6e995b2d2f224,0.22672064777327935,0.22672064777327935,0.0,0.22672064777327935,0.22672064777327935,0.7732793522267206,1,torque_limited,0.06,2,5,3,0.6,1.0647964323473913
SSM_synced_20161014_50033_ATUSquat_sync_poses_120_jpos,50.0,107,0.0,symmetric,0.0,50,severe,062c2c8012a80228afa185fbcc2c8f8fa24bd8a61c6ffb2077e3aa9728a3969e,5c46376599812bf081c5d26aa5153b23d3dee93b9aaedf192ca6e995b2d2f224,0.2616822429906542,0.2616822429906542,0.0,0.2616822429906542,0.2616822429906542,0.7383177570093458,1,torque_limited,0.06,2,3,1,0.3333333333333333,1.554895688973821
Transitions_mocap_mazen_c3d_airkick_jumpingtwist360_poses_120_jpos,50.0,355,0.0,symmetric,0.0,50,severe,01b1c881800beea4b45ac476bc340144c79ef1e7d17d4f23d217017361f2e785,5c46376599812bf081c5d26aa5153b23d3dee93b9aaedf192ca6e995b2d2f224,0.323943661971831,0.29014084507042254,0.0,0.29014084507042254,0.29014084507042254,0.7098591549295775,5,torque_limited,0.06,6,8,4,0.5,1.35066218714821
Transitions_mocap_mazen_c3d_airkick_turntwist180_poses_120_jpos,50.0,400,0.0,symmetric,0.0,50,severe,d36255af087a0cd54e77c14822a5bf30ab22b28a7c9f46f8b5755286b600adcb,5c46376599812bf081c5d26aa5153b23d3dee93b9aaedf192ca6e995b2d2f224,0.0975,0.105,0.0,0.105,0.105,0.895,1,torque_limited,0.06,2,8,6,0.75,0.8942247696699815
Transitions_mocap_mazen_c3d_devishdance_longjump_poses_120_jpos,50.0,511,0.0,symmetric,0.0,50,severe,401fb421377f875f33f7ee075ea02c255e30eeb1e4c55648948e93d4a37bd65b,5c46376599812bf081c5d26aa5153b23d3dee93b9aaedf192ca6e995b2d2f224,0.3816046966731898,0.33659491193737767,0.0,0.33659491193737767,0.33659491193737767,0.6634050880626223,12,torque_limited,0.06,13,11,5,0.45454545454545453,1.3941688148574682
Transitions_mocap_mazen_c3d_punchkarate_kick_poses_120_jpos,50.0,428,0.0,symmetric,0.0,50,severe,31254ce65d45934e504395d8313d1fea47d3a9c57a26d6b5275037e738ed36eb,5c46376599812bf081c5d26aa5153b23d3dee93b9aaedf192ca6e995b2d2f224,0.2967289719626168,0.3247663551401869,0.0,0.3247663551401869,0.3247663551401869,0.6752336448598131,7,torque_limited,0.06,8,9,3,0.3333333333333333,1.1218625747362392
Transitions_mocap_mazen_c3d_twistdance_walk_poses_120_jpos,50.0,410,0.0,symmetric,0.0,50,severe,c806855e5597ba2571c0378542cb29ea690f627c40f922067034d5872d6cbd73,5c46376599812bf081c5d26aa5153b23d3dee93b9aaedf192ca6e995b2d2f224,0.16585365853658537,0.1024390243902439,0.0,0.1024390243902439,0.1024390243902439,0.8975609756097561,9,torque_limited,0.06,10,9,5,0.5555555555555556,0.8435027068662867
