clip,knn_dist,support_density,category,category_mass,duration_s
KIT_1229_flexion_with_help_02_poses_100_jpos,0.3553,0.03567,quiet,0.4474,8.60
KIT_1229_in_out_rotation_with_help_03_poses_100_jpos,0.2957,0.04863,quiet,0.4474,6.14
KIT_1229_hand_to_mouth_right_arm_03_poses_100_jpos,0.3019,0.06800,quiet,0.4474,3.60
KIT_1747_displace_tilt_middle_23_poses_100_jpos,0.2226,0.08669,quiet,0.4474,10.26
KIT_1229_supination_with_help_03_poses_100_jpos,0.3641,0.03311,quiet,0.4474,6.40
KIT_1229_washing_movement_with_help_02_poses_100_jpos,0.3192,0.06826,quiet,0.4474,5.00
KIT_1747_displace_tilt_middle_12_poses_100_jpos,0.1884,0.09711,quiet,0.4474,9.64
KIT_1226_Trial_67_poses_100_jpos,0.2803,0.06640,quiet,0.4474,11.34
KIT_1717_displace_tilt_middle_24_poses_100_jpos,0.1709,0.09166,quiet,0.4474,9.50
KIT_1747_displace_tilt_side_24_poses_100_jpos,0.2027,0.09948,quiet,0.4474,9.80
KIT_1229_take_book_from_shelf_with_help_02_poses_100_jpos,0.2535,0.06370,quiet,0.4474,5.96
KIT_1717_displace_tilt_middle_21_poses_100_jpos,0.2000,0.09141,quiet,0.4474,9.50
KIT_1717_displace_from_left_to_right_30_poses_100_jpos,0.2012,0.09346,quiet,0.4474,4.88
KIT_572_wave_left10_poses_100_jpos,0.2757,0.08774,quiet,0.4474,5.72
KIT_1229_washing_movement_left_arm_03_poses_100_jpos,0.3237,0.07600,quiet,0.4474,3.98
KIT_1226_Trial_13_poses_100_jpos,0.2727,0.09409,quiet,0.4474,7.48
KIT_1717_displace_from_left_to_right_49_poses_100_jpos,0.2693,0.09221,quiet,0.4474,5.22
KIT_1717_displace_from_left_to_right_21_poses_100_jpos,0.2397,0.09006,quiet,0.4474,4.56
KIT_1229_take_of_t-shirt_with_help_05_poses_100_jpos,0.2558,0.06206,quiet,0.4474,7.12
KIT_1717_displace_from_left_to_right_33_poses_100_jpos,0.2409,0.09216,quiet,0.4474,4.24
KIT_3_bow_slight03_poses_100_jpos,0.4652,0.05143,quiet,0.4474,5.46
KIT_1717_displace_tilt_middle_11_poses_100_jpos,0.1687,0.09861,quiet,0.4474,9.06
KIT_572_wipe_circular_right05_poses_100_jpos,0.3243,0.07164,quiet,0.4474,5.26
KIT_3_bow_slight02_poses_100_jpos,0.5126,0.05278,quiet,0.4474,4.50
KIT_1747_displace_tilt_side_05_poses_100_jpos,0.2205,0.10335,quiet,0.4474,9.60
KIT_1717_displace_tilt_side_08_poses_100_jpos,0.2501,0.10393,quiet,0.4474,9.28
CMU_114_114_01_poses_120_jpos,0.5554,0.02726,quiet,0.4474,2.68
KIT_572_wave_both07_poses_100_jpos,0.3194,0.06624,quiet,0.4474,9.10
CMU_105_105_06_poses_120_jpos,0.4819,0.03458,quiet,0.4474,1.14
KIT_1717_displace_from_left_to_right_39_poses_100_jpos,0.2119,0.09701,quiet,0.4474,4.10
KIT_1226_Trial_75_poses_100_jpos,0.2845,0.07743,quiet,0.4474,10.74
KIT_572_wave_left04_poses_100_jpos,0.3749,0.07454,quiet,0.4474,5.82
KIT_1226_Trial_44_poses_100_jpos,0.2416,0.08223,quiet,0.4474,6.48
KIT_969_Trial_18_poses_100_jpos,0.2540,0.07734,quiet,0.4474,18.32
KIT_1226_Trial_06_poses_100_jpos,0.2636,0.10292,quiet,0.4474,7.98
KIT_969_Trial_76_poses_100_jpos,0.2782,0.08307,quiet,0.4474,13.08
KIT_572_wave_left15_poses_100_jpos,0.2846,0.09097,quiet,0.4474,9.06
KIT_969_Trial_79_poses_100_jpos,0.3567,0.08153,quiet,0.4474,15.44
KIT_572_stir_right15_poses_100_jpos,0.3251,0.08890,quiet,0.4474,9.90
KIT_572_stir_right14_poses_100_jpos,0.3209,0.08601,quiet,0.4474,9.48
KIT_969_Trial_33_poses_100_jpos,0.2996,0.08379,quiet,0.4474,12.04
KIT_572_wave_both13_poses_100_jpos,0.8728,0.01609,quiet,0.4474,11.24
KIT_969_Trial_60_poses_100_jpos,0.2120,0.08242,quiet,0.4474,10.20
KIT_1747_displace_tilt_side_21_poses_100_jpos,0.2311,0.10021,quiet,0.4474,9.22
KIT_969_Trial_62_poses_100_jpos,0.2633,0.07343,quiet,0.4474,10.56
KIT_1717_displace_tilt_side_26_poses_100_jpos,0.2200,0.09883,quiet,0.4474,10.94
KIT_1226_Trial_24_poses_100_jpos,0.2981,0.10119,quiet,0.4474,7.70
KIT_969_Trial_41_poses_100_jpos,0.3214,0.09104,quiet,0.4474,12.44
KIT_969_Trial_24_poses_100_jpos,0.2547,0.09012,quiet,0.4474,16.50
KIT_1747_displace_tilt_side_04_poses_100_jpos,0.2304,0.10470,quiet,0.4474,9.48
KIT_1226_Trial_19_poses_100_jpos,0.3036,0.10706,quiet,0.4474,8.76
KIT_1717_displace_tilt_side_42_poses_100_jpos,0.3054,0.08981,quiet,0.4474,10.02
KIT_1226_Trial_78_poses_100_jpos,0.3444,0.08606,quiet,0.4474,17.94
KIT_1226_Trial_03_poses_100_jpos,0.3879,0.08617,quiet,0.4474,111.58
KIT_572_guitar_left13_poses_100_jpos,0.2948,0.06166,quiet,0.4474,7.50
KIT_572_stir_left09_poses_100_jpos,0.2437,0.08894,quiet,0.4474,6.14
KIT_572_guitar_left10_poses_100_jpos,0.2473,0.07829,quiet,0.4474,5.70
KIT_572_guitar_left17_poses_100_jpos,0.2518,0.07790,quiet,0.4474,7.00
KIT_1747_displace_tilt_side_02_poses_100_jpos,0.3543,0.09097,quiet,0.4474,9.36
KIT_1229_take_of_t-shirt_left_arm_05_poses_100_jpos,0.5713,0.08888,quiet,0.4474,3.38
KIT_572_guitar_left18_poses_100_jpos,0.3700,0.05720,quiet,0.4474,7.02
KIT_969_Trial_40_poses_100_jpos,0.3045,0.09167,quiet,0.4474,11.04
KIT_441_drinking05_poses_100_jpos,0.4102,0.05875,quiet,0.4474,13.98
BMLmovi_Subject_70_F_MoSh_Subject_70_F_19_poses_120_jpos,0.3391,0.06780,quiet,0.4474,2.54
BMLmovi_Subject_64_F_MoSh_Subject_64_F_14_poses_120_jpos,0.3352,0.06567,quiet,0.4474,3.94
KIT_969_Trial_69_poses_100_jpos,0.2972,0.09685,quiet,0.4474,13.74
BMLmovi_Subject_30_F_MoSh_Subject_30_F_5_poses_120_jpos,0.3529,0.06559,quiet,0.4474,3.78
CMU_111_111_37_poses_120_jpos,0.6165,0.03499,quiet,0.4474,2.70
HUMAN4D_Subject3_Medhi_RGB_Talking_S3_01_poses_120_jpos,0.5367,0.07889,quiet,0.4474,20.90
BMLmovi_Subject_64_F_MoSh_Subject_64_F_19_poses_120_jpos,0.5025,0.04182,quiet,0.4474,4.00
KIT_948_Wipe_Back_Dabbing_01_poses_100_jpos,0.3740,0.01243,quiet,0.4474,10.48
CMU_13_13_07_poses_120_jpos,0.4450,0.07311,quiet,0.4474,12.10
BMLmovi_Subject_5_F_MoSh_Subject_5_F_9_poses_120_jpos,0.5422,0.04037,quiet,0.4474,2.38
HumanEva_S1_Gestures_3_poses_120_jpos,0.6052,0.02440,quiet,0.4474,17.74
CMU_84_84_09_poses_120_jpos,0.4455,0.03874,quiet,0.4474,1.66
KIT_950_Wipe_Head_Small_Circle_01_poses_100_jpos,0.3416,0.01229,quiet,0.4474,9.36
BMLmovi_Subject_64_F_MoSh_Subject_64_F_13_poses_120_jpos,0.4860,0.05989,quiet,0.4474,3.88
BMLmovi_Subject_22_F_MoSh_Subject_22_F_10_poses_120_jpos,0.3534,0.07667,quiet,0.4474,2.54
Eyes_Japan_Dataset_aita_pose-18-applause-aita_poses_120_jpos,0.5282,0.06448,quiet,0.4474,30.00
KIT_950_Wipe_Head_Dabbing_01_poses_100_jpos,0.3593,0.01213,quiet,0.4474,9.50
BMLmovi_Subject_41_F_MoSh_Subject_41_F_5_poses_120_jpos,0.5735,0.02327,quiet,0.4474,3.64
TCD_handMocap_ExperimentDatabase_graspLumbrical001_1_poses_120_jpos,0.6528,0.00994,quiet,0.4474,5.00
BMLmovi_Subject_62_F_MoSh_Subject_62_F_7_poses_120_jpos,0.3779,0.09334,quiet,0.4474,3.94
BMLmovi_Subject_85_F_MoSh_Subject_85_F_7_poses_120_jpos,0.3893,0.08387,quiet,0.4474,3.64
BMLmovi_Subject_67_F_MoSh_Subject_67_F_17_poses_120_jpos,0.5084,0.05399,quiet,0.4474,4.30
BMLmovi_Subject_62_F_MoSh_Subject_62_F_8_poses_120_jpos,0.5648,0.02947,quiet,0.4474,3.94
CMU_74_74_09_poses_120_jpos,0.4918,0.03493,quiet,0.4474,1.66
KIT_883_wipe_leg_vertical07_poses_100_jpos,0.3240,0.01375,quiet,0.4474,7.44
BMLmovi_Subject_79_F_MoSh_Subject_79_F_10_poses_120_jpos,0.4739,0.06116,quiet,0.4474,3.98
KIT_883_wipe_head_vertical03_poses_100_jpos,0.3963,0.01146,quiet,0.4474,20.16
BMLmovi_Subject_48_F_MoSh_Subject_48_F_11_poses_120_jpos,0.4839,0.06085,quiet,0.4474,4.64
BMLmovi_Subject_17_F_MoSh_Subject_17_F_20_poses_120_jpos,0.5621,0.06463,quiet,0.4474,3.40
KIT_883_wipe_back_dabbing03_poses_100_jpos,0.4381,0.01328,quiet,0.4474,9.02
TCD_handMocap_ExperimentDatabase_TypingA_poses_120_jpos,0.8687,0.00888,quiet,0.4474,5.00
KIT_950_Wipe_Leg_Dabbing_01_poses_100_jpos,0.3118,0.01187,quiet,0.4474,4.86
BMLmovi_Subject_55_F_MoSh_Subject_55_F_3_poses_120_jpos,0.5606,0.02332,quiet,0.4474,3.64
BMLmovi_Subject_55_F_MoSh_Subject_55_F_10_poses_120_jpos,0.7509,0.01161,quiet,0.4474,3.64
GRAB_s8_fryingpan_cook_2,0.6362,0.08975,quiet,0.4474,7.96
BMLmovi_Subject_27_F_MoSh_Subject_27_F_19_poses_120_jpos,0.7935,0.00633,quiet,0.4474,4.18
TCD_handMocap_ExperimentDatabase_TalkingC_poses_120_jpos,0.5678,0.00857,quiet,0.4474,5.00
KIT_950_Wipe_Leg_Dabbing_02_poses_100_jpos,0.3031,0.01259,quiet,0.4474,6.54
CMU_85_85_09_poses_120_jpos,0.9937,0.00936,quiet,0.4474,2.10
BMLmovi_Subject_22_F_MoSh_Subject_22_F_12_poses_120_jpos,0.4470,0.07617,quiet,0.4474,3.38
BMLmovi_Subject_17_F_MoSh_Subject_17_F_10_poses_120_jpos,0.9215,0.00501,quiet,0.4474,2.30
BMLmovi_Subject_74_F_MoSh_Subject_74_F_11_poses_120_jpos,0.3797,0.07708,quiet,0.4474,4.58
GRAB_s8_cubesmall_pick_all,0.4341,0.09971,locomotion,0.5266,14.00
KIT_955_wipe_head_vertical01_poses_100_jpos,0.3554,0.01114,quiet,0.4474,9.60
BMLmovi_Subject_83_F_MoSh_Subject_83_F_21_poses_120_jpos,0.4191,0.08254,quiet,0.4474,3.80
KIT_952_wipe_back_biglcircles02_poses_100_jpos,0.4774,0.01280,quiet,0.4474,12.28
BMLmovi_Subject_39_F_MoSh_Subject_39_F_17_poses_120_jpos,0.5279,0.05212,quiet,0.4474,4.14
KIT_1721_RecoveryStepping_30_0_03_poses_100_jpos,0.7352,0.04612,quiet,0.4474,4.74
KIT_883_wipe_leg_dabbing03_poses_100_jpos,0.3370,0.01240,quiet,0.4474,9.26
KIT_883_wipe_arm_vertical01_poses_100_jpos,0.4147,0.01157,quiet,0.4474,9.98
BMLmovi_Subject_79_F_MoSh_Subject_79_F_15_poses_120_jpos,0.5970,0.03966,quiet,0.4474,4.28
KIT_955_wipe_leg_bigcircles01_poses_100_jpos,0.4296,0.01303,quiet,0.4474,11.04
GRAB_s4_spherelarge_pass_1,0.5960,0.04826,quiet,0.4474,5.42
KIT_3_Drinking09_poses_100_jpos,0.4722,0.09952,quiet,0.4474,7.98
BMLmovi_Subject_55_F_MoSh_Subject_55_F_13_poses_120_jpos,0.6104,0.03026,quiet,0.4474,4.14
BMLmovi_Subject_39_F_MoSh_Subject_39_F_20_poses_120_jpos,0.4534,0.10612,quiet,0.4474,4.18
CMU_89_89_02_poses_120_jpos,1.0924,0.01258,quiet,0.4474,3.00
KIT_3_balancing01_poses_100_jpos,0.8606,0.04599,quiet,0.4474,11.18
BMLmovi_Subject_71_F_MoSh_Subject_71_F_13_poses_120_jpos,0.6726,0.02159,quiet,0.4474,3.58
Eyes_Japan_Dataset_aita_gesture_etc-22-mobile_receive-aita_poses_120_jpos,0.5601,0.06824,quiet,0.4474,30.00
GRAB_s8_cylindersmall_pick_all,0.4725,0.10106,quiet,0.4474,15.84
HumanEva_S3_Gestures_3_poses_120_jpos,1.5116,0.00251,quiet,0.4474,14.92
KIT_291_walk_like_an_egyptian01_poses_100_jpos,1.2891,0.00407,quiet,0.4474,3.44
GRAB_s8_wineglass_pick_all,0.6762,0.07082,quiet,0.4474,18.96
GRAB_s4_stanfordbunny_pick_all,0.3845,0.10739,quiet,0.4474,20.80
CMU_79_79_39_poses_60_jpos,0.8395,0.02147,quiet,0.4474,13.46
KIT_952_wipe_back_smallcircle02_poses_100_jpos,0.7916,0.00903,quiet,0.4474,10.56
BMLmovi_Subject_57_F_MoSh_Subject_57_F_6_poses_120_jpos,0.6846,0.03946,quiet,0.4474,6.00
KIT_955_wipe_arm_bigcircles01_poses_100_jpos,0.6300,0.01011,quiet,0.4474,13.02
BMLmovi_Subject_88_F_MoSh_Subject_88_F_17_poses_120_jpos,0.9422,0.02272,quiet,0.4474,3.48
CMU_80_80_40_poses_60_jpos,0.6908,0.06897,quiet,0.4474,15.24
Eyes_Japan_Dataset_kudo_gesture_etc-18-eat-kudo_poses_120_jpos,0.3842,0.10542,quiet,0.4474,33.00
BMLmovi_Subject_18_F_MoSh_Subject_18_F_17_poses_120_jpos,0.9311,0.02120,quiet,0.4474,3.48
KIT_572_golf_putting05_poses_100_jpos,0.5418,0.10110,quiet,0.4474,5.84
Eyes_Japan_Dataset_aita_pose-14-look_up-aita_poses_120_jpos,0.4834,0.09461,quiet,0.4474,30.00
Eyes_Japan_Dataset_shiono_gesture_etc-33-watch_here-shiono_poses_120_jpos,0.6456,0.06017,quiet,0.4474,30.00
BMLmovi_Subject_20_F_MoSh_Subject_20_F_7_poses_120_jpos,0.9839,0.01848,quiet,0.4474,2.90
GRAB_s4_spherelarge_pick_all,0.4308,0.10182,quiet,0.4474,15.36
BMLmovi_Subject_5_F_MoSh_Subject_5_F_10_poses_120_jpos,0.8052,0.06082,quiet,0.4474,2.98
GRAB_s8_stanfordbunny_pick_all,0.4608,0.09049,quiet,0.4474,16.76
Eyes_Japan_Dataset_shiono_throw_toss-13-pass_to_right_light-shiono_poses_120_jpos,0.6640,0.03171,quiet,0.4474,28.34
Eyes_Japan_Dataset_kaiwa_gesture_etc-01-set_1-kaiwa_poses_120_jpos,0.4909,0.10985,quiet,0.4474,30.00
BMLmovi_Subject_72_F_MoSh_Subject_72_F_17_poses_120_jpos,0.9745,0.00990,quiet,0.4474,3.44
CMU_80_80_16_poses_60_jpos,0.7225,0.03395,quiet,0.4474,20.98
CMU_80_80_06_poses_60_jpos,0.6084,0.05105,quiet,0.4474,16.02
GRAB_s9_wineglass_drink_1,0.5110,0.09355,locomotion,0.5266,7.90
GRAB_s4_wineglass_toast_1,0.7590,0.03787,quiet,0.4474,5.16
GRAB_s8_bowl_drink_2,0.4923,0.08094,locomotion,0.5266,8.34
GRAB_s9_cylinderlarge_pick_all,0.5746,0.09123,quiet,0.4474,14.10
BMLmovi_Subject_51_F_MoSh_Subject_51_F_9_poses_120_jpos,1.9109,0.00013,quiet,0.4474,3.94
CMU_79_79_96_poses_60_jpos,0.7425,0.06806,quiet,0.4474,9.30
KIT_3_wave_right04_poses_100_jpos,0.6521,0.08093,quiet,0.4474,4.42
HUMAN4D_Subject1_2_Aude_INF_TalkingWhispering_S1S2_01_poses_120_jpos,0.7657,0.07727,quiet,0.4474,52.56
GRAB_s8_camera_offhand_1,0.4643,0.09450,locomotion,0.5266,9.90
GRAB_s8_gamecontroller_pass_1,0.6528,0.05605,quiet,0.4474,7.66
GRAB_s8_wineglass_drink_1,0.5422,0.09649,quiet,0.4474,8.56
Eyes_Japan_Dataset_aita_greeting-02-bye-aita_poses_120_jpos,0.6546,0.06199,quiet,0.4474,30.00
KIT_9_walking_slow10_poses_100_jpos,0.6462,0.06343,locomotion,0.5266,7.40
CMU_62_62_14_poses_60_jpos,0.5956,0.09621,quiet,0.4474,11.22
CMU_13_13_08_poses_120_jpos,1.0145,0.03642,quiet,0.4474,13.36
GRAB_s2_hand_pick_all,0.5288,0.09336,quiet,0.4474,22.18
BMLmovi_Subject_18_F_MoSh_Subject_18_F_3_poses_120_jpos,0.7324,0.04896,quiet,0.4474,3.14
GRAB_s9_torussmall_inspect_1,0.7161,0.06750,locomotion,0.5266,5.00
GRAB_s1_cubemedium_pick_all,0.5327,0.09740,quiet,0.4474,23.54
GRAB_s1_cup_pick_all,0.5335,0.08144,quiet,0.4474,31.12
GRAB_s8_cubelarge_pick_all,0.5901,0.06498,quiet,0.4474,20.50
Eyes_Japan_Dataset_kudo_gesture_etc-45-feel_dizzy_-kudo_poses_250_jpos,0.6942,0.06855,quiet,0.4474,33.00
GRAB_s10_phone_pick_all,0.5134,0.09851,quiet,0.4474,18.24
GRAB_s1_cubesmall_pick_all,0.5909,0.07736,quiet,0.4474,26.62
KIT_513_Push_Behind_Soft02_poses_100_jpos,0.6149,0.05898,quiet,0.4474,5.80
GRAB_s8_hammer_use_1,0.5509,0.09918,locomotion,0.5266,10.56
BMLmovi_Subject_32_F_MoSh_Subject_32_F_9_poses_120_jpos,2.2731,0.00004,quiet,0.4474,3.54
CMU_40_40_12_poses_120_jpos,0.9173,0.02314,quiet,0.4474,70.30
CMU_79_79_84_poses_60_jpos,0.9190,0.02092,quiet,0.4474,14.60
KIT_675_double_pour_and_mixing12_poses_100_jpos,0.5994,0.05248,locomotion,0.5266,19.04
GRAB_s1_stanfordbunny_pick_all,0.5818,0.07634,quiet,0.4474,31.30
Eyes_Japan_Dataset_kaiwa_gesture_etc-31-ok-kaiwa_poses_120_jpos,0.5289,0.09522,quiet,0.4474,30.00
BMLmovi_Subject_22_F_MoSh_Subject_22_F_2_poses_120_jpos,1.1695,0.00774,quiet,0.4474,3.00
KIT_1297_wipe02_poses_100_jpos,0.5744,0.08762,locomotion,0.5266,15.34
GRAB_s2_toruslarge_pick_all,0.5430,0.09858,quiet,0.4474,17.80
GRAB_s10_flashlight_on_2,0.5196,0.08377,quiet,0.4474,9.00
KIT_675_double_pour_and_mixing05_poses_100_jpos,0.6739,0.04990,locomotion,0.5266,26.20
GRAB_s8_pyramidmedium_pass_1,0.6818,0.06044,quiet,0.4474,8.30
KIT_348_walking_slow08_poses_100_jpos,0.7735,0.02774,locomotion,0.5266,5.88
Eyes_Japan_Dataset_kaiwa_pose-18-applause-kaiwa_poses_120_jpos,0.6863,0.07248,quiet,0.4474,30.00
HUMAN4D_Subject3_4_Carine_RGB_TalkingWhispering_S3S4_01_poses_120_jpos,0.8464,0.04189,quiet,0.4474,51.42
KIT_513_Push_Right_Soft03_poses_100_jpos,0.6879,0.04265,quiet,0.4474,6.76
GRAB_s9_piggybank_use_1,0.7507,0.04591,locomotion,0.5266,9.10
TCD_handMocap_ExperimentDatabase_Talking01A_poses_120_jpos,2.3390,0.00007,quiet,0.4474,5.20
GRAB_s1_cubesmall_pass_1,0.3977,0.09867,locomotion,0.5266,9.50
CMU_77_77_02_poses_60_jpos,0.9502,0.03006,quiet,0.4474,15.60
GRAB_s2_cubelarge_inspect_1,0.5308,0.08266,locomotion,0.5266,14.60
KIT_572_squat05_poses_100_jpos,1.6277,0.00325,quiet,0.4474,4.94
GRAB_s8_stanfordbunny_inspect_1,0.5306,0.07702,quiet,0.4474,8.64
KIT_1721_RecoveryStepping_50_135_04_poses_100_jpos,0.9160,0.01944,locomotion,0.5266,4.72
CMU_143_143_27_poses_60_jpos,0.9645,0.02330,quiet,0.4474,11.72
KIT_912_912_3_04_poses_100_jpos,0.7264,0.05630,locomotion,0.5266,12.22
CMU_79_79_54_poses_60_jpos,1.0866,0.01501,quiet,0.4474,19.44
HUMAN4D_Subject3_Medhi_INF_InflightSafety_S3_01_poses_120_jpos,1.6994,0.00372,quiet,0.4474,48.26
KIT_3_bend_left05_poses_100_jpos,0.7080,0.03831,locomotion,0.5266,6.58
GRAB_s1_torusmedium_offhand_1,0.3258,0.10102,locomotion,0.5266,9.60
GRAB_s1_stamp_offhand_1,0.5180,0.09901,quiet,0.4474,11.44
KIT_183_walking_slow02_poses_100_jpos,1.2220,0.00694,locomotion,0.5266,7.34
KIT_424_walking_slow10_poses_100_jpos,0.9468,0.03081,locomotion,0.5266,8.82
HUMAN4D_Subject2_Aude_INF_InflightSafety_S2_01_poses_120_jpos,1.3718,0.00952,quiet,0.4474,56.10
KIT_441_PizzaDelivery03_poses_100_jpos,0.5988,0.08125,quiet,0.4474,23.74
KIT_205_walking_slow02_poses_100_jpos,0.7015,0.04063,locomotion,0.5266,6.46
KIT_674_wash_head02_poses_100_jpos,0.7835,0.05233,locomotion,0.5266,56.76
KIT_9_WalkingStraightBackwards04_poses_100_jpos,0.9429,0.01129,locomotion,0.5266,4.84
GRAB_s1_eyeglasses_pass_1,0.4410,0.10145,quiet,0.4474,8.78
GRAB_s4_phone_call_1,0.5516,0.09706,quiet,0.4474,10.64
GRAB_s8_cubelarge_inspect_1,0.5668,0.07695,quiet,0.4474,8.54
KIT_551_sponge_big_and_mixing_bowl_big05_poses_100_jpos,0.6170,0.04842,locomotion,0.5266,7.94
GRAB_s10_pyramidmedium_pick_all,0.5145,0.07710,locomotion,0.5266,8.64
GRAB_s4_banana_pass_1,0.7302,0.02863,locomotion,0.5266,7.50
HUMAN4D_Subject4_Carine_INF_InflightSafety_S4_02_poses_120_jpos,1.1572,0.01674,quiet,0.4474,55.94
CMU_79_79_59_poses_60_jpos,1.1816,0.02159,quiet,0.4474,14.16
Eyes_Japan_Dataset_kaiwa_greeting-07-bow-kaiwa_poses_120_jpos,0.6428,0.06360,quiet,0.4474,30.00
GRAB_s1_cylinderlarge_offhand_1,0.3135,0.09660,locomotion,0.5266,10.48
GRAB_s5_duck_pick_all,0.8881,0.04566,quiet,0.4474,21.14
KIT_9_walking_slow01_poses_100_jpos,0.6415,0.03222,locomotion,0.5266,6.24
GRAB_s10_pyramidlarge_pass_1,0.6580,0.06398,quiet,0.4474,6.60
GRAB_s2_pyramidmedium_pass_1,0.5652,0.08185,locomotion,0.5266,9.40
GRAB_s7_gamecontroller_pick_all,0.9180,0.04893,locomotion,0.5266,20.46
GRAB_s6_apple_pick_all,0.5371,0.06417,locomotion,0.5266,19.56
GRAB_s2_hand_inspect_1,0.5016,0.09012,locomotion,0.5266,9.68
BMLmovi_Subject_20_F_MoSh_Subject_20_F_17_poses_120_jpos,0.9933,0.03115,quiet,0.4474,1.94
GRAB_s1_pyramidsmall_inspect_1,0.3945,0.09661,quiet,0.4474,8.46
GRAB_s8_stanfordbunny_pass_1,0.5985,0.06461,locomotion,0.5266,7.76
KIT_6_LeftTurn03_1_poses_100_jpos,0.6321,0.03228,locomotion,0.5266,5.46
KIT_675_double_pour_and_mixing04_poses_100_jpos,0.6302,0.06760,locomotion,0.5266,22.62
KIT_572_punch_left05_poses_100_jpos,0.5735,0.08390,quiet,0.4474,6.46
GRAB_s1_pyramidlarge_offhand_1,0.3460,0.09658,locomotion,0.5266,10.68
KIT_8_WalkingStraightBackwards03_poses_100_jpos,0.5315,0.04114,locomotion,0.5266,5.76
GRAB_s1_watch_offhand_1,0.4303,0.09319,locomotion,0.5266,9.52
KIT_200_Kniebeuge06_poses_100_jpos,1.0796,0.00151,quiet,0.4474,4.40
GRAB_s4_cubemedium_inspect_1,0.6221,0.07222,quiet,0.4474,9.98
KIT_674_shower_left_arm10_poses_100_jpos,0.6511,0.04873,quiet,0.4474,12.16
GRAB_s10_piggybank_use_1,0.5868,0.09179,quiet,0.4474,11.16
KIT_3_push_from_the_left_side09_poses_100_jpos,0.6762,0.03145,locomotion,0.5266,4.88
GRAB_s1_cylindersmall_offhand_1,0.4666,0.08297,quiet,0.4474,8.32
KIT_675_dry_right_arm_014_poses_100_jpos,0.7474,0.07026,quiet,0.4474,20.10
GRAB_s9_pyramidmedium_inspect_1,0.7469,0.04955,locomotion,0.5266,5.12
GRAB_s1_eyeglasses_clean_1,0.6124,0.07053,quiet,0.4474,14.56
KIT_442_PizzaDelivery05_poses_100_jpos,1.1298,0.01229,locomotion,0.5266,30.00
KIT_572_stomp_right02_poses_100_jpos,1.0089,0.02600,quiet,0.4474,5.34
GRAB_s6_camera_pick_all,0.4650,0.05338,locomotion,0.5266,15.58
KIT_3_seesaw_backwards07_poses_100_jpos,0.8670,0.02561,locomotion,0.5266,13.48
KIT_200_Kniebeuge04_poses_100_jpos,1.0549,0.00174,quiet,0.4474,4.36
GRAB_s1_mug_drink_2,0.5171,0.09844,quiet,0.4474,12.56
KIT_3_squat05_poses_100_jpos,1.1740,0.00193,quiet,0.4474,5.50
GRAB_s9_alarmclock_see_1,0.6256,0.07079,locomotion,0.5266,6.76
GRAB_s2_flashlight_on_2,0.5930,0.07499,locomotion,0.5266,9.56
KIT_424_seesaw01_poses_100_jpos,0.7259,0.02246,locomotion,0.5266,8.74
KIT_424_seesaw_backwards03_poses_100_jpos,0.9641,0.01034,quiet,0.4474,8.76
KIT_3_go_over_beam01_poses_100_jpos,0.6777,0.02727,locomotion,0.5266,10.36
KIT_551_mixing_cooking_spoon03_poses_100_jpos,0.6127,0.05412,locomotion,0.5266,8.02
CMU_76_76_10_poses_120_jpos,0.9681,0.02654,quiet,0.4474,11.38
KIT_205_walking_slow07_poses_100_jpos,0.8889,0.01818,locomotion,0.5266,5.66
GRAB_s2_banana_eat_1,0.6306,0.06418,locomotion,0.5266,12.26
GRAB_s9_alarmclock_pass_1,0.6809,0.07379,locomotion,0.5266,5.34
GRAB_s6_spheremedium_pick_all,0.5149,0.04311,locomotion,0.5266,18.84
KIT_6_RightTurn10_1_poses_100_jpos,0.6274,0.03614,locomotion,0.5266,5.20
TCD_handMocap_ExperimentDatabase_Walking02_B_poses_150_jpos,1.6508,0.00142,quiet,0.4474,4.00
Eyes_Japan_Dataset_aita_pain-01-headache-aita_poses_120_jpos,0.5986,0.08757,quiet,0.4474,30.00
GRAB_s7_wineglass_drink_2,0.5601,0.03646,locomotion,0.5266,8.04
GRAB_s7_lightbulb_pass_1,1.2394,0.00509,locomotion,0.5266,4.26
KIT_4_WalkingStraightBackwards02_poses_100_jpos,0.6457,0.03342,locomotion,0.5266,5.50
CMU_54_54_23_poses_120_jpos,1.1868,0.01641,quiet,0.4474,35.82
GRAB_s1_hammer_use_3,0.5744,0.07869,locomotion,0.5266,15.00
KIT_424_seesaw09_poses_100_jpos,0.6884,0.03698,locomotion,0.5266,6.00
KIT_6_WalkingStraightBackwards08_poses_100_jpos,0.9802,0.01548,locomotion,0.5266,4.84
GRAB_s7_cubemedium_pick_all,0.6403,0.09576,quiet,0.4474,29.80
KIT_3_walking_slow07_poses_100_jpos,0.6300,0.05637,locomotion,0.5266,6.46
KIT_3_bend_left08_poses_100_jpos,0.6060,0.03479,locomotion,0.5266,7.00
Eyes_Japan_Dataset_kaiwa_greeting-05-salute_(chest)-kaiwa_poses_120_jpos,0.5356,0.08864,quiet,0.4474,30.00
CMU_79_79_89_poses_60_jpos,1.0298,0.01975,quiet,0.4474,14.74
GRAB_s5_cylinderlarge_inspect_1,0.5743,0.05950,locomotion,0.5266,9.16
BMLmovi_Subject_41_F_MoSh_Subject_41_F_2_poses_120_jpos,0.7437,0.07542,locomotion,0.5266,8.18
BMLmovi_Subject_76_F_MoSh_Subject_76_F_10_poses_120_jpos,0.6429,0.05611,quiet,0.4474,8.88
CMU_132_132_47_poses_120_jpos,0.8805,0.02637,locomotion,0.5266,12.58
DFaust_67_50027_50027_hips_poses_60_jpos,1.0397,0.02397,quiet,0.4474,13.50
CMU_141_141_18_poses_60_jpos,0.6974,0.04345,quiet,0.4474,6.46
KIT_675_double_pour_and_mixing02_poses_100_jpos,0.7728,0.05022,locomotion,0.5266,17.60
KIT_1297_wipe15_poses_100_jpos,0.7646,0.01129,locomotion,0.5266,22.16
GRAB_s6_phone_call_1,0.5511,0.03980,locomotion,0.5266,15.18
KIT_200_Kniebeuge01_poses_100_jpos,1.1134,0.00129,quiet,0.4474,7.48
GRAB_s2_gamecontroller_play_1,0.5870,0.06000,locomotion,0.5266,8.60
GRAB_s10_spherelarge_pass_1,0.9781,0.01005,quiet,0.4474,4.96
KIT_6_LeftTurn07_1_poses_100_jpos,0.6168,0.03214,locomotion,0.5266,4.84
KIT_9_step_over_gap01_poses_100_jpos,0.6701,0.04261,locomotion,0.5266,5.84
KIT_4_RightTurn01_poses_100_jpos,0.5229,0.04139,locomotion,0.5266,5.24
KIT_359_go_over_beam03_poses_100_jpos,0.7073,0.01571,locomotion,0.5266,9.50
KIT_513_Push_Left_Hard01_poses_100_jpos,0.8938,0.02772,quiet,0.4474,9.06
KIT_421_push_recovery_stand_left02_poses_100_jpos,0.8946,0.02902,locomotion,0.5266,9.02
KIT_314_walking_medium03_poses_100_jpos,0.5010,0.03178,locomotion,0.5266,6.98
GRAB_s6_banana_peel_2,0.4922,0.05449,locomotion,0.5266,8.96
KIT_183_bend_left01_poses_100_jpos,0.8078,0.01541,locomotion,0.5266,5.86
CMU_141_141_21_poses_60_jpos,2.1848,0.00008,quiet,0.4474,4.52
GRAB_s10_headphones_pass_1,0.7537,0.03083,locomotion,0.5266,4.84
BMLhandball_S08_Novice_Trial_upper_left_056_poses_120_jpos,1.3386,0.00973,quiet,0.4474,13.36
KIT_513_evasion06_poses_100_jpos,1.0063,0.03490,quiet,0.4474,5.80
KIT_572_throw_left05_poses_100_jpos,1.0252,0.02231,quiet,0.4474,4.02
CMU_132_132_46_poses_120_jpos,0.7633,0.04178,locomotion,0.5266,10.20
GRAB_s3_train_pick_all,0.6102,0.04405,locomotion,0.5266,11.76
KIT_675_dry_right_arm_015_poses_100_jpos,0.9553,0.03947,quiet,0.4474,23.30
BMLmovi_Subject_36_F_MoSh_Subject_36_F_11_poses_120_jpos,1.1238,0.02839,quiet,0.4474,4.98
KIT_572_throw_left03_poses_100_jpos,0.9584,0.02276,quiet,0.4474,3.42
KIT_3_lean_over_table05_poses_100_jpos,0.6182,0.06520,locomotion,0.5266,11.02
KIT_9_WalkInClockwiseCircle07_poses_100_jpos,0.8482,0.01984,locomotion,0.5266,8.26
KIT_314_go_over_beam01_poses_100_jpos,0.7743,0.02000,locomotion,0.5266,10.86
KIT_359_go_over_beam02_poses_100_jpos,0.7316,0.01452,locomotion,0.5266,8.56
KIT_291_push_recovery_stand_right02_poses_100_jpos,1.3184,0.00404,locomotion,0.5266,4.54
Eyes_Japan_Dataset_hamada_pain-03-toothache-hamada_poses_120_jpos,0.6598,0.04657,locomotion,0.5266,29.76
KIT_12_WalkingStraightBackwards10_poses_100_jpos,0.8354,0.01674,locomotion,0.5266,6.82
KIT_1721_RecoveryStepping_80_0_02_poses_100_jpos,1.0170,0.01210,locomotion,0.5266,3.24
GRAB_s10_stamp_pass_1,0.8931,0.01737,locomotion,0.5266,5.94
KIT_675_walk_with_table_right01_poses_100_jpos,0.8943,0.01248,locomotion,0.5266,8.22
GRAB_s6_scissors_use_2,0.4757,0.04402,locomotion,0.5266,10.36
KIT_3_lean_over_table14_poses_100_jpos,0.9098,0.03526,locomotion,0.5266,9.78
KIT_3_inspect_shoe_sole07_poses_100_jpos,0.7937,0.03571,locomotion,0.5266,9.18
BMLmovi_Subject_69_F_MoSh_Subject_69_F_18_poses_120_jpos,0.7436,0.06224,quiet,0.4474,8.10
KIT_8_WalkingStraightBackwards08_poses_100_jpos,0.5384,0.03240,locomotion,0.5266,5.88
KIT_3_walking_medium02_poses_100_jpos,0.6555,0.04338,locomotion,0.5266,6.60
Eyes_Japan_Dataset_hamada_gesture_etc-33-watch_here-hamada_poses_120_jpos,0.7672,0.04957,locomotion,0.5266,29.76
GRAB_s7_mouse_use_1,0.8097,0.03282,locomotion,0.5266,9.14
KIT_424_bend_left05_poses_100_jpos,0.7436,0.03080,locomotion,0.5266,6.70
KIT_314_bend_left01_poses_100_jpos,0.8413,0.00661,locomotion,0.5266,3.76
GRAB_s6_eyeglasses_wear_1,0.4855,0.04284,locomotion,0.5266,10.30
GRAB_s2_pyramidlarge_inspect_1,0.7607,0.04406,locomotion,0.5266,8.02
KIT_12_WalkingStraightBackwards01_poses_100_jpos,0.9263,0.01125,locomotion,0.5266,6.00
KIT_674_dry_back01_poses_100_jpos,0.8147,0.03536,locomotion,0.5266,13.92
KIT_442_Bouncen01_poses_100_jpos,1.1623,0.02272,quiet,0.4474,5.76
Eyes_Japan_Dataset_kanno_pose-14-look_up-kanno_poses_120_jpos,0.6645,0.06434,quiet,0.4474,29.76
KIT_9_WalkInCounterClockwiseCircle08_poses_100_jpos,1.0485,0.00419,locomotion,0.5266,7.80
KIT_3_walking_medium06_poses_100_jpos,0.4438,0.03854,locomotion,0.5266,4.82
KIT_1297_wipe08_poses_100_jpos,0.7038,0.01529,locomotion,0.5266,16.72
GRAB_s1_binoculars_see_1,0.7456,0.05849,quiet,0.4474,15.70
Eyes_Japan_Dataset_shiono_throw_toss-19-pass_to_front_light-shiono_poses_120_jpos,1.4649,0.00794,quiet,0.4474,28.34
KIT_9_WalkInCounterClockwiseCircle09_poses_100_jpos,0.9412,0.00969,locomotion,0.5266,8.40
KIT_421_push_recovery_stand_front03_poses_100_jpos,1.1648,0.01215,locomotion,0.5266,5.00
KIT_9_WalkInClockwiseCircle04_poses_100_jpos,0.6359,0.04179,locomotion,0.5266,8.60
KIT_576_MarcusS_AdrianM09_poses_100_jpos,1.3831,0.00307,quiet,0.4474,74.98
KIT_513_evasion05_poses_100_jpos,2.6933,0.00002,quiet,0.4474,3.90
KIT_513_seesaw_up03_poses_100_jpos,0.7879,0.03103,locomotion,0.5266,9.04
KIT_551_sponge_big01_poses_100_jpos,0.9002,0.02045,locomotion,0.5266,8.56
KIT_9_bend_left09_poses_100_jpos,0.6707,0.01899,locomotion,0.5266,5.00
KIT_3_bend_right05_poses_100_jpos,0.4899,0.03114,locomotion,0.5266,5.14
KIT_424_bend_left08_poses_100_jpos,0.6129,0.03255,locomotion,0.5266,5.32
KIT_3_kneel_down_with_left_hand04_poses_100_jpos,1.6802,0.00036,ground,0.0067,9.06
KIT_9_bend_right08_poses_100_jpos,0.5414,0.02930,locomotion,0.5266,5.00
BMLmovi_Subject_57_F_MoSh_Subject_57_F_14_poses_120_jpos,0.7947,0.06183,quiet,0.4474,11.54
KIT_424_seesaw04_poses_100_jpos,0.8585,0.01875,locomotion,0.5266,8.18
KIT_421_push_recovery_back07_poses_100_jpos,0.8904,0.00912,locomotion,0.5266,5.00
KIT_11_WalkingStraightForwards02_poses_100_jpos,0.7609,0.01511,locomotion,0.5266,5.42
KIT_10_RightTurn05_poses_100_jpos,0.6122,0.02083,locomotion,0.5266,6.28
Eyes_Japan_Dataset_aita_gesture_etc-48-medium_drum-aita_poses_120_jpos,0.7191,0.05182,quiet,0.4474,30.00
KIT_421_push_recovery_stand_right08_poses_100_jpos,1.0885,0.00714,locomotion,0.5266,6.00
Eyes_Japan_Dataset_kaiwa_walk-24-listless-kaiwa_poses_120_jpos,0.5454,0.06320,locomotion,0.5266,29.60
KIT_3_stomp_right02_poses_100_jpos,1.1048,0.02216,quiet,0.4474,5.16
KIT_10_WalkingStraightBackwards07_poses_100_jpos,0.6989,0.01710,locomotion,0.5266,5.04
CMU_28_28_16_poses_120_jpos,1.3983,0.00630,quiet,0.4474,46.68
CMU_27_27_11_poses_120_jpos,1.3907,0.01045,quiet,0.4474,16.14
KIT_6_WalkInCounterClockwiseCircle01_1_poses_100_jpos,1.3812,0.00411,locomotion,0.5266,8.20
KIT_291_push_recovery_back05_poses_100_jpos,1.1171,0.00517,locomotion,0.5266,7.50
BMLmovi_Subject_29_F_MoSh_Subject_29_F_21_poses_120_jpos,1.7293,0.00111,quiet,0.4474,5.44
Eyes_Japan_Dataset_hamada_gesture_etc-48-medium_drum-hamada_poses_120_jpos,0.7529,0.04416,locomotion,0.5266,29.76
GRAB_s8_doorknob_use_2,0.8946,0.02813,locomotion,0.5266,10.06
ACCAD_Female1General_c3d_A5_-_pick_up_box_poses_120_jpos,2.0326,0.00013,quiet,0.4474,6.28
KIT_3_lean_on_table01_poses_100_jpos,0.9592,0.03450,locomotion,0.5266,7.06
GRAB_s6_duck_pass_1,0.5519,0.03598,locomotion,0.5266,6.48
KIT_7_WalkInCounterClockwiseCircle04_poses_100_jpos,0.9271,0.00963,locomotion,0.5266,7.22
KIT_572_dance_waltz_01_poses_100_jpos,0.6705,0.03936,locomotion,0.5266,9.24
CMU_133_133_25_poses_120_jpos,1.5594,0.00192,quiet,0.4474,3.42
KIT_674_shower_right_arm02_poses_100_jpos,0.8449,0.03303,locomotion,0.5266,10.18
Eyes_Japan_Dataset_kawaguchi_gesture_etc-42-hung_over-kawaguchi_poses_120_jpos,0.6163,0.05559,quiet,0.4474,17.94
GRAB_s5_camera_takepicture_3,0.5676,0.06187,locomotion,0.5266,7.76
KIT_513_seesaw_up10_poses_100_jpos,0.6980,0.03655,locomotion,0.5266,9.16
CMU_22_23_justin_22_06_poses_120_jpos,1.4232,0.00751,locomotion,0.5266,4.20
GRAB_s5_toothpaste_pass_1,0.8591,0.01095,locomotion,0.5266,4.80
CMU_29_29_24_poses_120_jpos,0.9545,0.03183,quiet,0.4474,35.44
GRAB_s1_scissors_pass_1,0.9328,0.02092,quiet,0.4474,8.62
GRAB_s7_banana_peel_2,0.5977,0.07035,locomotion,0.5266,10.30
KIT_348_turn_left06_poses_100_jpos,0.7136,0.01130,locomotion,0.5266,6.34
KIT_317_walking_fast09_poses_100_jpos,1.1838,0.00192,dynamic,0.0193,5.00
KIT_291_push_recovery_back07_poses_100_jpos,0.9536,0.00714,dynamic,0.0193,5.64
GRAB_s3_toruslarge_inspect_1,0.7370,0.04398,locomotion,0.5266,8.92
KIT_348_bend_right04_poses_100_jpos,0.8614,0.00527,locomotion,0.5266,5.04
GRAB_s1_mouse_offhand_1,0.7719,0.05792,locomotion,0.5266,7.24
KIT_675_dry_left_arm_14_poses_100_jpos,0.9237,0.02620,locomotion,0.5266,21.80
KIT_167_bend_right09_poses_100_jpos,0.6381,0.03550,locomotion,0.5266,5.78
KIT_551_cutting_banana02_poses_100_jpos,0.7949,0.01217,locomotion,0.5266,11.14
CMU_115_115_06_poses_60_jpos,1.9470,0.00030,quiet,0.4474,5.94
KIT_348_turn_left05_poses_100_jpos,0.6728,0.01467,locomotion,0.5266,6.18
BMLmovi_Subject_74_F_MoSh_Subject_74_F_5_poses_120_jpos,1.5045,0.00071,quiet,0.4474,5.98
GRAB_s5_cubelarge_inspect_1,0.6077,0.03748,locomotion,0.5266,8.66
CMU_22_23_justin_22_22_poses_120_jpos,1.5681,0.00070,locomotion,0.5266,1.50
HUMAN4D_Subject2_Aude_RGB_Talking_S2_01_poses_120_jpos,1.6683,0.00175,quiet,0.4474,20.20
KIT_674_shower_right_arm03_poses_100_jpos,0.9367,0.02222,locomotion,0.5266,7.98
Eyes_Japan_Dataset_hamada_throw_toss-14-pass_to_right_heavy-hamada_poses_120_jpos,1.0427,0.02639,locomotion,0.5266,30.00
GRAB_s3_torusmedium_inspect_1,0.6586,0.04009,locomotion,0.5266,9.12
BMLmovi_Subject_6_F_MoSh_Subject_6_F_2_poses_120_jpos,3.0115,0.00000,quiet,0.4474,2.38
KIT_348_bend_left08_poses_100_jpos,0.8870,0.00779,locomotion,0.5266,5.12
Eyes_Japan_Dataset_aita_greeting-10-card_exchange-aita_poses_120_jpos,1.3158,0.00718,quiet,0.4474,30.00
KIT_3_step_over_gap02_poses_100_jpos,0.8049,0.04944,locomotion,0.5266,5.60
KIT_675_walk_with_table_left10_poses_100_jpos,0.7796,0.01454,locomotion,0.5266,7.36
KIT_3_jump_up04_poses_100_jpos,2.4643,0.00002,quiet,0.4474,5.82
GRAB_s10_cylindermedium_inspect_1,0.9271,0.02720,quiet,0.4474,6.40
CMU_55_55_10_poses_120_jpos,2.9793,0.00000,quiet,0.4474,11.36
GRAB_s1_cubelarge_pass_1,0.7055,0.04795,locomotion,0.5266,6.76
KIT_291_push_recovery_stand_left01_poses_100_jpos,0.9952,0.00736,locomotion,0.5266,4.98
KIT_317_bend_left01_poses_100_jpos,0.8729,0.00333,locomotion,0.5266,3.28
KIT_3_kneel_down_with_stool_left_hand08_poses_100_jpos,1.2986,0.00105,ground,0.0067,4.96
KIT_6_WalkInClockwiseCircle07_1_poses_100_jpos,0.7416,0.01774,locomotion,0.5266,7.18
KIT_12_WalkingStraightBackwards02_poses_100_jpos,0.9248,0.01804,locomotion,0.5266,5.78
KIT_675_wash_left_arm_04_poses_100_jpos,0.9375,0.01648,locomotion,0.5266,80.06
KIT_675_dry_left_arm_15_poses_100_jpos,0.8573,0.03026,locomotion,0.5266,25.38
KIT_378_push_recovery_stand_left01_poses_100_jpos,1.6538,0.00198,locomotion,0.5266,3.72
KIT_317_walking_medium07_poses_100_jpos,0.9066,0.00795,locomotion,0.5266,3.64
CMU_122_122_09_poses_120_jpos,1.3517,0.00762,quiet,0.4474,3.76
CMU_29_29_15_poses_120_jpos,1.2936,0.01410,quiet,0.4474,36.90
CMU_32_32_01_poses_120_jpos,1.0062,0.00339,locomotion,0.5266,4.02
KIT_3_seesaw01_poses_100_jpos,0.7830,0.03469,locomotion,0.5266,5.74
KIT_421_push_recovery_back03_poses_100_jpos,0.8964,0.00574,locomotion,0.5266,5.50
KIT_317_go_over_beam08_poses_100_jpos,0.8328,0.02352,locomotion,0.5266,6.18
GRAB_s6_hammer_use_1,0.6214,0.02947,locomotion,0.5266,8.40
KIT_674_dry_front08_poses_100_jpos,1.0423,0.01755,locomotion,0.5266,10.46
KIT_3_walking_fast02_poses_100_jpos,0.8213,0.01372,locomotion,0.5266,5.22
KIT_513_seesaw_up08_poses_100_jpos,0.8185,0.02833,locomotion,0.5266,10.24
KIT_317_go_over_beam06_poses_100_jpos,0.9631,0.01412,locomotion,0.5266,5.84
GRAB_s7_apple_pick_all,0.8717,0.02987,locomotion,0.5266,16.00
BMLhandball_S08_Novice_Trial_upper_right_086_poses_120_jpos,1.7110,0.00079,quiet,0.4474,13.58
KIT_513_seesaw_down09_poses_100_jpos,0.9403,0.02943,locomotion,0.5266,6.26
KIT_11_WalkingStraightForwards05_poses_100_jpos,0.7462,0.01106,locomotion,0.5266,4.88
GRAB_s3_pyramidmedium_inspect_1,0.7158,0.03994,locomotion,0.5266,8.18
HumanEva_S1_Box_1_poses_120_jpos,1.4637,0.00325,quiet,0.4474,22.86
CMU_122_122_44_poses_120_jpos,0.9783,0.02863,locomotion,0.5266,5.50
Eyes_Japan_Dataset_kudo_greeting-03-election-kudo_poses_250_jpos,0.6451,0.06695,locomotion,0.5266,33.00
BMLhandball_S02_Novice_Trial_upper_left_012_poses_120_jpos,1.8227,0.00043,quiet,0.4474,6.76
KIT_3_kneel_down_with_stool_right_hand04_poses_100_jpos,1.1966,0.00124,ground,0.0067,6.50
CMU_29_29_13_poses_120_jpos,1.3739,0.00374,quiet,0.4474,122.22
KIT_314_walking_fast05_poses_100_jpos,1.2292,0.00214,dynamic,0.0193,5.00
KIT_359_walking_slow06_poses_100_jpos,1.3308,0.00343,locomotion,0.5266,5.34
KIT_3_stomp_right04_poses_100_jpos,0.9846,0.02640,quiet,0.4474,4.58
KIT_12_WalkInCounterClockwiseCircle05_poses_100_jpos,0.8757,0.00541,locomotion,0.5266,7.56
GRAB_s4_doorknob_pick_all,0.7319,0.04731,locomotion,0.5266,17.76
KIT_167_bend_right01_poses_100_jpos,0.5508,0.02403,locomotion,0.5266,5.52
GRAB_s9_spheresmall_pass_1,1.9302,0.00032,locomotion,0.5266,6.34
KIT_167_walking_slow04_poses_100_jpos,0.7083,0.01507,locomotion,0.5266,6.50
KIT_513_turn_left03_poses_100_jpos,0.7552,0.00675,locomotion,0.5266,6.34
KIT_167_bend_right04_poses_100_jpos,0.5917,0.02397,locomotion,0.5266,5.16
KIT_11_WalkInCounterClockwiseCircle02_poses_100_jpos,0.8558,0.00843,locomotion,0.5266,7.64
KIT_317_step_over_gap05_poses_100_jpos,0.8767,0.00808,locomotion,0.5266,4.64
BMLmovi_Subject_18_F_MoSh_Subject_18_F_1_poses_120_jpos,1.7404,0.00153,quiet,0.4474,5.54
BMLmovi_Subject_72_F_MoSh_Subject_72_F_15_poses_120_jpos,1.1839,0.01268,quiet,0.4474,4.08
KIT_3_kneel_down_with_both_hands08_poses_100_jpos,1.2626,0.00110,ground,0.0067,5.76
GRAB_s3_bowl_drink_1,0.5137,0.03404,locomotion,0.5266,7.24
CMU_35_35_14_poses_120_jpos,1.0362,0.00086,locomotion,0.5266,3.42
KIT_4_WalkInCounterClockwiseCircle03_poses_100_jpos,0.7658,0.01705,locomotion,0.5266,7.84
GRAB_s3_cylindersmall_pass_1,0.8607,0.02808,locomotion,0.5266,7.06
KIT_441_synchron04_poses_100_jpos,3.4269,0.00000,locomotion,0.5266,11.38
GRAB_s6_cup_pass_1,0.4984,0.02819,locomotion,0.5266,6.76
GRAB_s10_cylindersmall_pass_1,1.0039,0.00938,locomotion,0.5266,5.60
KIT_6_WalkInClockwiseCircle10_poses_100_jpos,0.7600,0.01690,locomotion,0.5266,7.24
CMU_62_62_05_poses_60_jpos,1.4696,0.00316,locomotion,0.5266,19.30
KIT_425_bend_right06_poses_100_jpos,0.6996,0.01585,locomotion,0.5266,7.18
HUMAN4D_Subject4_Carine_RGB_Bending_S4_01_poses_120_jpos,1.6787,0.00234,quiet,0.4474,23.56
GRAB_s5_binoculars_see_1,0.6005,0.04595,locomotion,0.5266,10.04
KIT_167_walking_slow02_poses_100_jpos,0.9213,0.02194,locomotion,0.5266,7.54
Eyes_Japan_Dataset_shiono_gesture_etc-10-snip_nail-shiono_poses_120_jpos,2.0627,0.00011,quiet,0.4474,30.00
CMU_107_107_01_poses_60_jpos,0.9823,0.01394,locomotion,0.5266,8.84
KIT_3_tennis_forehand_left05_poses_100_jpos,1.2928,0.01245,quiet,0.4474,5.94
KIT_378_push_recovery_stand_right08_poses_100_jpos,1.7423,0.00072,locomotion,0.5266,4.52
KIT_9_walking_run01_poses_100_jpos,1.4478,0.00072,dynamic,0.0193,4.82
KIT_8_RightTurn06_poses_100_jpos,0.7945,0.01002,locomotion,0.5266,5.12
CMU_35_35_06_poses_120_jpos,1.0129,0.00086,locomotion,0.5266,3.66
KIT_291_cal03_poses_100_jpos,1.5565,0.00111,locomotion,0.5266,4.24
KIT_183_step_over_gap05_poses_100_jpos,0.8950,0.01346,locomotion,0.5266,5.18
KIT_317_bend_right03_poses_100_jpos,0.8415,0.00409,locomotion,0.5266,3.74
KIT_572_dance_chacha06_poses_100_jpos,0.8839,0.02693,locomotion,0.5266,11.60
KIT_3_kick_high_right03_poses_100_jpos,1.7866,0.00145,quiet,0.4474,4.54
KIT_7_WalkInClockwiseCircle06_poses_100_jpos,1.0625,0.01333,locomotion,0.5266,7.32
KIT_513_turn_left08_poses_100_jpos,0.7769,0.00885,locomotion,0.5266,5.72
BMLhandball_S06_Novice_Trial_upper_left_right_123_poses_120_jpos,1.5616,0.00224,quiet,0.4474,10.86
CMU_35_35_32_poses_120_jpos,1.0000,0.00079,locomotion,0.5266,3.26
CMU_64_64_28_poses_120_jpos,1.2497,0.00885,quiet,0.4474,4.30
CMU_132_132_10_poses_120_jpos,1.2095,0.01483,locomotion,0.5266,13.54
KIT_421_push_recovery_back06_poses_100_jpos,1.0486,0.00586,locomotion,0.5266,4.74
BMLmovi_Subject_85_F_MoSh_Subject_85_F_4_poses_120_jpos,0.9888,0.01580,quiet,0.4474,6.94
GRAB_s10_spheremedium_pick_all,1.2222,0.00865,quiet,0.4474,6.74
KIT_3_throw_right03_poses_100_jpos,1.3114,0.00536,locomotion,0.5266,5.44
ACCAD_MartialArtsWalksTurns_c3d_E16_-_block_right_middle_poses_120_jpos,1.8356,0.00069,quiet,0.4474,2.50
CMU_114_114_04_poses_120_jpos,2.0443,0.00028,locomotion,0.5266,7.46
CMU_136_136_27_poses_120_jpos,1.5613,0.00158,locomotion,0.5266,9.06
KIT_513_kick09_poses_100_jpos,1.2008,0.00667,locomotion,0.5266,7.66
GRAB_s3_piggybank_use_1,0.6323,0.02059,locomotion,0.5266,6.86
KIT_3_walk_with_left_support02_poses_100_jpos,0.9295,0.00591,locomotion,0.5266,7.54
KIT_6_WalkInClockwiseCircle03_1_poses_100_jpos,0.7218,0.01403,locomotion,0.5266,7.14
KIT_10_WalkInClockwiseCircle09_poses_100_jpos,0.8924,0.00321,locomotion,0.5266,6.60
Eyes_Japan_Dataset_takiguchi_throw_toss-13-pass_to_right_light-takiguchi_poses_120_jpos,1.4101,0.00457,quiet,0.4474,23.98
KIT_513_turn_left01_poses_100_jpos,0.7001,0.00836,locomotion,0.5266,7.08
KIT_359_walking_slow04_poses_100_jpos,1.4558,0.00264,locomotion,0.5266,6.26
KIT_675_walk_with_handrail_right07_poses_100_jpos,1.0019,0.00770,locomotion,0.5266,3.82
KIT_3_walking_medium01_poses_100_jpos,0.6349,0.01753,locomotion,0.5266,3.18
GRAB_s6_mug_toast_1,0.8116,0.03891,locomotion,0.5266,7.44
KIT_183_step_over_gap09_poses_100_jpos,0.9667,0.01129,locomotion,0.5266,5.26
KIT_572_dance_waltz06_poses_100_jpos,0.8951,0.02198,locomotion,0.5266,10.72
BMLhandball_S08_Novice_Trial_upper_right_left_090_poses_120_jpos,1.7959,0.00062,quiet,0.4474,13.28
KIT_425_walking_slow05_poses_100_jpos,0.8690,0.01713,locomotion,0.5266,5.68
GRAB_s3_eyeglasses_offhand_1,0.6978,0.04692,locomotion,0.5266,9.88
KIT_425_bend_left03_poses_100_jpos,0.9485,0.00329,locomotion,0.5266,4.46
BMLhandball_S05_Novice_Trial_upper_left_061_poses_120_jpos,1.7682,0.00043,quiet,0.4474,5.30
CMU_35_35_07_poses_120_jpos,0.8873,0.00101,locomotion,0.5266,3.00
KIT_12_WalkInCounterClockwiseCircle08_poses_100_jpos,0.8566,0.00453,locomotion,0.5266,7.26
CMU_62_62_19_poses_60_jpos,0.8845,0.01907,locomotion,0.5266,10.98
Eyes_Japan_Dataset_hamada_gesture_etc-41-mosh-hamada_poses_120_jpos,0.9222,0.02122,locomotion,0.5266,29.76
KIT_421_push_recovery_stand_front06_poses_100_jpos,1.1318,0.00693,locomotion,0.5266,3.50
KIT_3_walk_with_left_support_table01_poses_100_jpos,1.1380,0.00420,locomotion,0.5266,7.12
CMU_80_80_47_poses_60_jpos,1.4660,0.00422,quiet,0.4474,16.72
KIT_379_push_recovery_stand_back06_poses_100_jpos,1.4044,0.00078,dynamic,0.0193,2.76
CMU_105_105_21_poses_120_jpos,1.2303,0.01156,locomotion,0.5266,32.26
Eyes_Japan_Dataset_aita_gesture_etc-20-swing_chair-aita_poses_120_jpos,1.6246,0.00089,quiet,0.4474,30.00
CMU_35_35_33_poses_120_jpos,1.0905,0.00073,locomotion,0.5266,3.50
KIT_317_bend_right08_poses_100_jpos,0.8668,0.00548,locomotion,0.5266,3.58
KIT_359_walking_medium10_poses_100_jpos,1.5368,0.00083,locomotion,0.5266,5.16
CMU_122_122_48_poses_120_jpos,1.8892,0.00013,locomotion,0.5266,3.70
KIT_167_step_over_gap11_poses_100_jpos,1.0318,0.02010,locomotion,0.5266,5.52
KIT_675_walk_with_handrail_right01_poses_100_jpos,1.0952,0.00660,locomotion,0.5266,4.00
KIT_425_bend_right04_poses_100_jpos,0.9204,0.00780,locomotion,0.5266,4.76
KIT_9_turn_left07_poses_100_jpos,1.0054,0.01580,locomotion,0.5266,5.34
GRAB_s7_spheremedium_inspect_1,1.1079,0.01038,locomotion,0.5266,6.46
Eyes_Japan_Dataset_takiguchi_turn-01-call-takiguchi_poses_120_jpos,1.1770,0.01950,locomotion,0.5266,25.00
CMU_143_143_10_poses_60_jpos,1.1909,0.00661,locomotion,0.5266,9.58
KIT_425_bend_left10_poses_100_jpos,0.9021,0.00543,locomotion,0.5266,5.08
KIT_424_step_stones03_poses_100_jpos,1.0130,0.01341,locomotion,0.5266,11.84
KIT_12_RightTurn02_poses_100_jpos,0.8930,0.01348,locomotion,0.5266,9.24
KIT_3_jump_left05_poses_100_jpos,2.3886,0.00004,locomotion,0.5266,4.36
KIT_12_RightTurn05_poses_100_jpos,0.8660,0.00252,locomotion,0.5266,3.54
DFaust_67_50004_50004_knees_poses_60_jpos,1.3693,0.00450,quiet,0.4474,12.18
KIT_572_dance_chacha15_poses_100_jpos,0.9532,0.01638,locomotion,0.5266,16.68
BMLmovi_Subject_34_F_MoSh_Subject_34_F_20_poses_120_jpos,1.1591,0.01057,quiet,0.4474,5.68
KIT_3_parkour05_poses_100_jpos,0.8125,0.01689,locomotion,0.5266,14.44
KIT_359_walking_fast01_poses_100_jpos,1.8819,0.00043,dynamic,0.0193,3.76
CMU_122_122_34_poses_120_jpos,1.5048,0.00130,locomotion,0.5266,8.06
GRAB_s2_camera_pass_1,1.7819,0.00145,locomotion,0.5266,7.26
KIT_424_step_over_gap05_poses_100_jpos,0.8141,0.01244,locomotion,0.5266,5.20
GRAB_s3_toothbrush_brush_1,0.9386,0.02826,locomotion,0.5266,6.46
KIT_4_WalkInClockwiseCircle07_poses_100_jpos,0.8103,0.01138,locomotion,0.5266,8.06
KIT_291_push_recovery_right03_poses_100_jpos,1.0373,0.01210,locomotion,0.5266,5.66
KIT_675_walk_with_handrail_table_right009_poses_100_jpos,0.9759,0.00763,locomotion,0.5266,5.70
Eyes_Japan_Dataset_takiguchi_throw_toss-16-pass_to_left_heavy-takiguchi_poses_120_jpos,1.4898,0.00360,quiet,0.4474,24.88
KIT_167_parkour04_poses_100_jpos,0.9553,0.00646,locomotion,0.5266,9.10
KIT_3_tennis_smash_right05_poses_100_jpos,1.7048,0.00088,locomotion,0.5266,5.90
KIT_3_golf_drive01_poses_100_jpos,1.8363,0.00031,locomotion,0.5266,6.30
BMLmovi_Subject_41_F_MoSh_Subject_41_F_17_poses_120_jpos,1.0725,0.01043,quiet,0.4474,2.58
Eyes_Japan_Dataset_kanno_greeting-03-election-kanno_poses_120_jpos,1.2722,0.00804,quiet,0.4474,33.74
KIT_183_parkour02_poses_100_jpos,1.0157,0.01321,locomotion,0.5266,13.28
BMLhandball_S09_Novice_Trial_upper_right_left_234_poses_120_jpos,1.4709,0.00107,quiet,0.4474,9.84
DFaust_67_50020_50020_knees_poses_60_jpos,1.3843,0.00591,quiet,0.4474,8.58
GRAB_s7_pyramidlarge_inspect_1,1.3015,0.00841,locomotion,0.5266,8.08
CMU_120_120_21_poses_120_jpos,1.5213,0.00263,locomotion,0.5266,25.94
Eyes_Japan_Dataset_kanno_accident-13-damage_back-kanno_poses_120_jpos,1.0732,0.01696,locomotion,0.5266,29.76
KIT_314_walking_run04_poses_100_jpos,0.8535,0.00135,dynamic,0.0193,3.84
CMU_40_40_11_poses_120_jpos,1.1405,0.01234,locomotion,0.5266,50.16
KIT_9_walking_run05_poses_100_jpos,1.4717,0.00054,dynamic,0.0193,4.56
GRAB_s6_train_pass_1,1.2106,0.00889,locomotion,0.5266,8.22
BMLhandball_S09_Novice_Trial_upper_left_209_poses_120_jpos,1.1681,0.00200,quiet,0.4474,8.30
Eyes_Japan_Dataset_kawaguchi_throw_toss-17-pass_to_back_light-kawaguchi_poses_120_jpos,1.9941,0.00026,quiet,0.4474,19.92
KIT_572_jump_right03_poses_100_jpos,1.6251,0.00028,locomotion,0.5266,5.28
BMLhandball_S09_Novice_Trial_upper_right_left_181_poses_120_jpos,1.5793,0.00078,quiet,0.4474,9.12
GRAB_s3_hand_pass_1,0.8691,0.02698,locomotion,0.5266,7.32
KIT_3_kneel_up_with_left_hand05_poses_100_jpos,1.4301,0.00085,ground,0.0067,3.86
KIT_317_walking_run09_poses_100_jpos,0.9514,0.00113,dynamic,0.0193,4.00
CMU_132_132_43_poses_120_jpos,1.1863,0.00609,locomotion,0.5266,6.70
CMU_30_30_09_poses_120_jpos,1.3167,0.00657,quiet,0.4474,31.32
KIT_379_push_recovery_front01_poses_100_jpos,1.4150,0.00095,locomotion,0.5266,4.00
BMLmovi_Subject_53_F_MoSh_Subject_53_F_3_poses_120_jpos,1.3712,0.00986,quiet,0.4474,5.18
KIT_167_walking_run08_poses_100_jpos,0.8882,0.00125,dynamic,0.0193,4.36
ACCAD_MartialArtsWalksTurns_c3d_E2_-_Turn_around_left_poses_120_jpos,1.7909,0.00113,quiet,0.4474,13.08
BMLhandball_S05_Novice_Trial_upper_left_right_013_poses_120_jpos,1.6717,0.00077,locomotion,0.5266,6.90
KIT_425_step_over_gap05_poses_100_jpos,0.8457,0.01742,locomotion,0.5266,5.68
CMU_132_132_19_poses_120_jpos,1.8149,0.00010,dynamic,0.0193,2.26
KIT_379_push_recovery_stand_right07_poses_100_jpos,1.2988,0.00161,locomotion,0.5266,3.50
KIT_183_walking_run02_poses_100_jpos,0.8150,0.00138,dynamic,0.0193,4.20
CMU_18_19_Justin_18_15_poses_120_jpos,2.4274,0.00008,quiet,0.4474,12.80
KIT_183_walking_run06_poses_100_jpos,1.1272,0.00083,dynamic,0.0193,3.66
BMLhandball_S06_Novice_Trial_upper_right_217_poses_120_jpos,1.3633,0.00615,locomotion,0.5266,8.22
KIT_3_turn_right10_poses_100_jpos,0.9398,0.01422,locomotion,0.5266,5.18
CMU_63_63_27_poses_120_jpos,1.0416,0.02358,quiet,0.4474,4.74
KIT_379_push_recovery_back10_poses_100_jpos,1.8965,0.00018,dynamic,0.0193,4.00
KIT_421_push_recovery_front02_poses_100_jpos,1.0454,0.00903,locomotion,0.5266,7.50
BMLmovi_Subject_32_F_MoSh_Subject_32_F_19_poses_120_jpos,1.7667,0.00063,quiet,0.4474,5.70
BMLmovi_Subject_72_F_MoSh_Subject_72_F_5_poses_120_jpos,1.6463,0.00065,quiet,0.4474,6.38
KIT_3_walking_fast05_poses_100_jpos,1.1477,0.00438,dynamic,0.0193,3.78
CMU_02_02_08_poses_120_jpos,1.8086,0.00079,locomotion,0.5266,12.50
KIT_379_push_recovery_stand_left10_poses_100_jpos,2.3306,0.00004,locomotion,0.5266,2.76
Eyes_Japan_Dataset_shiono_gesture_etc-35-west_side-shiono_poses_120_jpos,1.0615,0.01339,locomotion,0.5266,30.00
HUMAN4D_Subject3_Medhi_RGB_TalkingWalking_S3_01_poses_120_jpos,3.2248,0.00000,locomotion,0.5266,24.48
KIT_378_push_recovery_front04_poses_100_jpos,1.0012,0.00812,locomotion,0.5266,7.00
ACCAD_MartialArtsWalksTurns_c3d_E1_-_Turn_around_right_poses_120_jpos,1.4052,0.00577,quiet,0.4474,14.36
CMU_06_06_01_poses_120_jpos,1.1299,0.00581,locomotion,0.5266,4.12
GRAB_s3_airplane_offhand_1,1.5794,0.00101,locomotion,0.5266,8.24
KIT_167_walking_run10_poses_100_jpos,1.1359,0.00077,dynamic,0.0193,4.88
CMU_83_83_15_poses_120_jpos,1.3036,0.00616,locomotion,0.5266,4.36
BMLmovi_Subject_36_F_MoSh_Subject_36_F_21_poses_120_jpos,1.5881,0.00162,quiet,0.4474,4.34
KIT_359_bend_left06_poses_100_jpos,1.2267,0.00280,locomotion,0.5266,4.20
KIT_11_WalkInCounterClockwiseCircle05_poses_100_jpos,1.0847,0.00543,locomotion,0.5266,6.96
ACCAD_Male2MartialArtsStances_c3d_D15_-_switch_stance_poses_120_jpos,1.3900,0.00569,quiet,0.4474,3.06
CMU_83_83_34_poses_120_jpos,1.4630,0.00136,locomotion,0.5266,8.06
KIT_167_parkour06_poses_100_jpos,1.0990,0.00567,locomotion,0.5266,8.70
KIT_3_throw_left02_poses_100_jpos,2.1510,0.00011,locomotion,0.5266,4.76
KIT_3_kneel_up_from_crawl02_poses_100_jpos,2.5113,0.00004,ground,0.0067,4.46
BMLhandball_S07_Expert_Trial_upper_left_right_037_poses_120_jpos,1.3440,0.00206,quiet,0.4474,13.32
KIT_317_walking_run03_poses_100_jpos,0.8176,0.00145,dynamic,0.0193,3.48
KIT_183_walking_run07_poses_100_jpos,1.4802,0.00036,dynamic,0.0193,3.82
SSM_synced_20161014_50033_ATUSquat_sync_poses_120_jpos,3.9848,0.00000,quiet,0.4474,2.14
KIT_425_walking_fast02_poses_100_jpos,1.4270,0.00201,dynamic,0.0193,4.22
KIT_291_push_recovery_left07_poses_100_jpos,1.2398,0.00877,locomotion,0.5266,6.22
CMU_123_123_10_poses_120_jpos,0.9851,0.01223,locomotion,0.5266,6.66
BMLhandball_S09_Novice_Trial_upper_left_188_poses_120_jpos,1.1303,0.00222,quiet,0.4474,8.80
BMLhandball_S09_Novice_Trial_upper_left_right_087_poses_120_jpos,1.3980,0.00166,quiet,0.4474,10.46
CMU_37_37_01_poses_120_jpos,1.3597,0.00149,locomotion,0.5266,4.26
CMU_54_54_21_poses_120_jpos,1.3236,0.00429,locomotion,0.5266,58.24
BMLhandball_S05_Novice_Trial_upper_left_right_007_poses_120_jpos,1.8423,0.00039,quiet,0.4474,6.94
KIT_425_walking_01_poses_100_jpos,2.0216,0.00011,locomotion,0.5266,6.60
CMU_105_105_35_poses_120_jpos,1.2892,0.00849,locomotion,0.5266,25.44
CMU_118_118_10_poses_120_jpos,1.4931,0.00039,locomotion,0.5266,4.36
CMU_118_118_19_poses_120_jpos,1.7901,0.00018,locomotion,0.5266,5.10
CMU_136_136_06_poses_120_jpos,1.5170,0.00273,locomotion,0.5266,7.86
BMLmovi_Subject_69_F_MoSh_Subject_69_F_1_poses_120_jpos,1.2219,0.00183,locomotion,0.5266,14.44
KIT_348_parkour01_poses_100_jpos,1.1562,0.00822,locomotion,0.5266,12.12
KIT_4_WalkInClockwiseCircle10_poses_100_jpos,1.3279,0.00182,locomotion,0.5266,7.78
KIT_379_push_recovery_stand_right01_poses_100_jpos,1.3350,0.00292,locomotion,0.5266,5.50
BMLmovi_Subject_67_F_MoSh_Subject_67_F_21_poses_120_jpos,1.1005,0.00703,locomotion,0.5266,11.24
DFaust_67_50009_50009_light_hopping_stiff_poses_60_jpos,3.9124,0.00000,quiet,0.4474,4.22
CMU_143_143_20_poses_60_jpos,1.6159,0.00294,locomotion,0.5266,10.84
KIT_425_walking_medium03_poses_100_jpos,1.2526,0.00498,locomotion,0.5266,4.54
CMU_138_138_23_poses_120_jpos,2.0098,0.00022,locomotion,0.5266,3.82
KIT_314_turn_left04_poses_100_jpos,1.2256,0.00166,locomotion,0.5266,4.32
KIT_421_push_recovery_left06_poses_100_jpos,1.0829,0.00677,locomotion,0.5266,5.26
CMU_136_136_02_poses_120_jpos,1.1639,0.00554,locomotion,0.5266,7.16
KIT_379_push_recovery_front06_poses_100_jpos,1.2892,0.00175,locomotion,0.5266,6.00
BMLhandball_S07_Expert_Trial_upper_left_082_poses_120_jpos,1.6396,0.00090,locomotion,0.5266,8.82
KIT_167_turn_left04_poses_100_jpos,1.3485,0.00580,locomotion,0.5266,5.42
CMU_38_38_02_poses_120_jpos,1.9369,0.00015,dynamic,0.0193,3.50
ACCAD_MartialArtsWalksTurns_c3d_E17_-_block_middle_high_poses_120_jpos,1.9182,0.00086,locomotion,0.5266,2.54
CMU_12_12_02_poses_120_jpos,1.4111,0.00163,locomotion,0.5266,5.60
CMU_114_114_06_poses_120_jpos,1.8271,0.00048,locomotion,0.5266,8.52
BMLhandball_S08_Novice_Trial_upper_left_082_poses_120_jpos,1.7395,0.00057,quiet,0.4474,12.96
BMLmovi_Subject_17_F_MoSh_Subject_17_F_14_poses_120_jpos,1.3619,0.01000,locomotion,0.5266,6.84
KIT_314_turn_right10_poses_100_jpos,1.1649,0.00194,locomotion,0.5266,4.40
CMU_77_77_30_poses_60_jpos,1.2106,0.00873,locomotion,0.5266,21.00
BMLmovi_Subject_41_F_MoSh_Subject_41_F_16_poses_120_jpos,2.5923,0.00003,quiet,0.4474,3.70
BMLmovi_Subject_81_F_MoSh_Subject_81_F_15_poses_120_jpos,1.4642,0.00056,quiet,0.4474,3.88
CMU_55_55_18_poses_120_jpos,2.0935,0.00015,locomotion,0.5266,44.90
HUMAN4D_Subject4_Carine_RGB_BasketBall_S4_01_poses_120_jpos,3.5708,0.00000,locomotion,0.5266,17.26
CMU_114_114_09_poses_120_jpos,1.5327,0.00118,locomotion,0.5266,18.98
CMU_133_133_23_poses_120_jpos,1.4608,0.00325,locomotion,0.5266,7.06
CMU_122_122_55_poses_120_jpos,2.0461,0.00046,locomotion,0.5266,6.14
ACCAD_Male2MartialArtsStances_c3d_D5_-_ready_to_walk_away_poses_120_jpos,2.0083,0.00013,dynamic,0.0193,4.46
CMU_07_07_01_poses_120_jpos,2.3336,0.00005,dynamic,0.0193,2.64
KIT_167_parkour05_poses_100_jpos,0.9817,0.01162,locomotion,0.5266,8.86
BMLhandball_S09_Novice_Trial_upper_right_left_176_poses_120_jpos,1.4624,0.00084,quiet,0.4474,11.76
KIT_359_turn_right03_poses_100_jpos,1.4851,0.00117,locomotion,0.5266,5.72
KIT_183_turn_right08_poses_100_jpos,1.2698,0.00245,locomotion,0.5266,4.80
BMLmovi_Subject_72_F_MoSh_Subject_72_F_6_poses_120_jpos,1.4294,0.00339,quiet,0.4474,4.74
KIT_359_turn_left02_poses_100_jpos,1.5066,0.00100,locomotion,0.5266,5.04
KIT_317_turn_right05_poses_100_jpos,1.1324,0.00424,locomotion,0.5266,4.74
BMLmovi_Subject_15_F_MoSh_Subject_15_F_16_poses_120_jpos,0.9821,0.01119,locomotion,0.5266,9.04
BMLmovi_Subject_8_F_MoSh_Subject_8_F_15_poses_120_jpos,1.7499,0.00019,quiet,0.4474,3.94
CMU_114_114_13_poses_120_jpos,1.1095,0.00879,locomotion,0.5266,26.10
BMLhandball_S09_Novice_Trial_upper_left_219_poses_120_jpos,1.3556,0.00135,quiet,0.4474,8.40
BMLmovi_Subject_83_F_MoSh_Subject_83_F_19_poses_120_jpos,2.1437,0.00020,quiet,0.4474,5.38
KIT_348_parkour05_poses_100_jpos,1.2163,0.00324,locomotion,0.5266,10.46
CMU_137_137_13_poses_120_jpos,1.2784,0.00564,locomotion,0.5266,24.70
CMU_106_106_11_poses_60_jpos,1.9723,0.00039,locomotion,0.5266,11.42
Eyes_Japan_Dataset_takiguchi_walk-05-backward-takiguchi_poses_120_jpos,1.2929,0.00543,locomotion,0.5266,20.00
CMU_40_40_02_poses_120_jpos,1.0304,0.01384,locomotion,0.5266,41.62
KIT_513_parkour01_poses_100_jpos,0.9924,0.00783,locomotion,0.5266,11.32
CMU_30_30_13_poses_120_jpos,1.7779,0.00129,quiet,0.4474,16.38
CMU_84_84_01_poses_60_jpos,1.3206,0.01302,locomotion,0.5266,7.72
CMU_22_23_justin_22_12_poses_120_jpos,2.2899,0.00015,locomotion,0.5266,2.54
CMU_55_55_12_poses_120_jpos,1.5047,0.00175,locomotion,0.5266,17.30
CMU_108_108_11_poses_120_jpos,2.6676,0.00000,dynamic,0.0193,2.04
CMU_122_122_01_poses_120_jpos,2.0908,0.00028,locomotion,0.5266,5.28
CMU_77_77_04_poses_60_jpos,1.6713,0.00153,quiet,0.4474,14.70
Eyes_Japan_Dataset_hamada_pose-04-drank-hamada_poses_120_jpos,0.9594,0.02069,locomotion,0.5266,29.76
CMU_60_60_15_poses_60_jpos,1.5030,0.00385,locomotion,0.5266,35.66
BMLhandball_S09_Novice_Trial_upper_right_left_118_poses_120_jpos,1.7897,0.00050,quiet,0.4474,9.28
CMU_139_139_15_poses_60_jpos,1.5589,0.00110,locomotion,0.5266,17.96
BMLhandball_S07_Expert_Trial_upper_right_210_poses_120_jpos,1.5407,0.00103,locomotion,0.5266,11.64
Eyes_Japan_Dataset_aita_accident-08-damage_rightfoot-aita_poses_120_jpos,1.9663,0.00022,locomotion,0.5266,30.00
Transitions_mocap_mazen_c3d_punchkarate_kick_poses_120_jpos,3.2082,0.00001,locomotion,0.5266,8.56
CMU_132_132_22_poses_120_jpos,2.0711,0.00006,dynamic,0.0193,3.10
KIT_378_push_recovery_right05_poses_100_jpos,1.5438,0.00122,locomotion,0.5266,6.50
BMLmovi_Subject_36_F_MoSh_Subject_36_F_12_poses_120_jpos,1.3865,0.00274,locomotion,0.5266,9.84
CMU_39_39_05_poses_120_jpos,2.2311,0.00011,dynamic,0.0193,3.34
HUMAN4D_Subject3_4_Carine_INF_Dancing_S3S4_01_poses_120_jpos,3.7615,0.00000,locomotion,0.5266,20.24
Eyes_Japan_Dataset_kaiwa_jump-03-vertical-kaiwa_poses_120_jpos,4.3477,0.00000,locomotion,0.5266,30.00
KIT_379_push_recovery_left08_poses_100_jpos,1.5283,0.00146,locomotion,0.5266,5.76
CMU_137_137_08_poses_120_jpos,1.3546,0.00473,locomotion,0.5266,16.16
Eyes_Japan_Dataset_hamada_turn-05-turn-hamada_poses_120_jpos,1.9233,0.00016,locomotion,0.5266,30.00
CMU_83_83_16_poses_120_jpos,1.7739,0.00104,locomotion,0.5266,4.26
BMLmovi_Subject_39_F_MoSh_Subject_39_F_18_poses_120_jpos,2.0512,0.00018,locomotion,0.5266,5.88
CMU_84_84_05_poses_60_jpos,1.5090,0.00116,locomotion,0.5266,5.38
CMU_143_143_38_poses_60_jpos,1.4369,0.00474,locomotion,0.5266,21.94
CMU_79_79_01_poses_60_jpos,1.8670,0.00036,quiet,0.4474,9.76
CMU_144_144_17_poses_120_jpos,2.8705,0.00000,locomotion,0.5266,23.50
BMLmovi_Subject_51_F_MoSh_Subject_51_F_5_poses_120_jpos,1.8738,0.00033,ground,0.0067,5.70
BMLmovi_Subject_55_F_MoSh_Subject_55_F_21_poses_120_jpos,1.3822,0.00181,locomotion,0.5266,8.28
CMU_83_83_49_poses_120_jpos,2.0970,0.00014,dynamic,0.0193,3.80
BMLmovi_Subject_3_F_MoSh_Subject_3_F_7_poses_120_jpos,1.5527,0.00277,locomotion,0.5266,4.48
SSM_synced_20160330_03333_side_hopping_poses_59_jpos,1.8539,0.00033,locomotion,0.5266,8.44
Transitions_mocap_mazen_c3d_airkick_turntwist180_poses_120_jpos,2.2391,0.00014,locomotion,0.5266,8.00
CMU_36_36_18_poses_120_jpos,1.8405,0.00092,locomotion,0.5266,35.86
BMLmovi_Subject_27_F_MoSh_Subject_27_F_5_poses_120_jpos,3.1757,0.00000,ground,0.0067,10.58
BMLmovi_Subject_31_F_MoSh_Subject_31_F_21_poses_120_jpos,1.4186,0.00054,quiet,0.4474,5.78
Eyes_Japan_Dataset_hamada_walk-17-push_by_back-hamada_poses_120_jpos,1.1614,0.01000,locomotion,0.5266,30.00
CMU_36_36_04_poses_120_jpos,2.1491,0.00070,locomotion,0.5266,31.06
BMLmovi_Subject_39_F_MoSh_Subject_39_F_14_poses_120_jpos,1.1460,0.00491,locomotion,0.5266,3.20
KIT_359_turn_right08_poses_100_jpos,1.8343,0.00028,locomotion,0.5266,5.48
CMU_83_83_53_poses_120_jpos,5.3143,0.00000,quiet,0.4474,4.50
CMU_120_120_07_poses_120_jpos,2.3217,0.00006,locomotion,0.5266,9.28
CMU_15_15_01_poses_120_jpos,1.0872,0.00757,locomotion,0.5266,46.04
CMU_74_74_05_poses_60_jpos,1.4289,0.00142,locomotion,0.5266,5.38
CMU_06_06_14_poses_120_jpos,2.6836,0.00001,locomotion,0.5266,4.00
ACCAD_MartialArtsWalksTurns_c3d_E3_-_advance_poses_120_jpos,1.8697,0.00034,locomotion,0.5266,6.36
CMU_144_144_28_poses_120_jpos,2.2130,0.00019,locomotion,0.5266,19.06
BMLmovi_Subject_62_F_MoSh_Subject_62_F_3_poses_120_jpos,1.7912,0.00018,quiet,0.4474,4.80
CMU_18_19_Justin_18_07_poses_120_jpos,1.9997,0.00022,locomotion,0.5266,2.42
Eyes_Japan_Dataset_kanno_accident-11-fall_down-kanno_poses_120_jpos,2.0596,0.00043,locomotion,0.5266,29.76
CMU_54_54_22_poses_120_jpos,1.2649,0.00696,locomotion,0.5266,21.12
CMU_132_132_53_poses_120_jpos,1.5849,0.00104,locomotion,0.5266,54.18
BMLmovi_Subject_39_F_MoSh_Subject_39_F_6_poses_120_jpos,1.8003,0.00026,quiet,0.4474,4.58
BMLmovi_Subject_27_F_MoSh_Subject_27_F_17_poses_120_jpos,1.2757,0.00786,locomotion,0.5266,9.88
CMU_17_17_09_poses_120_jpos,1.1553,0.00882,locomotion,0.5266,50.66
KIT_167_parkour03_poses_100_jpos,1.5477,0.00182,locomotion,0.5266,7.04
Eyes_Japan_Dataset_hamada_accident-08-damage_rightfoot-hamada_poses_120_jpos,1.3216,0.00501,locomotion,0.5266,29.76
BMLmovi_Subject_31_F_MoSh_Subject_31_F_8_poses_120_jpos,2.3373,0.00005,quiet,0.4474,5.54
DFaust_67_50025_50025_punching_poses_60_jpos,2.9363,0.00000,quiet,0.4474,3.32
SFU_0018_0018_Walking001_poses_120_jpos,2.0355,0.00029,dynamic,0.0193,17.76
CMU_55_55_01_poses_120_jpos,1.6615,0.00180,locomotion,0.5266,15.06
BMLmovi_Subject_48_F_MoSh_Subject_48_F_18_poses_120_jpos,1.1814,0.00300,locomotion,0.5266,10.30
Transitions_mocap_mazen_c3d_airkick_jumpingtwist360_poses_120_jpos,4.5586,0.00000,locomotion,0.5266,7.10
Transitions_mocap_mazen_c3d_devishdance_longjump_poses_120_jpos,3.4586,0.00000,locomotion,0.5266,10.22
DFaust_67_50002_50002_light_hopping_loose_poses_60_jpos,3.5920,0.00000,quiet,0.4474,3.90
Eyes_Japan_Dataset_kanno_gesture_etc-41-mosh-kanno_poses_120_jpos,1.2595,0.00511,locomotion,0.5266,33.62
Eyes_Japan_Dataset_yamaoka_tennis-01-forehand-yamaoka_poses_120_jpos,2.6305,0.00001,locomotion,0.5266,24.80
DFaust_67_50004_50004_shake_hips_poses_60_jpos,4.9406,0.00000,quiet,0.4474,3.56
CMU_133_133_04_poses_120_jpos,2.4409,0.00008,dynamic,0.0193,6.52
BMLmovi_Subject_22_F_MoSh_Subject_22_F_1_poses_120_jpos,1.2050,0.00308,locomotion,0.5266,9.74
Eyes_Japan_Dataset_aita_sitdown_standup-16-reseat-aita_poses_120_jpos,2.1451,0.00046,locomotion,0.5266,30.00
SFU_0015_0015_KendoKata001_poses_120_jpos,3.1805,0.00000,locomotion,0.5266,155.90
BMLmovi_Subject_31_F_MoSh_Subject_31_F_4_poses_120_jpos,1.7158,0.00152,locomotion,0.5266,3.54
CMU_60_60_09_poses_60_jpos,2.7034,0.00002,locomotion,0.5266,42.90
CMU_102_102_20_poses_120_jpos,6.8596,0.00000,dynamic,0.0193,5.06
Eyes_Japan_Dataset_hamada_walk-10-shoulder_bag-hamada_poses_120_jpos,1.3898,0.00437,locomotion,0.5266,30.00
BMLmovi_Subject_48_F_MoSh_Subject_48_F_16_poses_120_jpos,3.4759,0.00000,ground,0.0067,10.44
CMU_20_21_rory1_20_08_poses_120_jpos,2.2228,0.00012,locomotion,0.5266,1.78
BMLmovi_Subject_74_F_MoSh_Subject_74_F_20_poses_120_jpos,1.7261,0.00061,dynamic,0.0193,8.24
CMU_108_108_13_poses_120_jpos,3.8501,0.00000,dynamic,0.0193,1.30
CMU_144_144_05_poses_120_jpos,2.1399,0.00012,locomotion,0.5266,23.22
CMU_143_143_01_poses_60_jpos,3.9403,0.00001,dynamic,0.0193,1.66
CMU_91_91_17_poses_120_jpos,2.1399,0.00010,dynamic,0.0193,12.66
CMU_105_105_11_poses_120_jpos,1.3920,0.00337,locomotion,0.5266,15.52
Eyes_Japan_Dataset_aita_walk-23-shuffle_oneleg-aita_poses_120_jpos,1.9081,0.00040,locomotion,0.5266,30.00
CMU_131_131_12_poses_120_jpos,2.7840,0.00002,locomotion,0.5266,6.40
Eyes_Japan_Dataset_aita_walk-05-backward-aita_poses_120_jpos,1.4154,0.00373,locomotion,0.5266,30.00
BMLmovi_Subject_24_F_MoSh_Subject_24_F_12_poses_120_jpos,2.0903,0.00028,locomotion,0.5266,4.90
CMU_63_63_09_poses_120_jpos,3.5078,0.00000,locomotion,0.5266,3.76
BMLmovi_Subject_58_F_MoSh_Subject_58_F_3_poses_120_jpos,1.3585,0.00708,locomotion,0.5266,9.50
BMLmovi_Subject_13_F_MoSh_Subject_13_F_9_poses_120_jpos,1.4951,0.00345,locomotion,0.5266,7.60
DFaust_67_50009_50009_one_leg_loose_poses_60_jpos,1.9580,0.00009,quiet,0.4474,2.98
BMLmovi_Subject_1_F_MoSh_Subject_1_F_13_poses_120_jpos,1.6811,0.00088,locomotion,0.5266,5.70
CMU_13_13_32_poses_120_jpos,3.1541,0.00000,locomotion,0.5266,2.80
Eyes_Japan_Dataset_hamada_walk-02-drank-hamada_poses_120_jpos,1.3920,0.00272,locomotion,0.5266,30.00
BMLmovi_Subject_53_F_MoSh_Subject_53_F_20_poses_120_jpos,2.1493,0.00010,dynamic,0.0193,8.70
CMU_91_91_12_poses_120_jpos,1.5031,0.00259,locomotion,0.5266,18.52
BMLmovi_Subject_15_F_MoSh_Subject_15_F_14_poses_120_jpos,2.6806,0.00001,dynamic,0.0193,8.00
ACCAD_Male2MartialArtsStances_c3d_D16_-_switch_stance_and_bounce_poses_120_jpos,2.3220,0.00012,locomotion,0.5266,4.90
CMU_82_82_07_poses_120_jpos,1.8236,0.00050,locomotion,0.5266,9.98
BMLmovi_Subject_20_F_MoSh_Subject_20_F_8_poses_120_jpos,3.5635,0.00000,quiet,0.4474,3.84
BMLmovi_Subject_3_F_MoSh_Subject_3_F_6_poses_120_jpos,3.8713,0.00000,quiet,0.4474,2.74
BMLmovi_Subject_11_F_MoSh_Subject_11_F_11_poses_120_jpos,2.5314,0.00002,locomotion,0.5266,4.60
CMU_108_108_20_poses_120_jpos,4.1144,0.00000,dynamic,0.0193,2.32
CMU_143_143_09_poses_60_jpos,6.0214,0.00000,locomotion,0.5266,9.08
CMU_91_91_11_poses_120_jpos,1.5318,0.00258,locomotion,0.5266,15.52
CMU_78_78_31_poses_120_jpos,3.1385,0.00001,locomotion,0.5266,6.66
BMLmovi_Subject_24_F_MoSh_Subject_24_F_2_poses_120_jpos,4.1744,0.00000,quiet,0.4474,2.88
ACCAD_Male2MartialArtsKicks_c3d_G3_-_front_kick_poses_120_jpos,3.7866,0.00000,locomotion,0.5266,2.30
CMU_138_138_25_poses_120_jpos,2.2952,0.00006,locomotion,0.5266,2.98
CMU_16_16_35_poses_120_jpos,3.6925,0.00001,dynamic,0.0193,1.36
Eyes_Japan_Dataset_kanno_accident-02-dodge_fast-kanno_poses_120_jpos,1.8024,0.00065,locomotion,0.5266,29.76
CMU_127_127_16_poses_120_jpos,4.8192,0.00000,dynamic,0.0193,2.16
Transitions_mocap_mazen_c3d_twistdance_walk_poses_120_jpos,3.8070,0.00000,locomotion,0.5266,8.20
CMU_135_135_02_poses_120_jpos,5.6406,0.00000,locomotion,0.5266,43.36
BMLmovi_Subject_3_F_MoSh_Subject_3_F_18_poses_120_jpos,3.6369,0.00000,locomotion,0.5266,4.48
