motion_key,num_frames,fps,airborne_frac,infeasible_frac,unsupported_force_N_p50,unsupported_force_N_p95,unsupported_force_N_max,unsupported_impulse_per_weight_s,max_tau_ratio_p95,torque_infeasible_frac,schema_version,robot_sha256,source_sha256,num_evaluable_frames,num_contact_free_frames,duration_s,body_weight_N,foot_gap_m_p50,foot_gap_m_p05,mean_contacts,max_tau_ratio_max,torque_saturated_frac,mjcf_path,thr_gap_m,thr_mu,thr_unsupported_force_frac
BMLmovi_Subject_22_F_MoSh_Subject_22_F_2_poses_120_jpos,150,50,0.0,0.0,0.0,21.514773912356517,38.608430977712764,0.021279843627756284,0.6113497958078057,0.0,1,15a330f1dbff68cdbeb8284be6162a857bdcd21a858f65a8617fb32d5115f209,720c95221f4809bbcb9bb9d852631a1fd7494b8ba26e2e93fb2d985783c17539,150,0,3.0,327.07660302000005,0.003545356486342876,-0.0005516487907983201,12.0,0.7244104165518166,0.0,/home/robotixx/GR00T-WholeBodyControl/gear_sonic/data/assets/robot_description/mjcf/g1_29dof_rev_1_0.xml,0.06,0.7,0.5
BMLmovi_Subject_53_F_MoSh_Subject_53_F_17_poses_120_jpos,494,50,0.6032388663967612,0.6032388663967612,323.27469823518663,342.73472281733183,357.29693384247275,6.065399113287181,0.5972504004819935,0.0,1,15a330f1dbff68cdbeb8284be6162a857bdcd21a858f65a8617fb32d5115f209,a01167f4aeb80181791cb3b13fc67f52aebb4468c82cc00f7e54a438641b1366,494,298,9.88,327.07660302000005,0.08680339312192621,0.011384586724097236,2.4878542510121457,0.7660042656613726,0.0,/home/robotixx/GR00T-WholeBodyControl/gear_sonic/data/assets/robot_description/mjcf/g1_29dof_rev_1_0.xml,0.06,0.7,0.5
BMLmovi_Subject_64_F_MoSh_Subject_64_F_9_poses_120_jpos,499,50,0.22845691382765532,0.1342685370741483,7.105427357601002e-15,334.5765173883829,353.8931526681982,1.4261888896330055,0.7438142386925174,0.0,1,15a330f1dbff68cdbeb8284be6162a857bdcd21a858f65a8617fb32d5115f209,ca3354c753370d2e4bfff270febac6dd4da237860cf5b0aec11e42b38a88278c,499,62,9.98,327.07660302000005,0.049955683545204334,0.01599344725495174,5.152304609218437,0.8073589830788283,0.0,/home/robotixx/GR00T-WholeBodyControl/gear_sonic/data/assets/robot_description/mjcf/g1_29dof_rev_1_0.xml,0.06,0.7,0.5
CMU_02_02_02_poses_120_jpos,124,50,0.4435483870967742,0.4596774193548387,80.67217514155718,393.60287362317644,400.9562913886748,1.1743208108314473,0.8279260345170593,0.0,1,15a330f1dbff68cdbeb8284be6162a857bdcd21a858f65a8617fb32d5115f209,4300c8fd8a16d3b684a59c95d9905f54bf27b8cef08070205850404e7adde397,124,55,2.48,327.07660302000005,0.05799438455323597,0.004869469121563111,2.0806451612903225,0.9989009004613251,0.0,/home/robotixx/GR00T-WholeBodyControl/gear_sonic/data/assets/robot_description/mjcf/g1_29dof_rev_1_0.xml,0.06,0.7,0.5
CMU_102_102_28_poses_120_jpos,293,50,0.7918088737201365,0.6689419795221843,300.2502388395389,497.3779464313251,593.5083198488362,4.825449965943359,0.7130623123662949,0.0,1,15a330f1dbff68cdbeb8284be6162a857bdcd21a858f65a8617fb32d5115f209,c5259dd2517d55724a75d9cd6ab33d7cb392f96172fab418ba3bf2c0083ba259,293,232,5.86,327.07660302000005,0.08520661650206422,0.03352592785064344,0.5631399317406144,1.0211393958893142,0.0034129692832764505,/home/robotixx/GR00T-WholeBodyControl/gear_sonic/data/assets/robot_description/mjcf/g1_29dof_rev_1_0.xml,0.06,0.7,0.5
CMU_28_28_15_poses_120_jpos,1435,50,0.0,0.0,0.0,49.465192475904686,105.00299701235214,0.5260117997787099,0.6679505370187124,0.0,1,15a330f1dbff68cdbeb8284be6162a857bdcd21a858f65a8617fb32d5115f209,e125a7f301effe05bf2fc61edf96707b4ae043759bb1c1d190153e68497e188c,1435,0,28.7,327.07660302000005,0.02768422435743609,0.010685055840607508,8.064808362369337,0.7840241931195275,0.0,/home/robotixx/GR00T-WholeBodyControl/gear_sonic/data/assets/robot_description/mjcf/g1_29dof_rev_1_0.xml,0.06,0.7,0.5
CMU_91_91_41_poses_120_jpos,210,50,0.2857142857142857,0.2,33.18757135747682,515.740805189,626.3909270891558,1.3303155814504117,1.1061835507832203,0.047619047619047616,1,15a330f1dbff68cdbeb8284be6162a857bdcd21a858f65a8617fb32d5115f209,1b78daa823545d14063bb2a064e8a2f1dbdf775676dc24414cc0757986a13da8,200,60,4.2,327.07660302000005,0.036693480560120825,0.0009739149573857466,5.314285714285714,1.3797833760239744,0.07142857142857142,/home/robotixx/GR00T-WholeBodyControl/gear_sonic/data/assets/robot_description/mjcf/g1_29dof_rev_1_0.xml,0.06,0.7,0.5
CNRS_288_-12_L_1,369,50,0.6178861788617886,0.6341463414634146,262.2581599406856,416.074316162244,473.8552006915858,4.962272905503589,0.7834294751920028,0.0,1,15a330f1dbff68cdbeb8284be6162a857bdcd21a858f65a8617fb32d5115f209,35b6cd9a762a2492ba781ad0bbc20fb83e3c92dbf218e7e4e6e16c157ada3c1e,369,228,7.38,327.07660302000005,0.06985190317893777,0.011485170437967155,1.119241192411924,1.1828499270291264,0.02710027100271003,/home/robotixx/GR00T-WholeBodyControl/gear_sonic/data/assets/robot_description/mjcf/g1_29dof_rev_1_0.xml,0.06,0.7,0.5
Eyes_Japan_Dataset_hamada_throw_toss-05-both_hands_over_heavy-hamada_poses_120_jpos,1500,50,0.0,0.0,0.0,33.91515256365833,97.43708734777422,0.5297615033340166,0.7931140117921552,0.0,1,15a330f1dbff68cdbeb8284be6162a857bdcd21a858f65a8617fb32d5115f209,4c3a8d3fabcfaa50b5b7d7398115fc4be591827c6330781ba1ab49a30dfaddc4,1500,0,30.0,327.07660302000005,0.019085055619661583,0.00451668472055211,7.83,1.03861655591676,0.0013333333333333333,/home/robotixx/GR00T-WholeBodyControl/gear_sonic/data/assets/robot_description/mjcf/g1_29dof_rev_1_0.xml,0.06,0.7,0.5
Eyes_Japan_Dataset_shiono_gesture_etc-35-west_side-shiono_poses_120_jpos,1500,50,0.0013333333333333333,0.0013333333333333333,0.0,46.21575325065745,314.3081839349655,0.987490873456541,0.6788135009394705,0.0,1,15a330f1dbff68cdbeb8284be6162a857bdcd21a858f65a8617fb32d5115f209,57d532b23c462187a762b3ec4a0208069ad893a07d99d62bf90a674468d6a08d,1500,2,30.0,327.07660302000005,0.02795225803367805,0.0019218562378099122,7.212666666666666,0.9668715855081832,0.0,/home/robotixx/GR00T-WholeBodyControl/gear_sonic/data/assets/robot_description/mjcf/g1_29dof_rev_1_0.xml,0.06,0.7,0.5
GRAB_s8_gamecontroller_pick_all,712,50,0.0,0.0,0.0,0.0,0.0,0.0,0.6408814460334402,0.0,1,15a330f1dbff68cdbeb8284be6162a857bdcd21a858f65a8617fb32d5115f209,b84dcfd30e7bc0ce60941924e599dd8e8b4be61703fa16be048e4be7da020f37,712,0,14.24,327.07660302000005,0.007507426158602352,0.0008384063887887701,11.627808988764045,0.8867779752055704,0.0,/home/robotixx/GR00T-WholeBodyControl/gear_sonic/data/assets/robot_description/mjcf/g1_29dof_rev_1_0.xml,0.06,0.7,0.5
KIT_291_push_recovery_stand_back03_poses_100_jpos,301,50,0.0,0.0,0.0,5.275685660126284,27.89536704648407,0.01671405222435025,0.6283034943562555,0.0,1,15a330f1dbff68cdbeb8284be6162a857bdcd21a858f65a8617fb32d5115f209,84bbfb31481bde9fa8c4a24eafe68b22686fcfaf68b76d0c40f7b2b05e0b97a0,301,0,6.0200000000000005,327.07660302000005,0.0006659661740948163,-0.0009256199803822458,10.70764119601329,1.0341941863651838,0.0033222591362126247,/home/robotixx/GR00T-WholeBodyControl/gear_sonic/data/assets/robot_description/mjcf/g1_29dof_rev_1_0.xml,0.06,0.7,0.5
KIT_3_downstairs03_poses_100_jpos,256,50,0.73046875,0.73046875,300.0906883191134,413.7942870908653,438.9533769393786,3.7424489620528822,0.43716538770774,0.0,1,15a330f1dbff68cdbeb8284be6162a857bdcd21a858f65a8617fb32d5115f209,194809ba4d27e42eb80f105c2435976235e9cd0e294f63c3f2a3dba6a1a668db,256,187,5.12,327.07660302000005,0.35196356226545655,-0.0002564871176619918,2.46875,0.6895698540650035,0.0,/home/robotixx/GR00T-WholeBodyControl/gear_sonic/data/assets/robot_description/mjcf/g1_29dof_rev_1_0.xml,0.06,0.7,0.5
KIT_3_kneel_up_hold03_poses_100_jpos,539,50,0.31910946196660483,0.31910946196660483,0.0,355.54717415800206,510.0472038772673,3.6054465629407257,0.5409980463271679,0.0,1,15a330f1dbff68cdbeb8284be6162a857bdcd21a858f65a8617fb32d5115f209,13306bafef563a9e3ef4e3d6762c301ac099ff86f314a82ed65a14b17755777b,539,172,10.78,327.07660302000005,0.012962779633928802,0.0009254672509685641,6.148423005565863,14.366855917130918,0.012987012987012988,/home/robotixx/GR00T-WholeBodyControl/gear_sonic/data/assets/robot_description/mjcf/g1_29dof_rev_1_0.xml,0.06,0.7,0.5
KIT_424_bend_left07_poses_100_jpos,307,50,0.0,0.0,0.0,17.572310611827714,33.457078137673705,0.05663042608025414,0.6515179981210623,0.0,1,15a330f1dbff68cdbeb8284be6162a857bdcd21a858f65a8617fb32d5115f209,a6fd746034aa4a29676e8f042cde14741c18959e4ad7a5c29415e82bae1d127e,307,0,6.140000000000001,327.07660302000005,0.011577230442055091,-0.0002268690106782682,8.80456026058632,0.9145005595860213,0.0,/home/robotixx/GR00T-WholeBodyControl/gear_sonic/data/assets/robot_description/mjcf/g1_29dof_rev_1_0.xml,0.06,0.7,0.5
KIT_4_WalkInCounterClockwiseCircle02_poses_100_jpos,448,50,0.0,0.0,0.0,9.336351221796104,23.86151293442412,0.04389766465435798,0.7488723691181366,0.0,1,15a330f1dbff68cdbeb8284be6162a857bdcd21a858f65a8617fb32d5115f209,0de9b904847613670ef4f61afb08580f0b7dd809d69fa7867924ccb5e9ef4fe7,448,0,8.96,327.07660302000005,0.009511439596942978,0.0025629505540737704,8.604910714285714,1.0340721333037737,0.002232142857142857,/home/robotixx/GR00T-WholeBodyControl/gear_sonic/data/assets/robot_description/mjcf/g1_29dof_rev_1_0.xml,0.06,0.7,0.5
KIT_572_squat02_poses_100_jpos,265,50,0.18490566037735848,0.18490566037735848,0.0,346.7164283316483,361.0825936122016,1.0821938580695998,0.6811087669644238,0.0,1,15a330f1dbff68cdbeb8284be6162a857bdcd21a858f65a8617fb32d5115f209,52b0bb43d6046db1a0182b614b1dfda29992415427bc85083a8255fd6de2eb26,265,49,5.3,327.07660302000005,0.002862531535135074,-0.0001838456733350367,8.79622641509434,0.7244633769808948,0.0,/home/robotixx/GR00T-WholeBodyControl/gear_sonic/data/assets/robot_description/mjcf/g1_29dof_rev_1_0.xml,0.06,0.7,0.5
KIT_675_walk_with_handrail_beam_right06_poses_100_jpos,238,50,0.47058823529411764,0.47058823529411764,94.66324989497927,364.50165095822285,396.50059624692307,2.445628319129252,0.7436826497665633,0.0,1,15a330f1dbff68cdbeb8284be6162a857bdcd21a858f65a8617fb32d5115f209,d4e947a71eb570bda6d735e00781b3886e094a250e6ba61b67b99ae7d1b23dbf,238,112,4.76,327.07660302000005,0.05694229734970914,0.0013153079614999388,2.0798319327731094,0.9937512979669695,0.0,/home/robotixx/GR00T-WholeBodyControl/gear_sonic/data/assets/robot_description/mjcf/g1_29dof_rev_1_0.xml,0.06,0.7,0.5
KIT_7_RightTurn03_poses_100_jpos,278,50,0.0,0.0,0.0,15.42634635394475,18.161150179583995,0.03167543729785904,0.6215862496174999,0.0,1,15a330f1dbff68cdbeb8284be6162a857bdcd21a858f65a8617fb32d5115f209,4e4981e26c711d41d5fdb291a46f11884ba8326a014e4676b6a2a07cda4ef1cd,278,0,5.5600000000000005,327.07660302000005,0.010419062807656778,0.004146639639344285,8.884892086330936,0.911353048649196,0.0,/home/robotixx/GR00T-WholeBodyControl/gear_sonic/data/assets/robot_description/mjcf/g1_29dof_rev_1_0.xml,0.06,0.7,0.5
KIT_9_bend_left08_poses_100_jpos,262,50,0.0,0.0,0.0,18.91134020151024,31.801172594272714,0.06426295213748584,0.621293485628939,0.0,1,15a330f1dbff68cdbeb8284be6162a857bdcd21a858f65a8617fb32d5115f209,b7e36bf96329afe98f27d6a6a3b8fed48c2ec36306db163147fd3f8c39b75221,262,0,5.24,327.07660302000005,0.018197453861669877,0.00045461136695008534,8.198473282442748,0.7906411045453954,0.0,/home/robotixx/GR00T-WholeBodyControl/gear_sonic/data/assets/robot_description/mjcf/g1_29dof_rev_1_0.xml,0.06,0.7,0.5
