table_index,unit_id,clip_id,clip,axis,development_s_mm,development_ci_low_mm,development_ci_high_mm,development_replicates,development_paired_alive_fraction,development_anchor_ori_s_rad,development_mechanical_work_s_j,development_effort_saturation_s,development_rmst_regret_s,development_clamp_realized,adaptive_s_mm,adaptive_ci_low_mm,adaptive_ci_high_mm,adaptive_replicates,adaptive_paired_alive_fraction,adaptive_anchor_ori_s_rad,adaptive_mechanical_work_s_j,adaptive_effort_saturation_s,adaptive_rmst_regret_s,adaptive_clamp_realized,grounded_s_mm,grounded_ci_low_mm,grounded_ci_high_mm,grounded_replicates,grounded_paired_alive_fraction,grounded_anchor_ori_s_rad,grounded_mechanical_work_s_j,grounded_effort_saturation_s,grounded_rmst_regret_s,grounded_clamp_realized
0,0,0,ACCAD_Female1General_c3d_A5_-_pick_up_box_poses_120_jpos,delay_20ms,1.5298491707653739,0.5767313923570327,2.59026275762153,8,1.0,0.0024059832448983798,0.009261621336918324,0.0,0.0,False,0.35306205700180726,-0.025047972485481285,0.7045436698035701,8,1.0,0.005265256700113241,0.007588664157083258,0.0,0.0,False,1.0194406549999258,0.5710258758881537,1.5141342451897795,8,1.0,-0.001142893700489367,0.0050302997915423475,0.0,0.0,False
0,0,0,ACCAD_Female1General_c3d_A5_-_pick_up_box_poses_120_jpos,motor_clamp_85pct,0.0,0.0,0.0,8,1.0,0.0,0.0,0.0,0.0,False,0.0,0.0,0.0,8,1.0,0.0,0.0,0.0,0.0,False,0.0,0.0,0.0,8,1.0,0.0,0.0,0.0,0.0,False
0,0,0,ACCAD_Female1General_c3d_A5_-_pick_up_box_poses_120_jpos,newton_contact,-0.03457916426441443,-0.12358879642562215,0.04899242634905928,8,1.0,9.753633366926806e-05,9.636698428039381e-05,0.0,0.0,False,0.058225957673130324,-0.0627195201673203,0.19182755168003443,8,1.0,5.6952392583298206e-05,-0.00023273233091458678,0.0,0.0,False,0.017845875788680132,-0.027635948583792924,0.06680888923398241,8,1.0,0.0002320419396166784,-0.0001948122297790178,0.0,0.0,False
1,1,0,ACCAD_Female1General_c3d_A5_-_pick_up_box_poses_120_jpos,delay_20ms,2.156534610548988,1.7931817990756826,2.5036190858372716,8,1.0,0.004643159336410463,0.007887392886914313,0.0,0.0,False,2.4881212593754753,2.1193277589190984,2.885063149733469,8,1.0,0.003353871259605512,0.013033660186920315,0.0,0.0,False,2.391439804341644,1.7193570118251955,2.924092040484538,8,1.0,0.006935811645234935,0.00961866177385673,0.0,0.0,False
1,1,0,ACCAD_Female1General_c3d_A5_-_pick_up_box_poses_120_jpos,motor_clamp_85pct,0.0,0.0,0.0,8,1.0,0.0,0.0,0.0,0.0,False,0.0,0.0,0.0,8,1.0,0.0,0.0,0.0,0.0,False,0.0,0.0,0.0,8,1.0,0.0,0.0,0.0,0.0,False
1,1,0,ACCAD_Female1General_c3d_A5_-_pick_up_box_poses_120_jpos,newton_contact,0.04512880393292562,0.002921764816932182,0.11619376220046718,8,1.0,9.368635912210266e-05,-0.00011948463475164317,0.0,0.0,False,-0.04997641630666294,-0.38268795324469806,0.2527794716797871,8,1.0,0.0004851676167163532,0.0010440233204462857,0.0,0.0,False,0.005143983798916452,-0.03341214300860429,0.05243245003896389,8,1.0,0.0002313522675621016,0.00037182476535235764,0.0,0.0,False
2,2,1,BMLhandball_S07_Expert_Trial_upper_right_210_poses_120_jpos,delay_20ms,0.6748092991983867,0.221530629460176,1.1629075100699993,8,1.0,0.01172796287573874,0.04951829602941871,0.0,0.0,False,5.13850906281732,4.109721956046997,6.143188329588156,8,1.0,0.005620017363980878,0.06429430423304439,0.00034482759656384587,0.0,True,1.8603419921419118,1.2024557254335377,2.285093651153147,8,1.0,0.03199932654388249,0.09513082634657621,0.0,0.0,False
2,2,1,BMLhandball_S07_Expert_Trial_upper_right_210_poses_120_jpos,motor_clamp_85pct,-0.020546131054288708,-0.06163839316286612,0.0,8,1.0,-0.0002742630604188889,-0.00014985197049099952,0.00017241379828192294,0.0,True,-0.002188943199143978,-0.01939292997121811,0.010691880754620499,8,1.0,3.0040791898500174e-07,0.00011228647417738102,0.0008620689623057842,0.0,True,0.0,0.0,0.0,8,1.0,0.0,0.0,0.0,0.0,False
2,2,1,BMLhandball_S07_Expert_Trial_upper_right_210_poses_120_jpos,newton_contact,0.10391990690550301,-0.09852831317402888,0.2883341950564499,8,1.0,-0.0008872402177075855,0.0002729084034172047,0.0,0.0,False,-0.14974442728998838,-0.2549408077129556,-0.023072992007655557,8,1.0,-0.0006715011932101334,-0.001111807068809867,0.0,0.0,False,-0.24798026242933702,-0.37110016819497105,-0.13980105236441887,8,1.0,-0.00016586953825026285,0.0005039976167608984,0.0,0.0,False
3,6,1,BMLhandball_S07_Expert_Trial_upper_right_210_poses_120_jpos,delay_20ms,-0.3206036126357503,-0.6441368193009112,-0.07152660564315767,8,1.0,0.0026106522891495842,0.004223955678753555,0.0,0.0,False,-0.6048629729775712,-1.1322433872010151,-0.08907277360776819,8,1.0,-0.00321995974809397,0.004872371588135138,0.0,0.0,False,1.9280415144748986,1.4258911098295357,2.4863795551937073,8,1.0,0.004887648032308789,0.010868260404095054,0.0,0.0,False
3,6,1,BMLhandball_S07_Expert_Trial_upper_right_210_poses_120_jpos,motor_clamp_85pct,0.0,0.0,0.0,8,1.0,0.0,0.0,0.0,0.0,False,0.0,0.0,0.0,8,1.0,0.0,0.0,0.0,0.0,False,0.0,0.0,0.0,8,1.0,0.0,0.0,0.0,0.0,False
3,6,1,BMLhandball_S07_Expert_Trial_upper_right_210_poses_120_jpos,newton_contact,-0.04090997100547611,-0.13102645651343892,0.012689596147197314,8,1.0,9.065838924016134e-05,9.800502692769442e-05,0.0,0.0,False,0.006395719083229778,-0.07680111699528425,0.08187827233996359,8,1.0,5.462283161250525e-05,3.0048244752833853e-05,0.0,0.0,False,-0.069811091293559,-0.2231379140084755,0.03839191807912808,8,1.0,-0.00011020483179891016,-0.00018827671249255218,0.0,0.0,False
4,7,2,BMLmovi_Subject_27_F_MoSh_Subject_27_F_5_poses_120_jpos,delay_20ms,1.7652047099545598,1.3544301993533736,2.16261818568455,8,1.0,-0.0005180781736271456,0.008465619743219577,0.0,0.0,False,0.8263600539066829,0.6365090343024349,1.0598705670417983,8,1.0,0.009807989874389023,0.009051252040080726,0.0,0.0,False,1.736809266731143,1.5023385753011098,1.9742795324418694,8,1.0,0.0029736742908426095,0.008844802709063515,0.0,0.0,False
4,7,2,BMLmovi_Subject_27_F_MoSh_Subject_27_F_5_poses_120_jpos,motor_clamp_85pct,0.0,0.0,0.0,8,1.0,0.0,0.0,0.0,0.0,False,0.0,0.0,0.0,8,1.0,0.0,0.0,0.0,0.0,False,0.0,0.0,0.0,8,1.0,0.0,0.0,0.0,0.0,False
4,7,2,BMLmovi_Subject_27_F_MoSh_Subject_27_F_5_poses_120_jpos,newton_contact,0.04708826593002868,-0.031058390081639686,0.16201465820167016,8,1.0,0.0002725571919768299,8.303044774038426e-05,0.0,0.0,False,-0.029499115740350135,-0.06559407136421669,-0.00014041060580893827,8,1.0,0.00011657493587335921,-0.0001363431425716044,0.0,0.0,False,0.00554105730543597,-0.011683218326652423,0.030317735199503176,8,1.0,-0.0002866510246803955,-0.00022894224036917876,0.0,0.0,False
5,9,2,BMLmovi_Subject_27_F_MoSh_Subject_27_F_5_poses_120_jpos,delay_20ms,17.41773122921586,16.225076280534267,18.96290206059348,8,0.775,0.054464700166136026,0.2659241184592247,0.006255131243960932,-0.10250000000000001,True,-4.010330478195101,-5.7302433415316045,-2.3540734211565013,8,1.0,-0.018502662191167474,0.02583569590933621,-0.00034482762566767633,0.0,True,0.2613008145999629,-0.35534482121875044,0.8565914055907342,8,1.0,-0.0023932012445584405,0.03786904504522681,0.0012068965297657996,0.0,True
5,9,2,BMLmovi_Subject_27_F_MoSh_Subject_27_F_5_poses_120_jpos,motor_clamp_85pct,5.3520111832767725,4.100606252904981,6.65174177265726,8,0.97,0.011570911854505539,0.05136689048958942,0.01505849719978869,-0.005,True,0.5628792496281676,0.30063871754464344,0.8347628957380948,8,1.0,0.0039579406948178075,0.004461781994905323,0.016034482629038393,0.0,True,0.616413026364171,-0.3530593512550695,2.1066782826892445,8,1.0,-0.004959968144248705,0.004955871812853729,0.007068965438520536,0.0,True
5,9,2,BMLmovi_Subject_27_F_MoSh_Subject_27_F_5_poses_120_jpos,newton_contact,-2.473262844432611,-4.616230535611976,-0.40586867689853545,8,0.98,-0.006431779998820275,-0.018474063836038113,0.001581084361532703,0.0,True,-0.5414909828687087,-0.6580033950740471,-0.4181604918812809,8,1.0,-0.001794101124687586,0.0008785782251834462,-0.00034482759656384587,0.0,True,-0.177046023964067,-0.5188085469853831,0.21662133049176172,8,1.0,-0.0011624265534919687,0.0004250874399076565,0.0006896551931276917,0.0,True
6,10,2,BMLmovi_Subject_27_F_MoSh_Subject_27_F_5_poses_120_jpos,delay_20ms,4.2600528977345675,3.4531576675362885,5.016406077629653,8,1.0,0.011176052394148428,0.022963806986808777,0.0,0.0,False,1.477509915275732,0.6922143387782853,2.2031601781236527,8,1.0,-0.002925764703832101,0.023096972377970815,0.0,0.0,False,3.95995524013415,3.469646769372048,4.473300841345916,8,1.0,0.011312766699120402,0.01966917561367154,0.0,0.0,False
6,10,2,BMLmovi_Subject_27_F_MoSh_Subject_27_F_5_poses_120_jpos,motor_clamp_85pct,0.0,0.0,0.0,8,1.0,0.0,0.0,0.0,0.0,False,0.0,0.0,0.0,8,1.0,0.0,0.0,0.0,0.0,False,0.0,0.0,0.0,8,1.0,0.0,0.0,0.0,0.0,False
6,10,2,BMLmovi_Subject_27_F_MoSh_Subject_27_F_5_poses_120_jpos,newton_contact,-0.014051274291659865,-0.05548851391878884,0.04098766943485537,8,1.0,-4.1767072389120585e-05,0.0005741944486032935,0.0,0.0,False,0.1682137512943882,-0.06593890275325975,0.4268023615168201,8,1.0,-0.00032295778601110214,-3.98420600049576e-05,0.0,0.0,False,0.0396344255477743,-0.08154794349479744,0.1501015154246943,8,1.0,0.0003645555818820867,0.00029294969453985686,0.0,0.0,False
7,11,3,CMU_02_02_08_poses_120_jpos,delay_20ms,2.691988425794989,2.11599342583213,3.192177052551415,8,1.0,0.007029836066067219,0.00903397984802723,0.0,0.0,False,3.1111279677134007,2.800999542523641,3.4675158145546443,8,1.0,0.004414340379298665,0.0031188935681711882,0.0,0.0,False,2.4294117247336544,1.5698372415499762,3.3769287392715337,8,1.0,0.0027869835030287504,0.022269150125794113,0.0,0.0,False
7,11,3,CMU_02_02_08_poses_120_jpos,motor_clamp_85pct,0.0,0.0,0.0,8,1.0,0.0,0.0,0.0,0.0,False,0.0,0.0,0.0,8,1.0,0.0,0.0,0.0,0.0,False,0.043682641262421384,0.0,0.13104792378726415,8,1.0,0.00024286244297400117,0.00023262012109626085,0.0,0.0,False
7,11,3,CMU_02_02_08_poses_120_jpos,newton_contact,0.011244332426940673,0.0029172061942972505,0.020201744098358166,8,1.0,8.306488348353014e-05,0.0002892966404033359,0.0,0.0,False,0.030006271913407545,-0.01429299848894061,0.07938791785591086,8,1.0,0.0008860441985234502,0.00019841689800159656,0.0,0.0,False,0.04382024565074971,0.003047467049555053,0.09732968665190353,8,1.0,4.244449553425511e-05,0.00012237976352480473,0.0,0.0,False
8,12,3,CMU_02_02_08_poses_120_jpos,delay_20ms,4.502912546740845,3.9954277955985162,4.889829258900136,8,1.0,-0.0014826883416390046,0.02547379396855831,0.0,0.0,False,1.7131764334408217,0.5196532454874614,3.042239231945128,8,1.0,-0.005437555068056099,0.02571750700008124,0.0,0.0,False,13.8763781869784,12.318938737735152,15.309225578675978,8,1.0,0.014766321866773069,0.08392389817163348,0.0,0.0,False
8,12,3,CMU_02_02_08_poses_120_jpos,motor_clamp_85pct,0.0,0.0,0.0,8,1.0,0.0,0.0,0.0,0.0,False,0.0,0.0,0.0,8,1.0,0.0,0.0,0.0,0.0,False,0.0,0.0,0.0,8,1.0,0.0,0.0,0.0,0.0,False
8,12,3,CMU_02_02_08_poses_120_jpos,newton_contact,0.009412690829435633,-0.02669413500200335,0.06108796649613164,8,1.0,0.00026676084053178784,1.8350601749261841e-06,0.0,0.0,False,0.3462576084984903,0.016249649030442022,0.7329218676659366,8,1.0,6.665704677288886e-05,0.0009461020381422713,0.0,0.0,False,0.32033511797635583,0.13323462887910864,0.5407934676441072,8,1.0,0.00011307101249258267,-0.0007836835702619283,0.0,0.0,False
9,13,3,CMU_02_02_08_poses_120_jpos,delay_20ms,3.0297507473733276,2.2933486972760875,3.8371137008653022,8,1.0,-0.0017351483838865533,0.033734175842255354,0.0,0.0,False,5.908223247388378,3.9543943879834837,7.936791543033904,8,1.0,0.0014485702413367108,0.029987839749082923,0.0,0.0,False,13.133428175933659,12.193949078209698,14.258548369980415,8,1.0,0.009508039134288992,0.07563129207119346,0.0,0.0,False
9,13,3,CMU_02_02_08_poses_120_jpos,motor_clamp_85pct,0.0,0.0,0.0,8,1.0,0.0,0.0,0.0,0.0,False,0.0,0.0,0.0,8,1.0,0.0,0.0,0.0,0.0,False,0.0,0.0,0.0,8,1.0,0.0,0.0,0.0,0.0,False
9,13,3,CMU_02_02_08_poses_120_jpos,newton_contact,-0.21458778465444084,-0.3079103680647677,-0.12061311557616267,8,1.0,-0.0013103486417094246,0.0008905684685487358,0.0,0.0,False,-0.3390581214262056,-0.8148178867486422,0.0034783696719386053,8,1.0,-0.0013758838776993798,0.000476793858979363,0.0,0.0,False,0.5513467849596054,0.22479569411189004,0.8765034535144877,8,1.0,-0.00026399598937132396,-3.252332680858672e-05,0.0,0.0,False
10,14,3,CMU_02_02_08_poses_120_jpos,delay_20ms,2.3602359578944743,1.3978435961689684,3.3294992317678407,8,1.0,0.01490895135793835,0.022081526927649975,0.0,0.0,False,-0.39303372250287794,-1.0015763950377732,0.23320504778894244,8,1.0,0.009947459097020328,0.02005070075392723,0.0010344827605877072,0.0,True,4.973353614332154,4.073076586792013,5.998329159046987,8,1.0,0.01958910282701254,0.04176648799329996,0.0,0.0,False
10,14,3,CMU_02_02_08_poses_120_jpos,motor_clamp_85pct,0.0,0.0,0.0,8,1.0,0.0,0.0,0.0,0.0,False,-0.02536058491386939,-0.12153943862358574,0.07645012556167785,8,1.0,2.7187710657017305e-05,0.00045350223081186414,0.0006896551640238613,0.0,True,-0.006583444701391272,-0.09978487651096657,0.09881820187729318,8,1.0,-9.052195309777744e-05,-0.0002515703672543168,0.0010344827605877072,0.0,True
10,14,3,CMU_02_02_08_poses_120_jpos,newton_contact,0.01943889492395101,-0.01487842345682111,0.05679719515683246,8,1.0,-0.00029824131888744887,-4.592001408809665e-05,0.0,0.0,False,-0.04598323494064971,-0.21224306647127378,0.10980012166328379,8,1.0,-8.667947622598149e-05,-0.0012396816819091327,0.0,0.0,False,0.20131365226916387,0.0453966093687086,0.4079733149694674,8,1.0,-0.00038344622930708283,-0.0010040914112323662,0.0,0.0,False
11,15,4,CMU_54_54_21_poses_120_jpos,delay_20ms,0.19574291945900768,-0.724164601706434,1.1452704651674137,8,1.0,0.008128472283715382,0.011283935338724405,0.0,0.0,False,1.3797316823911387,0.9061833247869799,1.9685644916535234,8,1.0,0.009143931267317384,0.01675359718501568,0.0,0.0,False,0.43216841731918976,-0.5816007298562909,1.4815513208304747,8,1.0,0.0007869438659326988,0.0093504423093691,0.0,0.0,False
11,15,4,CMU_54_54_21_poses_120_jpos,motor_clamp_85pct,0.0,0.0,0.0,8,1.0,0.0,0.0,0.0,0.0,False,0.0,0.0,0.0,8,1.0,0.0,0.0,0.0,0.0,False,0.0,0.0,0.0,8,1.0,0.0,0.0,0.0,0.0,False
11,15,4,CMU_54_54_21_poses_120_jpos,newton_contact,-0.07099252084685759,-0.14956092739240034,-0.006355255563761395,8,1.0,-6.085035579417308e-05,0.0003046147398890753,0.0,0.0,False,-0.04704722982751264,-0.13296119919914418,0.03578322630346516,8,1.0,-0.00035783757812168915,4.814101703232154e-05,0.0,0.0,False,-0.008529633305442985,-0.17429921992970776,0.15280133529813603,8,1.0,0.00010745521740318509,-0.0006301416724454612,0.0,0.0,False
12,16,4,CMU_54_54_21_poses_120_jpos,delay_20ms,10.979221435263753,9.408288917620666,12.489134911447763,8,1.0,0.00634184991940856,0.059163942001760006,-0.00034482759656384587,0.0,False,3.489638849714538,-0.710195212650433,7.97352661629702,8,1.0,0.013300375605467707,0.05532739916816354,0.0010344827314838767,0.0,True,14.384070876985788,12.513537643826567,16.232460155151784,8,1.0,0.001263679441763088,0.05060347821563482,-0.0005172413948457688,0.0,False
12,16,4,CMU_54_54_21_poses_120_jpos,motor_clamp_85pct,0.003560427604298866,0.0,0.01063061886341643,8,1.0,-1.2598931647289646e-05,2.8959233532077633e-05,0.00034482759656384587,0.0,True,-0.334122476488119,-0.7073992492223624,0.028817383918067197,8,1.0,0.0013200635657995008,0.00023732826048217248,0.001551724155433476,0.0,True,-0.021492335292805365,-0.05775131103291642,0.0018050149037662777,8,1.0,0.00025021477716791196,0.0002558794913056772,0.0005172413948457688,0.0,True
12,16,4,CMU_54_54_21_poses_120_jpos,newton_contact,0.03970636335282052,-0.24112427961320293,0.3262835224433047,8,1.0,-0.00402285935706459,0.0005957839166512713,-0.00034482759656384587,0.0,False,-0.40880558071876294,-1.373443446618694,0.3972911860046224,8,1.0,0.0001907042314996943,-0.00011386863479856402,0.0008620689914096147,0.0,True,-0.043328837818989996,-0.34281118798844545,0.29044394871107215,8,1.0,0.00019410343520576134,-0.001085992087610066,-0.0005172413948457688,0.0,False
13,19,4,CMU_54_54_21_poses_120_jpos,delay_20ms,-0.25290104531450197,-1.3216827968790312,0.8431619891780427,8,1.0,0.025144405895844102,0.023375776945613325,0.0,0.0,False,1.9316350553708617,1.3161852507437288,2.4793202803266463,8,1.0,0.019587747869081795,0.03907142789103091,0.0,0.0,False,2.561614579462912,1.7108590429415926,3.451168265746673,8,1.0,0.02432165341451764,0.03235202422365546,0.0,0.0,False
13,19,4,CMU_54_54_21_poses_120_jpos,motor_clamp_85pct,-0.11500442451506387,-0.2986471008625813,-0.003219191057723947,8,1.0,-2.303606834175298e-06,-1.5876486941124313e-05,0.0008620689623057842,0.0,True,-0.028433799798222026,-0.16273401843136526,0.07348828148678876,8,1.0,-0.000334026655764319,-0.0003627647611210705,0.0005172413948457688,0.0,True,0.03030747211596463,0.0,0.09092241634789389,8,1.0,9.837735706241801e-05,1.2603373761521652e-05,0.00017241379828192294,0.0,True
13,19,4,CMU_54_54_21_poses_120_jpos,newton_contact,0.15286861594177026,0.02726208772969585,0.2960792202429729,8,1.0,-0.0009457183059566887,0.00017661863148532575,0.00017241379828192294,0.0,True,0.0963798850079911,-0.08930643484745815,0.36846116786364286,8,1.0,0.00037781895560584644,-9.631182183511555e-05,0.00017241379828192294,0.0,True,0.07281890611920971,0.015071196764893102,0.1512120809820771,8,1.0,0.0005177303287382529,9.596011932444526e-05,0.00017241379828192294,0.0,True
14,22,4,CMU_54_54_21_poses_120_jpos,delay_20ms,1.7602054285816848,1.0920367636572337,2.600427298239083,8,1.0,0.011166968441102654,0.020715272054076195,-0.00034482759656384587,0.0,False,4.513012710958719,3.9861799916252494,4.953667383233551,8,1.0,0.01851600070949644,0.03815001994371414,-0.0005172413948457688,0.0,True,3.2505668059457093,2.4540429243643302,4.444845544639975,8,1.0,-0.005143554357346147,0.05308277299627662,0.0,0.0,True
14,22,4,CMU_54_54_21_poses_120_jpos,motor_clamp_85pct,0.10595336425467394,-0.011010095477104187,0.29445964537444524,8,1.0,0.00036489125341176987,0.00045069825182508794,0.00017241379828192294,0.0,True,0.3545844986092561,0.1273850905420204,0.6576872995481152,8,1.0,0.00033365871422574855,0.0018316444202355342,0.0020689655793830752,0.0,True,0.09858049259037216,-0.12715542389116763,0.3497433061738775,8,1.0,-0.00036550916456690175,7.367448779405095e-05,0.0015517241845373064,0.0,True
14,22,4,CMU_54_54_21_poses_120_jpos,newton_contact,-0.011747367750558624,-0.027620631460933964,0.0003421834961159183,8,1.0,-6.61950577978132e-05,-1.2638698535738513e-05,0.0,0.0,True,-0.0048846379741007695,-0.032909172415429566,0.025126135307118602,8,1.0,-0.00021269842773108394,-5.728958126383077e-05,0.0,0.0,True,-0.023400503664561256,-0.04895666505007057,-0.0011520899803941016,8,1.0,-0.0004723391029415325,-0.0003169946046455152,0.0,0.0,True
15,26,4,CMU_54_54_21_poses_120_jpos,delay_20ms,3.142122906865552,2.3809921702195425,3.845180031203197,8,1.0,0.01573156105587259,0.01890643546357751,0.0,0.0,False,3.168608534906525,1.8450260613462888,4.756887055191327,8,1.0,0.016452224779641256,0.032505161594599485,0.0,0.0,False,-0.2702227993722772,-1.340249074564781,0.9187490548356427,8,1.0,0.023143316619098186,0.05522237718105316,0.0,0.0,False
15,26,4,CMU_54_54_21_poses_120_jpos,motor_clamp_85pct,0.03393536462681368,0.0,0.10180609388044104,8,1.0,-1.0123103493242525e-05,2.8128688427386805e-05,0.0,0.0,False,0.03154283331241459,0.0,0.09462849993724376,8,1.0,0.00011498546518851072,-0.0003415656101424247,0.0005172413657419384,0.0,True,0.0,0.0,0.0,8,1.0,0.0,0.0,0.0,0.0,False
15,26,4,CMU_54_54_21_poses_120_jpos,newton_contact,0.03192445001332089,-0.06698000786400371,0.1232366603062473,8,1.0,0.00014527702887789928,3.751591043510416e-05,0.0,0.0,False,-0.029882358802524323,-0.11340833438566733,0.05564050823636535,8,1.0,3.079931525462598e-05,0.00010514731638977537,0.0,0.0,False,-0.12184554424266025,-0.26164121175042965,-0.01870488133164375,8,1.0,0.0003048266112273268,0.0002943645722552901,0.0,0.0,False
16,28,4,CMU_54_54_21_poses_120_jpos,delay_20ms,3.063591764657758,2.2444459253165405,3.8484213979245396,8,1.0,0.01873704668832943,0.016061986214481294,0.00017241379828192294,0.0,True,4.154197056777775,3.7269957552780397,4.582639675936662,8,1.0,0.025179739110171795,0.03217566478997469,0.0,0.0,False,3.816554817603901,3.0853356096486095,4.5554362986877095,8,1.0,0.0089649817236932,0.04459918336942792,0.0006896551931276917,0.0,True
16,28,4,CMU_54_54_21_poses_120_jpos,motor_clamp_85pct,0.01293701097893063,0.0,0.03881103293679189,8,1.0,-9.021609912451822e-06,5.6958888308145106e-05,0.00017241379828192294,0.0,True,0.0101780324257561,-0.1261156890905113,0.14889500341723752,8,1.0,0.0002968631761177676,7.1045749791665e-05,0.0017241379246115685,0.0,True,-0.03336021654831711,-0.11884981722687371,0.04356987847131677,8,1.0,0.0001772132090991363,-5.2971133300161455e-05,0.0010344827605877072,0.0,True
16,28,4,CMU_54_54_21_poses_120_jpos,newton_contact,0.06759042258863701,-0.23902825549697582,0.3345412231666952,8,1.0,-0.0004369579846752458,-9.560271860209468e-05,0.0,0.0,False,-0.1827528984961191,-0.5901623074777262,0.06846826684636653,8,1.0,-0.001576568029122427,-0.0037922879116365493,0.0,0.0,False,0.07810518150108692,-0.006204497279327369,0.21023691800934322,8,1.0,-0.001186886462221537,-0.003219448443815054,0.0,0.0,False
17,33,4,CMU_54_54_21_poses_120_jpos,delay_20ms,0.6415039269995759,0.13881595725706575,1.1785615533881355,8,1.0,0.010253132844809443,0.018851876840926707,-0.00017241379828192294,0.0,True,0.06750869215466082,-1.407641979312757,1.4111753593169842,8,1.0,0.005468978139106184,0.012368998752208427,0.0,0.0,False,-2.2922896132513415,-3.751497920256952,-1.054676447802195,8,1.0,0.013489830133039504,0.015239699452649802,0.0,0.0,False
17,33,4,CMU_54_54_21_poses_120_jpos,motor_clamp_85pct,0.21819977700943127,0.0,0.5344885939848609,8,1.0,-0.00021229305275483057,-0.00022771664589527063,0.00034482759656384587,0.0,True,0.0,0.0,0.0,8,1.0,0.0,0.0,0.0,0.0,False,0.169128026755061,0.0,0.38055405984777957,8,1.0,-5.2910836529918015e-05,-0.00045660922478418797,0.0005172413657419384,0.0,True
17,33,4,CMU_54_54_21_poses_120_jpos,newton_contact,-0.08178798407243448,-0.34498748271971635,0.09528827318945332,8,1.0,-0.000186263019713806,6.924008266651072e-05,0.0,0.0,True,0.11312462947898894,-0.23338896108953122,0.4754499323098571,8,1.0,-5.259996851236792e-05,0.0017055638563761022,0.0,0.0,False,-0.2557150282882503,-0.5770199590187985,-0.006171268751131956,8,1.0,0.0002493510825161138,0.00024519507542208885,0.00017241379828192294,0.0,True
18,40,4,CMU_54_54_21_poses_120_jpos,delay_20ms,2.702491794480011,2.193703495868249,3.3668203686829656,8,1.0,0.007781128064380027,0.014871328603476286,0.0,0.0,False,3.894378009135835,2.7057970994064817,5.06295521336142,8,1.0,0.008265825745183975,0.01113008608808741,0.0,0.0,False,3.8348994858097285,2.842659020825522,4.993279767222702,8,1.0,0.008297085762023926,0.028025313513353467,0.0,0.0,False
18,40,4,CMU_54_54_21_poses_120_jpos,motor_clamp_85pct,0.0,0.0,0.0,8,1.0,0.0,0.0,0.0,0.0,False,0.032441540497529786,-0.04872258796240203,0.15183716020601346,8,1.0,6.23909363639541e-05,-0.0005380171205615625,0.0010344827605877072,0.0,True,-0.03392286453163251,-0.19659876852529123,0.10909975026152097,8,1.0,-2.4881301214918494e-05,0.0002753906410362106,0.0005172413948457688,0.0,True
18,40,4,CMU_54_54_21_poses_120_jpos,newton_contact,0.23766907611388888,0.0025538386580592496,0.4959494838487898,8,1.0,-0.0005529118259346433,0.0005158020303497324,0.0,0.0,False,-0.0506240351114684,-0.24661551863971456,0.12596679852379106,8,1.0,-0.0003084609088546131,-0.0007640261283086147,0.0,0.0,False,-0.07057124548737193,-0.4726473507616902,0.2470552233944544,8,1.0,8.741714464122197e-05,-0.00020144846985203912,0.0,0.0,False
19,41,4,CMU_54_54_21_poses_120_jpos,delay_20ms,1.227041386300698,0.6703237459078082,1.9230023553973283,8,1.0,0.0027895954335690476,0.0074845288472715765,0.0,0.0,False,0.8921592279875767,0.35890021028990304,1.3954274325669758,8,1.0,0.007375886678346433,0.008078228755039163,0.0,0.0,False,1.3668039705407864,0.7182189700870367,2.163611008506902,8,1.0,0.0024217775790020823,0.009279129299102351,0.0,0.0,False
19,41,4,CMU_54_54_21_poses_120_jpos,motor_clamp_85pct,0.0,0.0,0.0,8,1.0,0.0,0.0,0.0,0.0,False,0.0,0.0,0.0,8,1.0,0.0,0.0,0.0,0.0,False,0.0,0.0,0.0,8,1.0,0.0,0.0,0.0,0.0,False
19,41,4,CMU_54_54_21_poses_120_jpos,newton_contact,-0.029130148050171556,-0.14103446386570795,0.03592236311078523,8,1.0,0.00027551550419957493,-0.0001384628537834942,0.0,0.0,False,-0.004806755384834105,-0.046675400501783315,0.03873069175881482,8,1.0,7.89217856436153e-05,0.00028762230311940584,0.0,0.0,False,-0.049709957721688625,-0.11368534878073433,0.01155966709305283,8,1.0,-0.00025742863238065183,0.0002418561716694967,0.0,0.0,False
20,42,4,CMU_54_54_21_poses_120_jpos,delay_20ms,2.3399776764563285,1.6557244807700044,2.941494143306045,8,1.0,0.00636158599081682,0.009498921921476722,0.0,0.0,False,2.2909445251571015,1.7360893176373793,2.7690329712640955,8,1.0,-0.0005222814434091561,0.007421922287903726,0.0,0.0,False,2.9804591176798567,2.0935996621119557,3.8008053878002097,8,1.0,0.0008236807407229207,0.010762394813355058,0.0,0.0,False
20,42,4,CMU_54_54_21_poses_120_jpos,motor_clamp_85pct,0.0,0.0,0.0,8,1.0,0.0,0.0,0.0,0.0,False,0.0,0.0,0.0,8,1.0,0.0,0.0,0.0,0.0,False,0.0,0.0,0.0,8,1.0,0.0,0.0,0.0,0.0,False
20,42,4,CMU_54_54_21_poses_120_jpos,newton_contact,0.016479678492942185,0.0095978588547041,0.023478850164337928,8,1.0,-2.042905430243991e-05,4.0974288310735574e-05,0.0,0.0,False,0.014486619988929306,-0.00938339933043153,0.034359280621742976,8,1.0,-0.0008074233610386727,-0.0002451583654874412,0.0,0.0,False,0.011912910252931397,0.0006835159794604806,0.02367754579282177,8,1.0,0.00032979066713778593,3.1370956719456444e-05,0.0,0.0,False
21,43,5,DFaust_67_50004_50004_knees_poses_60_jpos,delay_20ms,-0.880467974639032,-1.993630503420718,0.27302265843900336,8,1.0,0.003861881166812964,0.009987386438297108,0.0,0.0,False,1.2912947186123347,0.5780272219453764,1.9776316457864596,8,1.0,0.001935194890393177,0.009393678221385926,0.0,0.0,False,3.3486684260424227,0.44433757466322277,7.086724381224485,8,1.0,0.008392011048272252,0.012543019955046475,0.0,0.0,False
21,43,5,DFaust_67_50004_50004_knees_poses_60_jpos,motor_clamp_85pct,0.0,0.0,0.0,8,1.0,0.0,0.0,0.0,0.0,False,0.0,0.0,0.0,8,1.0,0.0,0.0,0.0,0.0,False,0.0,0.0,0.0,8,1.0,0.0,0.0,0.0,0.0,False
21,43,5,DFaust_67_50004_50004_knees_poses_60_jpos,newton_contact,-0.009939568727190817,-0.05134529383568065,0.02194927406513611,8,1.0,-7.005925967007443e-05,0.00011013826042471919,0.0,0.0,False,0.024379816977671,-0.029286637311543018,0.08758401259001403,8,1.0,4.826836129723233e-05,3.99268687942822e-05,0.0,0.0,False,-0.008796473821348627,-0.09626676367702203,0.07805915447534056,8,1.0,-0.00012060889662279806,8.10337687653373e-05,0.0,0.0,False
22,45,5,DFaust_67_50004_50004_knees_poses_60_jpos,delay_20ms,0.34675284223339986,0.00419832595071057,0.6273033613524602,8,1.0,0.005665948789101094,0.005741374043282121,0.0,0.0,False,0.5995194751449162,-0.3018068413439323,1.6808827967906836,8,1.0,0.003873239891618141,0.0076423766440711915,0.0,0.0,False,0.2625198430905584,-0.3513300131999131,0.8442065424787867,8,1.0,0.0015380360928247683,0.009209193580318242,0.0,0.0,False
22,45,5,DFaust_67_50004_50004_knees_poses_60_jpos,motor_clamp_85pct,0.0,0.0,0.0,8,1.0,0.0,0.0,0.0,0.0,False,0.0,0.0,0.0,8,1.0,0.0,0.0,0.0,0.0,False,0.0,0.0,0.0,8,1.0,0.0,0.0,0.0,0.0,False
22,45,5,DFaust_67_50004_50004_knees_poses_60_jpos,newton_contact,-0.020326218034938393,-0.039874288518149115,-0.00659743584030537,8,1.0,-1.0464066747317702e-05,6.86152903206505e-05,0.0,0.0,False,0.025128033541932382,-0.004916008718680587,0.06366657124203806,8,1.0,2.030838379596389e-05,-1.3344930351877338e-05,0.0,0.0,False,-0.014860825672258215,-0.06322027148826237,0.02459409904247415,8,1.0,5.141740760450375e-05,-2.2140902160572296e-06,0.0,0.0,False
23,46,5,DFaust_67_50004_50004_knees_poses_60_jpos,delay_20ms,2.6379131013527513,1.9317331556521822,3.3734248550899792,8,0.19,0.010798327333759516,0.051833074539899826,0.0,-0.025,True,6.350407551508397,5.641841108445078,6.990154917002655,8,0.43,-0.009634191170334816,0.06439511803910136,0.0,0.065,False,20.492675248533487,16.1820501787588,24.886057298863307,8,0.905,0.018961686408147216,0.13831892982125282,0.001630215614568442,-0.0475,True
23,46,5,DFaust_67_50004_50004_knees_poses_60_jpos,motor_clamp_85pct,-0.003941991508327192,-0.053368540352494165,0.05485577781882964,8,0.24,2.4876544557628222e-05,0.0008075212754192762,0.0,0.0,True,0.0,0.0,0.0,8,0.43,0.0,0.0,0.0,0.0,True,0.0022567808173334925,0.0,0.005581080813499284,8,1.0,-6.938446190929426e-06,-3.771040610445198e-05,0.00034482759656384587,0.0,True
23,46,5,DFaust_67_50004_50004_knees_poses_60_jpos,newton_contact,-0.0003106093886540151,-0.0007157956888104167,-2.6099319105910084e-05,8,0.24,5.952814596810185e-07,6.586490655990929e-06,0.0,0.0,True,-0.0006483994585693154,-0.006602865449067963,0.007404111874720343,8,0.43,-3.6713767471496794e-05,-1.349281097873245e-05,0.0,0.0,False,0.1225387283056989,-0.07121852592888445,0.4250776114531618,8,1.0,0.0004916355555906193,4.717400850040576e-05,0.00017241379828192294,0.0,True
24,47,6,Eyes_Japan_Dataset_kaiwa_jump-03-vertical-kaiwa_poses_120_jpos,delay_20ms,5.108967161504552,4.069832746608881,6.198449155635896,8,1.0,0.01501315354835242,0.02056224027182907,0.0,0.0,False,3.4464542841305956,2.49863468343392,4.454042417637537,8,1.0,0.00915108754998073,0.009850115689914674,0.0,0.0,False,4.704750550445169,4.042636835947633,5.283134240016807,8,1.0,0.002712670306209475,0.014627476572059095,0.0,0.0,False
24,47,6,Eyes_Japan_Dataset_kaiwa_jump-03-vertical-kaiwa_poses_120_jpos,motor_clamp_85pct,0.0,0.0,0.0,8,1.0,0.0,0.0,0.0,0.0,False,0.0,0.0,0.0,8,1.0,0.0,0.0,0.0,0.0,False,0.0,0.0,0.0,8,1.0,0.0,0.0,0.0,0.0,False
24,47,6,Eyes_Japan_Dataset_kaiwa_jump-03-vertical-kaiwa_poses_120_jpos,newton_contact,0.04601303953677416,-0.163761013709518,0.2503702327885545,8,1.0,-0.0009213790690409951,-0.0003869066931656562,0.0,0.0,False,0.13477914399118163,-0.026028654860965617,0.27769330138198706,8,1.0,0.0007600474764331011,-0.0006961286999285221,0.0,0.0,False,0.04431100910551322,-0.06783751817351913,0.16209844670811435,8,1.0,0.00031209023268274905,-0.0007594278649776243,0.0,0.0,False
25,50,6,Eyes_Japan_Dataset_kaiwa_jump-03-vertical-kaiwa_poses_120_jpos,delay_20ms,3.4022774270852096,1.651299469085643,5.149443433037959,8,1.0,0.006701905447698664,0.02771936997305602,0.0,0.0,False,1.3512308960343944,0.3730209064542578,2.396570673909082,8,1.0,0.011838229140266776,0.02181010157801211,0.0,0.0,False,6.436852621845901,5.213697499129921,8.000821934547272,8,1.0,0.0037344015727285296,0.021115527022629976,0.0,0.0,False
25,50,6,Eyes_Japan_Dataset_kaiwa_jump-03-vertical-kaiwa_poses_120_jpos,motor_clamp_85pct,-0.06236540139070712,-0.2337157930014655,0.04661958882934414,8,1.0,-0.00017802846923586912,2.0583953300956637e-05,0.0008620689623057842,0.0,True,0.0,0.0,0.0,8,1.0,0.0,0.0,0.0,0.0,False,0.0,0.0,0.0,8,1.0,0.0,0.0,0.0,0.0,False
25,50,6,Eyes_Japan_Dataset_kaiwa_jump-03-vertical-kaiwa_poses_120_jpos,newton_contact,-0.21915491834079148,-0.7416137250402244,0.13253479417016856,8,1.0,-0.0007415533173116273,-0.0001788679692253936,0.0,0.0,False,0.027660255312866866,-0.07318783766478987,0.1244933788200342,8,1.0,0.0004442172903509345,-0.00032265710741441467,0.0,0.0,False,0.09641177659602818,-0.06089000324038807,0.2723250278108934,8,1.0,0.0013069286869722418,-0.00021028649483945117,0.0,0.0,False
26,54,6,Eyes_Japan_Dataset_kaiwa_jump-03-vertical-kaiwa_poses_120_jpos,delay_20ms,6.5781299490481615,5.829390315921046,7.513028693210799,8,1.0,0.011158043693285435,0.03491882258094847,0.00017241379828192294,0.0,True,2.9420212158584036,1.9352129107574,3.925081181296263,8,1.0,0.007580148245324381,0.009621067758416757,0.00034482759656384587,0.0,True,4.841007845243439,4.030977622460341,5.888785408023976,8,1.0,0.014933845610357821,0.03175785928033292,-0.0006896551640238613,0.0,False
26,54,6,Eyes_Japan_Dataset_kaiwa_jump-03-vertical-kaiwa_poses_120_jpos,motor_clamp_85pct,0.23250157028087415,-0.5168735407096392,1.0534472603467293,8,1.0,0.00012959237210452557,0.001540341392683331,0.0013793103862553835,0.0,True,0.036667471249529626,-0.2508635525373393,0.35704711535800016,8,1.0,-0.0009689195867395028,-0.0021428000054584118,0.0010344827314838767,0.0,True,-0.05310070628183894,-0.24333204755748739,0.14827016457275005,8,1.0,0.0016746695978611115,-3.1701638363301754e-06,0.001551724155433476,0.0,True
26,54,6,Eyes_Japan_Dataset_kaiwa_jump-03-vertical-kaiwa_poses_120_jpos,newton_contact,-5.8498699218034744e-06,-0.17377537815264077,0.20920173187732852,8,1.0,-0.00034525307501098723,-0.00037659611507478985,0.0,0.0,True,-0.1421341131049303,-0.7103687654435475,0.35334843023520074,8,1.0,0.00021857563933735946,0.0008007597443793202,0.0,0.0,False,-0.07798113600188117,-0.3229299671716035,0.18889767756036235,8,1.0,-0.00023116046213544905,-0.0020356990053187474,-0.00017241379828192294,0.0,True
27,57,6,Eyes_Japan_Dataset_kaiwa_jump-03-vertical-kaiwa_poses_120_jpos,delay_20ms,5.3690074710175395,4.109774406970246,6.484070554142817,8,1.0,0.025334428588394076,0.03288060228805989,0.00241379311773926,0.0,True,6.706521147862077,4.855514212977141,8.561995674972417,8,1.0,0.017402906523784623,0.008203907345887274,0.00017241379828192294,0.0,True,5.53695549024269,5.200299716670997,5.977572879055515,8,1.0,0.02090361714363098,0.015546242473646998,0.0,0.0,True
27,57,6,Eyes_Japan_Dataset_kaiwa_jump-03-vertical-kaiwa_poses_120_jpos,motor_clamp_85pct,-0.16656897832945106,-0.6067540936783189,0.28602680940821285,8,1.0,0.002182232456107158,0.001463064952986315,0.0025862069451250136,0.0,True,0.4252514318068279,0.0,1.231024214575882,8,1.0,0.0016982893430395052,-0.0014359703636728227,0.0005172413948457688,0.0,True,0.1981331033675815,-0.030184685783751775,0.4989264107280178,8,1.0,0.001307239981542807,-0.002397779855527915,0.00120689655886963,0.0,True
27,57,6,Eyes_Japan_Dataset_kaiwa_jump-03-vertical-kaiwa_poses_120_jpos,newton_contact,0.06488295866802218,-0.048930078088460505,0.1703581623246463,8,1.0,0.0002455943413224304,0.00018040648171790963,0.0,0.0,True,-0.06966555542931019,-0.2181863641169457,0.052101602477705455,8,1.0,-0.00019599898428168672,-5.3866619509790326e-05,0.0,0.0,False,0.024292208308906993,-0.03938584025036107,0.08133116261888063,8,1.0,0.00018529480959728062,-0.0008040618463382998,-0.00034482759656384587,0.0,True
28,61,6,Eyes_Japan_Dataset_kaiwa_jump-03-vertical-kaiwa_poses_120_jpos,delay_20ms,3.000475699082017,2.572238736320287,3.495727745030308,8,1.0,0.006424175240681507,0.003937191155273467,0.0,0.0,False,2.85668192373123,2.433072652638657,3.23166191810742,8,1.0,0.007377314002951607,0.00462086423067376,0.0,0.0,False,4.166562081081793,3.5663950533489697,4.722431622940348,8,1.0,0.004533946543233469,0.016889266902580857,0.0,0.0,False
28,61,6,Eyes_Japan_Dataset_kaiwa_jump-03-vertical-kaiwa_poses_120_jpos,motor_clamp_85pct,0.0,0.0,0.0,8,1.0,0.0,0.0,0.0,0.0,False,0.0,0.0,0.0,8,1.0,0.0,0.0,0.0,0.0,False,0.0,0.0,0.0,8,1.0,0.0,0.0,0.0,0.0,False
28,61,6,Eyes_Japan_Dataset_kaiwa_jump-03-vertical-kaiwa_poses_120_jpos,newton_contact,0.016961824371719558,0.005068248087525262,0.028662249373212486,8,1.0,8.469736866345556e-05,-6.563529541381286e-05,0.0,0.0,False,0.017277151172834238,-0.012144792709634089,0.04465052817863579,8,1.0,1.9391054024708865e-06,-0.00014112463270521403,0.0,0.0,False,0.0018054992949601,-0.01228733312856889,0.012848694069589328,8,1.0,-3.698749850400418e-06,0.00010880661204737407,0.0,0.0,False
29,63,6,Eyes_Japan_Dataset_kaiwa_jump-03-vertical-kaiwa_poses_120_jpos,delay_20ms,6.1080033192411065,5.661815812345594,6.6226645300048395,8,1.0,0.014086943585425615,0.02623109077103436,0.0,0.0,False,4.19895863160491,3.779340105393203,4.671145140309817,8,1.0,0.007378784415777773,0.014331667218357325,0.0,0.0,False,4.268372285878286,3.5494203300913796,4.960853129159659,8,1.0,-0.0009286217391490936,0.019213490188121796,0.0,0.0,False
29,63,6,Eyes_Japan_Dataset_kaiwa_jump-03-vertical-kaiwa_poses_120_jpos,motor_clamp_85pct,0.0,0.0,0.0,8,1.0,0.0,0.0,0.0,0.0,False,0.0,0.0,0.0,8,1.0,0.0,0.0,0.0,0.0,False,0.0,0.0,0.0,8,1.0,0.0,0.0,0.0,0.0,False
29,63,6,Eyes_Japan_Dataset_kaiwa_jump-03-vertical-kaiwa_poses_120_jpos,newton_contact,0.03837746637103123,0.005710571365913354,0.08022653296544381,8,1.0,-0.00010463853221232,2.2015347894921433e-05,0.0,0.0,False,0.020657180357375182,-0.15426218287757365,0.20282802124711447,8,1.0,0.00015532973869980538,-2.6886199520959053e-05,0.0,0.0,False,-0.13221069832525245,-0.26778102024849204,-0.03495234948474046,8,1.0,-0.00041567772291273286,2.1531606080316124e-06,0.0,0.0,False
30,64,7,HUMAN4D_Subject4_Carine_RGB_BasketBall_S4_01_poses_120_jpos,delay_20ms,5.398828419856727,4.2033263882331084,6.6047844506101665,8,1.0,0.013980129384435713,0.022941641393117607,0.0,0.0,False,2.6756094484881032,1.5708979673945578,3.606175911409081,8,1.0,0.005080913411802612,0.013139849761500955,0.0,0.0,False,4.683096922235563,3.6670731205958873,5.621416348731145,8,1.0,-0.006077113997889683,0.01184481184463948,0.0,0.0,False
30,64,7,HUMAN4D_Subject4_Carine_RGB_BasketBall_S4_01_poses_120_jpos,motor_clamp_85pct,0.0,0.0,0.0,8,1.0,0.0,0.0,0.0,0.0,False,0.0,0.0,0.0,8,1.0,0.0,0.0,0.0,0.0,False,0.0,0.0,0.0,8,1.0,0.0,0.0,0.0,0.0,False
30,64,7,HUMAN4D_Subject4_Carine_RGB_BasketBall_S4_01_poses_120_jpos,newton_contact,-0.11886276246286798,-0.2396582001438219,-0.013147918593858776,8,1.0,-0.0001425626851414563,-0.0007067708364729697,0.0,0.0,False,-0.17057422792277066,-0.7268125727932784,0.17106963628066296,8,1.0,0.0010270971770296455,-0.0015903071157481463,0.0,0.0,False,-0.32488561373611446,-0.8069986846294341,0.028136771334174984,8,1.0,-0.0007321191424125573,2.1226896933512762e-06,0.0,0.0,False
31,65,7,HUMAN4D_Subject4_Carine_RGB_BasketBall_S4_01_poses_120_jpos,delay_20ms,2.3923852131702006,2.049902948056115,2.689865707361605,8,1.0,0.01119764958275482,0.015740003203973174,0.0,0.0,False,0.20021476166220964,-0.25043297716820234,0.8813971206677703,8,1.0,0.03496200067456812,0.06357324635609984,0.0,0.0,False,1.8210606831416953,1.2584846081153955,2.2625774381594965,8,1.0,0.012580567388795316,0.02932358719408512,0.0,0.0,False
31,65,7,HUMAN4D_Subject4_Carine_RGB_BasketBall_S4_01_poses_120_jpos,motor_clamp_85pct,0.0,0.0,0.0,8,1.0,0.0,0.0,0.0,0.0,False,0.0,0.0,0.0,8,1.0,0.0,0.0,0.0,0.0,False,-0.09796360791369807,-0.25933729280041007,0.032087340514408424,8,1.0,4.145346611039713e-05,0.0005230153328739107,0.0006896551640238613,0.0,True
31,65,7,HUMAN4D_Subject4_Carine_RGB_BasketBall_S4_01_poses_120_jpos,newton_contact,-0.007161265525468252,-0.027564922638134703,0.006677027516133186,8,1.0,7.969165153554059e-05,-0.00038283119931747933,0.0,0.0,False,-0.030614765364589402,-0.160745480877722,0.07948506390675902,8,1.0,0.0002158449624403147,-0.00016706905080354773,0.0,0.0,False,-0.10184480368025106,-0.18860807936675883,-0.028161159093542665,8,1.0,0.00030163884002831765,-0.00036212428676662967,0.0,0.0,False
32,67,7,HUMAN4D_Subject4_Carine_RGB_BasketBall_S4_01_poses_120_jpos,delay_20ms,1.738220142215141,0.7881330395775876,2.7570075691983216,8,1.0,0.023456010967493057,0.04034624248743057,0.0,0.0,False,3.9018926800054032,0.6675719526356262,8.702264982275665,8,1.0,0.017863367102108896,0.05952076753601432,0.0006896551931276917,0.0,True,1.5840267496969318,-1.0950236294320348,4.852148245845456,8,1.0,0.03009112982545048,0.0632701008580625,0.0005172413948457688,0.0,True
32,67,7,HUMAN4D_Subject4_Carine_RGB_BasketBall_S4_01_poses_120_jpos,motor_clamp_85pct,0.0,0.0,0.0,8,1.0,0.0,0.0,0.0,0.0,False,0.00648599097985425,0.0,0.01945797293956275,8,1.0,-1.9817649445030838e-05,2.2961758077144623e-05,0.0,0.0,False,0.026694853659137152,0.0,0.08008456097741146,8,1.0,0.00020219638827256858,0.00031155376927927136,0.0,0.0,False
32,67,7,HUMAN4D_Subject4_Carine_RGB_BasketBall_S4_01_poses_120_jpos,newton_contact,0.3482793934495021,-0.014641631042877632,0.7321174927639614,8,1.0,0.003926387245883234,0.0027076705591753125,0.0,0.0,False,0.05416574458649848,-0.4278575500848092,0.6587830491753262,8,1.0,0.002125607992638834,-0.0001524956023786217,0.0,0.0,False,0.3932394738512812,-0.1708239233266795,0.9986707285406732,8,1.0,0.0053679416596423835,0.001382978429319337,0.0,0.0,False
33,68,7,HUMAN4D_Subject4_Carine_RGB_BasketBall_S4_01_poses_120_jpos,delay_20ms,12.110110896173865,9.608715423382819,15.1045074861031,8,1.0,0.016788225970230997,0.10421692905947566,0.003965517244068906,0.0,True,-0.29941590764792636,-2.026459299668204,1.4137871901766619,8,1.0,0.02664465841371566,0.029401108156889677,0.0,0.0,False,0.22671153601550031,-1.0241864201816497,1.3523384172458457,8,1.0,0.02831368427723646,0.059168115723878145,0.00017241379828192294,0.0,True
33,68,7,HUMAN4D_Subject4_Carine_RGB_BasketBall_S4_01_poses_120_jpos,motor_clamp_85pct,0.06346438840409974,-0.20019472606236377,0.3271534038418622,8,1.0,0.0016336640260306012,0.0006471258416240744,0.002586206974228844,0.0,True,0.0,0.0,0.0,8,1.0,0.0,0.0,0.0,0.0,False,0.0,0.0,0.0,8,1.0,0.0,0.0,0.0,0.0,False
33,68,7,HUMAN4D_Subject4_Carine_RGB_BasketBall_S4_01_poses_120_jpos,newton_contact,0.21994530834490433,0.03493829740364163,0.4094338491086089,8,1.0,0.0005606295453617349,-0.000454068000180996,0.0,0.0,False,0.2674652996574878,-0.07380490051218658,0.6241376335083259,8,1.0,0.0005881603065063246,0.0013144525728421286,0.0,0.0,False,-0.45075260641169734,-0.8596124862378929,-0.07479976293325309,8,1.0,0.00023354294535238296,-0.0013709728982576053,0.0,0.0,False
34,69,7,HUMAN4D_Subject4_Carine_RGB_BasketBall_S4_01_poses_120_jpos,delay_20ms,1.3047517127233732,0.5300685436850473,2.0630572965387723,8,1.0,0.01454864104744047,0.020870671956799924,0.0,0.0,False,0.994177877146285,0.2403903017693665,1.665157924435334,8,1.0,0.009491987468209118,0.02138815843500197,0.00017241379828192294,0.0,True,-1.5577912163280416,-2.283372472447809,-0.7239480027237744,8,1.0,0.006186607140080014,0.023800620809197426,0.0,0.0,False
34,69,7,HUMAN4D_Subject4_Carine_RGB_BasketBall_S4_01_poses_120_jpos,motor_clamp_85pct,0.0,0.0,0.0,8,1.0,0.0,0.0,0.0,0.0,False,0.0,0.0,0.0,8,1.0,0.0,0.0,0.0,0.0,False,0.0,0.0,0.0,8,1.0,0.0,0.0,0.0,0.0,False
34,69,7,HUMAN4D_Subject4_Carine_RGB_BasketBall_S4_01_poses_120_jpos,newton_contact,-0.20044557311393874,-0.29716388500276025,-0.11617262566687714,8,1.0,-0.0009273463583667763,0.001177841015305603,0.0,0.0,False,-0.017887654848891543,-0.11131266501251957,0.08312591808135039,8,1.0,-0.0018398429165245034,-0.0005603258978226222,0.0,0.0,False,-0.08144045295921387,-0.21647453820605733,0.05282469101075549,8,1.0,-0.00030820737265457865,0.0006826763819844928,0.0,0.0,False
35,70,7,HUMAN4D_Subject4_Carine_RGB_BasketBall_S4_01_poses_120_jpos,delay_20ms,2.5220980642188806,1.6365720688554575,3.4095109585905448,8,1.0,0.005846954736625776,0.024267540429718792,0.0,0.0,False,0.3903875634136966,-0.47649268279172924,1.2573013223303058,8,1.0,0.0040163210142054595,0.037875091191381216,0.0,0.0,False,1.9754638333324692,0.039421848669007886,4.5223249259152,8,1.0,0.006734223366947845,0.03600020008161664,0.0013793103862553835,0.0,True
35,70,7,HUMAN4D_Subject4_Carine_RGB_BasketBall_S4_01_poses_120_jpos,motor_clamp_85pct,0.0,0.0,0.0,8,1.0,0.0,0.0,0.0,0.0,False,0.0,0.0,0.0,8,1.0,0.0,0.0,0.0,0.0,False,-0.10127154666861315,-0.37678395528928377,0.1787561475936172,8,1.0,-4.208235282021633e-06,-0.0001030783932947088,0.0020689655211754143,0.0,True
35,70,7,HUMAN4D_Subject4_Carine_RGB_BasketBall_S4_01_poses_120_jpos,newton_contact,0.059634144463416305,0.005667496679961914,0.11561274550331291,8,1.0,0.00030311574028019095,-0.00031132261847233167,0.0,0.0,False,0.001731506628743773,-0.08780179569107815,0.07707666615885955,8,1.0,0.0007376142198154412,0.00019779857575485948,0.0,0.0,False,-0.22410620044865937,-0.48723470546292447,-0.01984839054784976,8,1.0,0.00020860276555367818,-0.00015813079153303988,0.00017241379828192294,0.0,True
36,72,7,HUMAN4D_Subject4_Carine_RGB_BasketBall_S4_01_poses_120_jpos,delay_20ms,2.49217163582216,1.6638715824228711,3.177409220370464,8,1.0,0.01991346327122301,0.029197990661486983,0.0,0.0,False,1.3688933358935174,0.8430531670455821,1.9159478335495805,8,1.0,0.008422585611697286,0.018618819303810596,0.0,0.0,False,0.5614065266854595,-0.06677041528746486,1.1979205556599477,8,1.0,0.02199778356589377,0.042913738172501326,0.00034482759656384587,0.0,True
36,72,7,HUMAN4D_Subject4_Carine_RGB_BasketBall_S4_01_poses_120_jpos,motor_clamp_85pct,0.0,0.0,0.0,8,1.0,0.0,0.0,0.0,0.0,False,0.0,0.0,0.0,8,1.0,0.0,0.0,0.0,0.0,False,0.0,0.0,0.0,8,1.0,0.0,0.0,0.0,0.0,False
36,72,7,HUMAN4D_Subject4_Carine_RGB_BasketBall_S4_01_poses_120_jpos,newton_contact,-0.04752766426463495,-0.07525656474172138,-0.008743675971345542,8,1.0,3.440432323031928e-05,-0.00034735278040898265,0.0,0.0,False,0.02917537437951978,-0.032300403756835294,0.09096979367484426,8,1.0,0.00016846742676079884,-0.0008650720010336954,0.0,0.0,False,0.009034360118675977,-0.09372217482450651,0.11479402207896773,8,1.0,-1.1382980119378772e-05,-2.63971637650684e-05,0.0,0.0,False
37,77,8,KIT_424_step_stones03_poses_100_jpos,delay_20ms,-0.04436653716766159,-0.43358216498745605,0.22898890726992238,8,1.0,0.007211300078779459,0.004120825265999883,0.0,0.0,False,0.3354996078996919,-0.11390119288989808,1.0060110572794652,8,1.0,0.005061709554865956,0.006497367881820537,0.0,0.0,False,0.42735363422252703,0.2330762756173499,0.6336629236557201,8,1.0,0.0040795347158564255,0.005767725495388731,0.0,0.0,False
37,77,8,KIT_424_step_stones03_poses_100_jpos,motor_clamp_85pct,0.0,0.0,0.0,8,1.0,0.0,0.0,0.0,0.0,False,0.0,0.0,0.0,8,1.0,0.0,0.0,0.0,0.0,False,0.0,0.0,0.0,8,1.0,0.0,0.0,0.0,0.0,False
37,77,8,KIT_424_step_stones03_poses_100_jpos,newton_contact,-0.03459597041910456,-0.23562737136444412,0.152879487473001,8,1.0,-0.0003005980748582715,-0.0002933048042450537,0.0,0.0,False,-0.1347398064126537,-0.2587222746541329,-0.025369046329615286,8,1.0,-0.000561988158949589,-0.00046769262849011284,0.0,0.0,False,-0.04107634278227579,-0.11857854576042826,0.038888644712464705,8,1.0,-0.00016178538498934358,-0.00043804236916855643,0.0,0.0,False
38,78,8,KIT_424_step_stones03_poses_100_jpos,delay_20ms,0.33777863063733093,-0.3199045423571078,1.0302551345375832,8,1.0,0.007813505711965263,0.02184888266492635,0.0,0.0,False,1.1596956101129763,0.5126039008246153,1.7488141020294279,8,1.0,0.011461938265711069,0.007168224547058344,0.0,0.0,False,3.124887119952291,0.9738918700861632,5.55613988751702,8,1.0,0.006833842569903936,0.04076390736736357,0.0,0.0,False
38,78,8,KIT_424_step_stones03_poses_100_jpos,motor_clamp_85pct,0.0,0.0,0.0,8,1.0,0.0,0.0,0.0,0.0,False,0.00038327650031533267,0.0,0.001149829500945998,8,1.0,-0.00010704548913054168,-0.0006379008409567177,0.0,0.0,False,0.0,0.0,0.0,8,1.0,0.0,0.0,0.0,0.0,False
38,78,8,KIT_424_step_stones03_poses_100_jpos,newton_contact,0.11684242736009764,-0.1395370160139464,0.37592107686350545,8,1.0,0.0008084875844360795,0.0007458477825821319,0.0,0.0,False,-0.26882619204116054,-0.5454303198348498,0.06327710166260596,8,1.0,0.0003270654287916841,0.0001455817996429687,0.0,0.0,False,-0.10348116987302092,-0.18012649446816908,-0.01945040689790308,8,1.0,0.00010455373194417916,0.00015232411897159182,0.0,0.0,False
39,79,8,KIT_424_step_stones03_poses_100_jpos,delay_20ms,2.2307989402179373,0.8319073797338206,4.041903077404638,8,1.0,0.001874947440228425,0.012646129122003913,0.0,0.0,False,0.2648482422955567,-0.870679366926197,1.6392182242270787,8,1.0,0.007822603156000696,0.012720922997687012,0.0,0.0,False,3.457358332525473,1.8815498329786353,5.051611187809613,8,1.0,0.005699949898826162,0.024611156666651368,0.0,0.0,False
39,79,8,KIT_424_step_stones03_poses_100_jpos,motor_clamp_85pct,0.0,0.0,0.0,8,1.0,0.0,0.0,0.0,0.0,False,0.0,0.0,0.0,8,1.0,0.0,0.0,0.0,0.0,False,0.0,0.0,0.0,8,1.0,0.0,0.0,0.0,0.0,False
39,79,8,KIT_424_step_stones03_poses_100_jpos,newton_contact,-0.013873176158085698,-0.06955252280818058,0.03188048549418454,8,1.0,0.00014923791968612932,-0.00028651774391619256,0.0,0.0,False,-0.05053874201621511,-0.14551566414411354,0.05385249824030325,8,1.0,-0.0006471471124314121,0.00012793764039997768,0.0,0.0,False,0.20904392749798717,0.11493785596030648,0.32569971006068954,8,1.0,0.00017588129594514612,2.385411289651529e-05,0.0,0.0,False
40,80,9,Transitions_mocap_mazen_c3d_airkick_turntwist180_poses_120_jpos,delay_20ms,2.7115963166579604,1.837601948500378,3.5884152362996247,8,1.0,0.011047787964344025,0.03453385294415057,0.0,0.0,False,4.137851987252361,1.7950392870261567,6.615265707387152,8,1.0,0.028310798690654337,0.013527598814107478,0.0,0.0,False,-0.4859674590989016,-1.426436271322018,0.355951379606266,8,1.0,0.021436791168525815,0.03164687822572887,0.0005172413657419384,0.0,True
40,80,9,Transitions_mocap_mazen_c3d_airkick_turntwist180_poses_120_jpos,motor_clamp_85pct,0.0,0.0,0.0,8,1.0,0.0,0.0,0.0,0.0,False,0.08549852447004014,0.0,0.209173658220152,8,1.0,1.5340900858973328e-05,0.00037162253227052133,0.00034482759656384587,0.0,True,0.0,0.0,0.0,8,1.0,0.0,0.0,0.0,0.0,False
40,80,9,Transitions_mocap_mazen_c3d_airkick_turntwist180_poses_120_jpos,newton_contact,-0.026809723124188167,-0.08498738520756888,0.009229722745374144,8,1.0,-0.00011065950694444382,-0.00024245020176749676,0.0,0.0,False,-0.1337795665676822,-0.5896432694953546,0.17306889840256165,8,1.0,0.001065020655232729,-0.0002676928270375356,0.0,0.0,False,0.24277735110445064,-0.03868437875098607,0.569760157020482,8,1.0,-0.0003627632581810758,0.0002485189543222077,0.0,0.0,False
41,81,9,Transitions_mocap_mazen_c3d_airkick_turntwist180_poses_120_jpos,delay_20ms,1.4773917882848764,0.8793517680260265,2.108453119944897,8,1.0,0.00556002418306889,0.0222257956629619,0.0,0.0,False,0.8913645178836305,-0.04965516382071655,1.78428702383826,8,1.0,0.007964500058733393,0.02803520462475717,0.0,0.0,False,1.4463337065535598,-0.21025721889600388,3.1618297496606824,8,1.0,0.014835003181360662,0.012933689577039331,0.0,0.0,False
41,81,9,Transitions_mocap_mazen_c3d_airkick_turntwist180_poses_120_jpos,motor_clamp_85pct,0.0,0.0,0.0,8,1.0,0.0,0.0,0.0,0.0,False,0.0582728821427736,-0.2893196292461653,0.512594543988598,8,1.0,0.0004139371480960108,0.00048821618446481807,0.00034482759656384587,0.0,True,0.0,0.0,0.0,8,1.0,0.0,0.0,0.0,0.0,False
41,81,9,Transitions_mocap_mazen_c3d_airkick_turntwist180_poses_120_jpos,newton_contact,-0.0748894711932735,-0.21089271394600928,0.039394284652871495,8,1.0,-0.0006769227020413382,-0.0002891227713917033,0.0,0.0,False,0.015041919255054381,-0.10625809716202639,0.1618458171805057,8,1.0,-0.000269317968559335,-0.0003385984173291945,0.0,0.0,False,0.1369187925774895,-0.08120041298980141,0.3772357330035447,8,1.0,-0.0002255040258205554,0.00037341063034546096,0.0,0.0,False
