clip,offset_s,survival,mean_survival_s,n,window_s,effort_sat_mean,effort_sat_peak,effort_sat_at_end
Eyes_Japan_Dataset_kaiwa_accident-02-dodge_fast-kaiwa_poses_120_jpos,0.0,1.0,3.0,8,3.0,0.0,0.0,0.0
Eyes_Japan_Dataset_kaiwa_accident-02-dodge_fast-kaiwa_poses_120_jpos,1.0,1.0,3.0,8,3.0,0.0,0.0,0.0
Eyes_Japan_Dataset_kaiwa_accident-02-dodge_fast-kaiwa_poses_120_jpos,2.0,0.875,2.658,8,3.0,0.00807,0.02155,0.00431
Eyes_Japan_Dataset_kaiwa_accident-02-dodge_fast-kaiwa_poses_120_jpos,3.0,1.0,3.0,8,3.0,0.0002,0.01293,0.0
Eyes_Japan_Dataset_kaiwa_accident-02-dodge_fast-kaiwa_poses_120_jpos,4.0,0.75,2.435,8,3.0,0.00831,0.0431,0.00431
Eyes_Japan_Dataset_kaiwa_accident-02-dodge_fast-kaiwa_poses_120_jpos,6.0,1.0,3.0,8,3.0,9e-05,0.00862,0.0
Eyes_Japan_Dataset_kaiwa_accident-02-dodge_fast-kaiwa_poses_120_jpos,8.0,0.0,2.108,8,3.0,0.00012,0.01293,0.01293
Eyes_Japan_Dataset_kaiwa_accident-02-dodge_fast-kaiwa_poses_120_jpos,mean,0.8036,,56,3.0,0.0024,,
Eyes_Japan_Dataset_kanno_accident-02-dodge_fast-kanno_poses_120_jpos,0.0,1.0,3.0,8,3.0,0.0,0.0,0.0
Eyes_Japan_Dataset_kanno_accident-02-dodge_fast-kanno_poses_120_jpos,1.0,1.0,3.0,8,3.0,0.0,0.0,0.0
Eyes_Japan_Dataset_kanno_accident-02-dodge_fast-kanno_poses_120_jpos,2.0,1.0,3.0,8,3.0,0.00078,0.03448,0.0
Eyes_Japan_Dataset_kanno_accident-02-dodge_fast-kanno_poses_120_jpos,3.0,1.0,3.0,8,3.0,0.00034,0.02155,0.0
Eyes_Japan_Dataset_kanno_accident-02-dodge_fast-kanno_poses_120_jpos,4.0,1.0,3.0,8,3.0,0.0,0.0,0.0
Eyes_Japan_Dataset_kanno_accident-02-dodge_fast-kanno_poses_120_jpos,6.0,1.0,3.0,8,3.0,0.00121,0.03448,0.0
Eyes_Japan_Dataset_kanno_accident-02-dodge_fast-kanno_poses_120_jpos,8.0,0.75,3.0,8,3.0,0.00014,0.00862,0.00431
Eyes_Japan_Dataset_kanno_accident-02-dodge_fast-kanno_poses_120_jpos,mean,0.9643,,56,3.0,0.00035,,
Eyes_Japan_Dataset_kawaguchi_pose-04-drank-kawaguchi_poses_120_jpos,0.0,1.0,3.0,8,3.0,0.0,0.0,0.0
Eyes_Japan_Dataset_kawaguchi_pose-04-drank-kawaguchi_poses_120_jpos,1.0,1.0,3.0,8,3.0,6e-05,0.00862,0.0
Eyes_Japan_Dataset_kawaguchi_pose-04-drank-kawaguchi_poses_120_jpos,2.0,1.0,3.0,8,3.0,6e-05,0.00431,0.0
Eyes_Japan_Dataset_kawaguchi_pose-04-drank-kawaguchi_poses_120_jpos,3.0,1.0,3.0,8,3.0,0.0,0.0,0.0
Eyes_Japan_Dataset_kawaguchi_pose-04-drank-kawaguchi_poses_120_jpos,4.0,1.0,3.0,8,3.0,0.00014,0.01293,0.0
Eyes_Japan_Dataset_kawaguchi_pose-04-drank-kawaguchi_poses_120_jpos,6.0,1.0,3.0,8,3.0,0.00034,0.02155,0.0
Eyes_Japan_Dataset_kawaguchi_pose-04-drank-kawaguchi_poses_120_jpos,8.0,1.0,3.0,8,3.0,0.00017,0.00862,0.0
Eyes_Japan_Dataset_kawaguchi_pose-04-drank-kawaguchi_poses_120_jpos,mean,1.0,,56,3.0,0.00011,,
DFaust_67_50025_50025_one_leg_loose_poses_60_jpos,0.0,0.0,1.377,8,3.0,0.00013,0.00862,0.00862
DFaust_67_50025_50025_one_leg_loose_poses_60_jpos,1.0,0.0,0.837,8,3.0,0.00206,0.02155,0.00862
DFaust_67_50025_50025_one_leg_loose_poses_60_jpos,2.0,0.0,1.09,8,2.08,0.00125,0.01724,0.00862
DFaust_67_50025_50025_one_leg_loose_poses_60_jpos,3.0,1.0,1.1,8,1.1,0.00063,0.01293,0.01293
DFaust_67_50025_50025_one_leg_loose_poses_60_jpos,4.0,1.0,0.08,8,0.08,0.0,0.0,0.0
DFaust_67_50025_50025_one_leg_loose_poses_60_jpos,6.0,1.0,0.04,8,0.04,0.00862,0.01724,0.01724
DFaust_67_50025_50025_one_leg_loose_poses_60_jpos,8.0,1.0,0.04,8,0.04,0.00431,0.00862,0.00862
DFaust_67_50025_50025_one_leg_loose_poses_60_jpos,mean,0.5714,,56,3.0,0.00243,,
SFU_0015_0015_Kirikaeshi001_poses_120_jpos,0.0,0.0,1.412,8,3.0,0.01108,0.10776,0.01724
SFU_0015_0015_Kirikaeshi001_poses_120_jpos,1.0,0.0,0.615,8,3.0,0.00436,0.03879,0.00862
SFU_0015_0015_Kirikaeshi001_poses_120_jpos,2.0,1.0,3.0,8,3.0,0.0,0.0,0.0
SFU_0015_0015_Kirikaeshi001_poses_120_jpos,3.0,1.0,3.0,8,3.0,0.0,0.0,0.0
SFU_0015_0015_Kirikaeshi001_poses_120_jpos,4.0,1.0,3.0,8,3.0,0.00075,0.03017,0.0
SFU_0015_0015_Kirikaeshi001_poses_120_jpos,6.0,0.625,2.438,8,3.0,0.00165,0.03448,0.01724
SFU_0015_0015_Kirikaeshi001_poses_120_jpos,8.0,0.375,2.727,8,3.0,0.00153,0.03879,0.01293
SFU_0015_0015_Kirikaeshi001_poses_120_jpos,mean,0.5714,,56,3.0,0.00277,,
ACCAD_Male2Walking_c3d_B17_-__Walk_to_hop_to_walk_a_poses_120_jpos,0.0,1.0,3.0,8,3.0,3e-05,0.00431,0.0
ACCAD_Male2Walking_c3d_B17_-__Walk_to_hop_to_walk_a_poses_120_jpos,1.0,0.0,2.812,8,3.0,0.00043,0.02155,0.02155
ACCAD_Male2Walking_c3d_B17_-__Walk_to_hop_to_walk_a_poses_120_jpos,2.0,0.0,1.812,8,3.0,0.00124,0.03448,0.00862
ACCAD_Male2Walking_c3d_B17_-__Walk_to_hop_to_walk_a_poses_120_jpos,3.0,0.0,0.732,8,2.5,0.00375,0.03448,0.00862
ACCAD_Male2Walking_c3d_B17_-__Walk_to_hop_to_walk_a_poses_120_jpos,4.0,1.0,1.5,8,1.5,0.00201,0.0431,0.02586
ACCAD_Male2Walking_c3d_B17_-__Walk_to_hop_to_walk_a_poses_120_jpos,6.0,1.0,0.04,8,0.04,0.00862,0.01724,0.01724
ACCAD_Male2Walking_c3d_B17_-__Walk_to_hop_to_walk_a_poses_120_jpos,8.0,1.0,0.04,8,0.04,0.00431,0.00862,0.00862
ACCAD_Male2Walking_c3d_B17_-__Walk_to_hop_to_walk_a_poses_120_jpos,mean,0.5714,,56,3.0,0.00291,,
DanceDB_20180501_CliodelaVara_CLIO_Dimitroula_1_poses_120_jpos,0.0,1.0,3.0,8,3.0,0.0,0.0,0.0
DanceDB_20180501_CliodelaVara_CLIO_Dimitroula_1_poses_120_jpos,1.0,0.875,2.65,8,3.0,0.00776,0.01293,0.0
DanceDB_20180501_CliodelaVara_CLIO_Dimitroula_1_poses_120_jpos,2.0,1.0,3.0,8,3.0,0.0,0.0,0.0
DanceDB_20180501_CliodelaVara_CLIO_Dimitroula_1_poses_120_jpos,3.0,1.0,3.0,8,3.0,0.0,0.0,0.0
DanceDB_20180501_CliodelaVara_CLIO_Dimitroula_1_poses_120_jpos,4.0,1.0,3.0,8,3.0,0.0,0.0,0.0
DanceDB_20180501_CliodelaVara_CLIO_Dimitroula_1_poses_120_jpos,6.0,1.0,3.0,8,3.0,0.00029,0.01293,0.0
DanceDB_20180501_CliodelaVara_CLIO_Dimitroula_1_poses_120_jpos,8.0,1.0,3.0,8,3.0,0.00138,0.03448,0.0
DanceDB_20180501_CliodelaVara_CLIO_Dimitroula_1_poses_120_jpos,mean,0.9821,,56,3.0,0.00135,,
CMU_88_88_10_poses_60_jpos,0.0,0.0,1.615,8,3.0,0.00011,0.00862,0.00431
CMU_88_88_10_poses_60_jpos,1.0,0.0,0.86,8,3.0,0.00203,0.03879,0.03017
CMU_88_88_10_poses_60_jpos,2.0,0.0,1.04,8,3.0,0.00088,0.02155,0.01293
CMU_88_88_10_poses_60_jpos,3.0,0.0,1.167,8,3.0,0.00199,0.03879,0.01724
CMU_88_88_10_poses_60_jpos,4.0,0.0,0.778,8,3.0,0.00069,0.02586,0.02586
CMU_88_88_10_poses_60_jpos,6.0,1.0,1.78,8,1.78,0.00034,0.03017,0.03017
CMU_88_88_10_poses_60_jpos,8.0,1.0,0.04,8,0.04,0.00647,0.01293,0.01293
CMU_88_88_10_poses_60_jpos,mean,0.2857,,56,3.0,0.00179,,
ACCAD_Male2Walking_c3d_B17_-__Walk_to_hop_to_walk_poses_120_jpos,0.0,1.0,3.0,8,3.0,0.00029,0.01293,0.0
ACCAD_Male2Walking_c3d_B17_-__Walk_to_hop_to_walk_poses_120_jpos,1.0,0.0,2.8,8,3.0,0.00028,0.02586,0.01293
ACCAD_Male2Walking_c3d_B17_-__Walk_to_hop_to_walk_poses_120_jpos,2.0,0.0,1.773,8,3.0,0.00223,0.03879,0.02155
ACCAD_Male2Walking_c3d_B17_-__Walk_to_hop_to_walk_poses_120_jpos,3.0,0.0,0.757,8,2.5,0.00427,0.03879,0.02155
ACCAD_Male2Walking_c3d_B17_-__Walk_to_hop_to_walk_poses_120_jpos,4.0,1.0,1.5,8,1.5,0.00247,0.03448,0.01724
ACCAD_Male2Walking_c3d_B17_-__Walk_to_hop_to_walk_poses_120_jpos,6.0,1.0,0.04,8,0.04,0.00647,0.01293,0.01293
ACCAD_Male2Walking_c3d_B17_-__Walk_to_hop_to_walk_poses_120_jpos,8.0,1.0,0.04,8,0.04,0.00862,0.01724,0.01724
ACCAD_Male2Walking_c3d_B17_-__Walk_to_hop_to_walk_poses_120_jpos,mean,0.5714,,56,3.0,0.00352,,
Eyes_Japan_Dataset_aita_walk-06-catwalk-aita_poses_120_jpos,0.0,1.0,3.0,8,3.0,0.0,0.0,0.0
Eyes_Japan_Dataset_aita_walk-06-catwalk-aita_poses_120_jpos,1.0,1.0,3.0,8,3.0,0.0,0.0,0.0
Eyes_Japan_Dataset_aita_walk-06-catwalk-aita_poses_120_jpos,2.0,1.0,3.0,8,3.0,0.00055,0.02586,0.0
Eyes_Japan_Dataset_aita_walk-06-catwalk-aita_poses_120_jpos,3.0,1.0,3.0,8,3.0,0.00109,0.03448,0.0
Eyes_Japan_Dataset_aita_walk-06-catwalk-aita_poses_120_jpos,4.0,0.875,2.903,8,3.0,0.00219,0.03879,0.0
Eyes_Japan_Dataset_aita_walk-06-catwalk-aita_poses_120_jpos,6.0,1.0,3.0,8,3.0,0.00293,0.03448,0.00431
Eyes_Japan_Dataset_aita_walk-06-catwalk-aita_poses_120_jpos,8.0,1.0,3.0,8,3.0,0.00256,0.03879,0.0
Eyes_Japan_Dataset_aita_walk-06-catwalk-aita_poses_120_jpos,mean,0.9821,,56,3.0,0.00133,,
Eyes_Japan_Dataset_ichige_soccer-29-heel_lift-ichige_poses_120_jpos,0.0,1.0,3.0,8,3.0,0.0,0.0,0.0
Eyes_Japan_Dataset_ichige_soccer-29-heel_lift-ichige_poses_120_jpos,1.0,1.0,3.0,8,3.0,0.0,0.0,0.0
Eyes_Japan_Dataset_ichige_soccer-29-heel_lift-ichige_poses_120_jpos,2.0,0.0,2.7,8,3.0,0.0001,0.00431,0.00431
Eyes_Japan_Dataset_ichige_soccer-29-heel_lift-ichige_poses_120_jpos,3.0,0.0,1.7,8,3.0,0.00025,0.02155,0.02155
Eyes_Japan_Dataset_ichige_soccer-29-heel_lift-ichige_poses_120_jpos,4.0,0.0,0.707,8,3.0,0.00329,0.03879,0.00862
Eyes_Japan_Dataset_ichige_soccer-29-heel_lift-ichige_poses_120_jpos,6.0,1.0,3.0,8,3.0,0.00026,0.01293,0.0
Eyes_Japan_Dataset_ichige_soccer-29-heel_lift-ichige_poses_120_jpos,8.0,1.0,3.0,8,3.0,0.0,0.0,0.0
Eyes_Japan_Dataset_ichige_soccer-29-heel_lift-ichige_poses_120_jpos,mean,0.5714,,56,3.0,0.00056,,
CMU_91_91_04_poses_120_jpos,0.0,1.0,3.0,8,3.0,0.00066,0.02155,0.0
CMU_91_91_04_poses_120_jpos,1.0,1.0,3.0,8,3.0,0.00207,0.0431,0.0
CMU_91_91_04_poses_120_jpos,2.0,1.0,3.0,8,3.0,0.00072,0.03017,0.0
CMU_91_91_04_poses_120_jpos,3.0,1.0,3.0,8,3.0,0.00063,0.03017,0.0
CMU_91_91_04_poses_120_jpos,4.0,1.0,3.0,8,3.0,0.00032,0.01724,0.0
CMU_91_91_04_poses_120_jpos,6.0,0.625,2.345,8,3.0,0.00118,0.0431,0.0
CMU_91_91_04_poses_120_jpos,8.0,1.0,3.0,8,3.0,0.00072,0.02586,0.0
CMU_91_91_04_poses_120_jpos,mean,0.9464,,56,3.0,0.0009,,
Eyes_Japan_Dataset_hamada_jump-02-leap-hamada_poses_120_jpos,0.0,1.0,3.0,8,3.0,0.0,0.0,0.0
Eyes_Japan_Dataset_hamada_jump-02-leap-hamada_poses_120_jpos,1.0,1.0,3.0,8,3.0,0.0,0.0,0.0
Eyes_Japan_Dataset_hamada_jump-02-leap-hamada_poses_120_jpos,2.0,1.0,3.0,8,3.0,0.0,0.0,0.0
Eyes_Japan_Dataset_hamada_jump-02-leap-hamada_poses_120_jpos,3.0,1.0,3.0,8,3.0,0.0004,0.01724,0.0
Eyes_Japan_Dataset_hamada_jump-02-leap-hamada_poses_120_jpos,4.0,0.375,2.622,8,3.0,0.00076,0.02155,0.00862
Eyes_Japan_Dataset_hamada_jump-02-leap-hamada_poses_120_jpos,6.0,0.625,2.02,8,3.0,0.00385,0.05172,0.00431
Eyes_Japan_Dataset_hamada_jump-02-leap-hamada_poses_120_jpos,8.0,0.0,2.767,8,3.0,0.00012,0.01724,0.01293
Eyes_Japan_Dataset_hamada_jump-02-leap-hamada_poses_120_jpos,mean,0.7143,,56,3.0,0.00073,,
CMU_138_138_10_poses_120_jpos,0.0,0.625,2.648,8,3.0,0.002,0.0431,0.01724
CMU_138_138_10_poses_120_jpos,1.0,0.375,2.148,8,2.64,0.0016,0.03879,0.01293
CMU_138_138_10_poses_120_jpos,2.0,0.375,1.26,8,1.64,0.00308,0.03017,0.02155
CMU_138_138_10_poses_120_jpos,3.0,1.0,0.64,8,0.64,0.00094,0.03017,0.03017
CMU_138_138_10_poses_120_jpos,4.0,1.0,0.04,8,0.04,0.00216,0.00431,0.00431
CMU_138_138_10_poses_120_jpos,6.0,1.0,0.04,8,0.04,0.00431,0.00862,0.00862
CMU_138_138_10_poses_120_jpos,8.0,1.0,0.04,8,0.04,0.00431,0.00862,0.00862
CMU_138_138_10_poses_120_jpos,mean,0.7679,,56,3.0,0.00263,,
DFaust_67_50020_50020_one_leg_loose_poses_60_jpos,0.0,0.0,0.98,8,2.76,0.00029,0.01293,0.01293
DFaust_67_50020_50020_one_leg_loose_poses_60_jpos,1.0,0.0,0.933,8,1.76,0.00189,0.02586,0.01724
DFaust_67_50020_50020_one_leg_loose_poses_60_jpos,2.0,1.0,0.76,8,0.76,0.00068,0.02586,0.02586
DFaust_67_50020_50020_one_leg_loose_poses_60_jpos,3.0,1.0,0.04,8,0.04,0.00431,0.00862,0.00862
DFaust_67_50020_50020_one_leg_loose_poses_60_jpos,4.0,1.0,0.04,8,0.04,0.00216,0.00431,0.00431
DFaust_67_50020_50020_one_leg_loose_poses_60_jpos,6.0,1.0,0.04,8,0.04,0.01293,0.02586,0.02586
DFaust_67_50020_50020_one_leg_loose_poses_60_jpos,8.0,1.0,0.04,8,0.04,0.0,0.0,0.0
DFaust_67_50020_50020_one_leg_loose_poses_60_jpos,mean,0.7143,,56,3.0,0.00318,,
CMU_108_108_16_poses_120_jpos,0.0,0.5,2.302,8,2.92,0.00219,0.03448,0.0
CMU_108_108_16_poses_120_jpos,1.0,0.375,1.188,8,1.94,0.00149,0.03017,0.01724
CMU_108_108_16_poses_120_jpos,2.0,1.0,0.94,8,0.94,0.01247,0.04741,0.02155
CMU_108_108_16_poses_120_jpos,3.0,1.0,0.04,8,0.04,0.00862,0.01724,0.01724
CMU_108_108_16_poses_120_jpos,4.0,1.0,0.04,8,0.04,0.00431,0.00862,0.00862
CMU_108_108_16_poses_120_jpos,6.0,1.0,0.04,8,0.04,0.00647,0.01293,0.01293
CMU_108_108_16_poses_120_jpos,8.0,1.0,0.04,8,0.04,0.00862,0.01724,0.01724
CMU_108_108_16_poses_120_jpos,mean,0.8393,,56,3.0,0.00631,,
SFU_0015_0015_BasicKendo001_poses_120_jpos,0.0,0.0,1.763,8,3.0,0.00682,0.08621,0.01293
SFU_0015_0015_BasicKendo001_poses_120_jpos,1.0,0.0,0.745,8,3.0,0.00153,0.03017,0.02155
SFU_0015_0015_BasicKendo001_poses_120_jpos,2.0,1.0,3.0,8,3.0,0.00098,0.03017,0.0
SFU_0015_0015_BasicKendo001_poses_120_jpos,3.0,1.0,3.0,8,3.0,0.00014,0.00431,0.0
SFU_0015_0015_BasicKendo001_poses_120_jpos,4.0,1.0,3.0,8,3.0,0.0,0.0,0.0
SFU_0015_0015_BasicKendo001_poses_120_jpos,6.0,1.0,3.0,8,3.0,3e-05,0.00431,0.0
SFU_0015_0015_BasicKendo001_poses_120_jpos,8.0,1.0,3.0,8,3.0,0.00135,0.03448,0.01293
SFU_0015_0015_BasicKendo001_poses_120_jpos,mean,0.7143,,56,3.0,0.00155,,
DFaust_67_50020_50020_punching_poses_60_jpos,0.0,0.0,1.795,8,3.0,0.00018,0.01724,0.01724
DFaust_67_50020_50020_punching_poses_60_jpos,1.0,0.25,1.127,8,2.36,0.00125,0.03017,0.01293
DFaust_67_50020_50020_punching_poses_60_jpos,2.0,1.0,1.38,8,1.38,0.00087,0.03448,0.02586
DFaust_67_50020_50020_punching_poses_60_jpos,3.0,1.0,0.38,8,0.38,0.00181,0.03448,0.03448
DFaust_67_50020_50020_punching_poses_60_jpos,4.0,1.0,0.04,8,0.04,0.00862,0.01724,0.01724
DFaust_67_50020_50020_punching_poses_60_jpos,6.0,1.0,0.04,8,0.04,0.00647,0.01293,0.01293
DFaust_67_50020_50020_punching_poses_60_jpos,8.0,1.0,0.04,8,0.04,0.00216,0.00431,0.00431
DFaust_67_50020_50020_punching_poses_60_jpos,mean,0.75,,56,3.0,0.00305,,
KIT_513_kick07_poses_100_jpos,0.0,0.0,1.733,8,3.0,0.0005,0.03017,0.02155
KIT_513_kick07_poses_100_jpos,1.0,0.0,0.717,8,3.0,0.00098,0.03448,0.03448
KIT_513_kick07_poses_100_jpos,2.0,0.0,0.123,8,3.0,0.00421,0.02586,0.02586
KIT_513_kick07_poses_100_jpos,3.0,1.0,3.0,8,3.0,0.00037,0.01293,0.0
KIT_513_kick07_poses_100_jpos,4.0,1.0,2.04,8,2.04,0.00025,0.02155,0.02155
KIT_513_kick07_poses_100_jpos,6.0,1.0,0.04,8,0.04,0.00431,0.00862,0.00431
KIT_513_kick07_poses_100_jpos,8.0,1.0,0.04,8,0.04,0.01509,0.02586,0.02586
KIT_513_kick07_poses_100_jpos,mean,0.5714,,56,3.0,0.00367,,
KIT_3_kneel_down_with_right_hand03_poses_100_jpos,0.0,1.0,3.0,8,3.0,0.0,0.0,0.0
KIT_3_kneel_down_with_right_hand03_poses_100_jpos,1.0,0.375,2.433,8,3.0,0.00028,0.02155,0.00862
KIT_3_kneel_down_with_right_hand03_poses_100_jpos,2.0,0.0,2.02,8,3.0,0.00045,0.01293,0.00431
KIT_3_kneel_down_with_right_hand03_poses_100_jpos,3.0,0.5,2.567,8,2.9,0.00042,0.0431,0.0431
KIT_3_kneel_down_with_right_hand03_poses_100_jpos,4.0,1.0,1.9,8,1.9,0.00123,0.06897,0.04741
KIT_3_kneel_down_with_right_hand03_poses_100_jpos,6.0,1.0,0.04,8,0.04,0.04741,0.06897,0.02586
KIT_3_kneel_down_with_right_hand03_poses_100_jpos,8.0,1.0,0.04,8,0.04,0.03664,0.06034,0.01293
KIT_3_kneel_down_with_right_hand03_poses_100_jpos,mean,0.6964,,56,3.0,0.01235,,
