seed,iteration,tv,effective_units,top1_unit_mass,max_clip_mass,saturation,completed_trials
11,0,5.536080288312019e-17,624.0341112730887,0.016427655704958112,0.017178432908434998,0.0,458
11,100,0.07372341574261349,655.1806514593916,0.014303075096162896,0.01777497870248508,0.2677364864864865,49975
11,200,0.0691935692816293,635.039254031677,0.017054420737487273,0.017054420737487273,0.16047297297297297,87440
11,300,0.07115127026205399,637.2566424463605,0.015525113365388386,0.018862852401237064,0.09881756756756757,121530
11,400,0.06316811332221806,625.0427627193877,0.015620672791668885,0.01648506665164203,0.09037162162162163,152890
11,500,0.05717342716978529,620.6891900246425,0.0160481123139444,0.017515598606290286,0.08530405405405406,181928
11,600,0.05253367885405756,616.2498459907964,0.015811564976901903,0.016750547397855923,0.07939189189189189,209703
11,700,0.048960607638450844,621.717205001097,0.01644858084360572,0.01739357199623624,0.07432432432432433,236447
11,800,0.05640214185338824,632.5168002857904,0.017401378129701023,0.017401378129701023,0.06841216216216216,262937
11,900,0.05644226278071745,636.2537975866837,0.015885377303162675,0.016529956008498457,0.0777027027027027,289173
11,1000,0.059042212960115525,642.1599510055338,0.01618649966934492,0.017737789882585727,0.08868243243243243,315371
11,1100,0.06116772511011498,645.9892850221393,0.014819250521017565,0.01682862443338331,0.11317567567567567,341485
11,1200,0.07042470235263626,654.4672357012831,0.01400159163050759,0.01601391116928639,0.19425675675675674,367577
11,1300,0.07062838958499024,649.8583106461714,0.017738289680994238,0.017738289680994238,0.2939189189189189,393620
11,1400,0.07096430013564069,644.2516415214291,0.017616806022267686,0.017616806022267686,0.38513513513513514,419522
11,1500,0.07659160423736906,650.7835822750027,0.01476801460627018,0.01641390974284275,0.43327702702702703,445485
11,1600,0.08008920541627985,650.5585626690306,0.01640151643589008,0.017288411936104413,0.49493243243243246,471430
11,1700,0.07857337696271596,644.9157265169316,0.015423137790867885,0.016080397568366295,0.527027027027027,497301
11,1800,0.08465019701404711,655.2712137459874,0.014251547408199446,0.015698668061825356,0.5532094594594594,523116
11,1900,0.08640974101466525,651.1744811943214,0.015925748409298286,0.016126470058338237,0.5591216216216216,548945
11,2000,0.08939806886279558,653.1151462727008,0.01421967619339939,0.01569736751461786,0.5878378378378378,574759
11,2100,0.09094542283012216,655.8900815606899,0.01451995226095752,0.016234311062035718,0.59375,600511
11,2200,0.0883008829518328,646.1252495521151,0.015093750953286942,0.015145701668738066,0.6013513513513513,626303
11,2300,0.08926093713263752,655.5562765004304,0.015166311654398005,0.01606941968070443,0.6030405405405406,652061
11,2400,0.08932458666758045,643.4869975492172,0.015028456477055599,0.016404520231063358,0.6131756756756757,677792
11,2500,0.09056675176720441,650.3875508729152,0.014670155433455541,0.01588611845915803,0.6258445945945946,703558
11,2600,0.09809255765779357,655.5556252414111,0.014083709488196072,0.016125326873485626,0.637668918918919,729336
11,2700,0.09059932255205423,640.8425272295121,0.01571350712526179,0.01571350712526179,0.6486486486486487,755049
11,2800,0.0924279904633164,639.0686208903606,0.01645399845409763,0.017087201902189306,0.6722972972972973,780726
11,2900,0.09751571212663435,647.8862867030608,0.013534599739170206,0.015964578344883556,0.6545608108108109,806418
11,3000,0.09453644622898381,643.7855023146328,0.015644677847426007,0.015874012986169573,0.6782094594594594,832044
11,3100,0.09849636842425313,652.5231505880002,0.014116877686699865,0.015498532285102718,0.6883445945945946,857689
11,3200,0.09748680256839254,640.7054958374945,0.015039237692421183,0.017079460802929932,0.7027027027027027,883339
11,3300,0.09903785479361679,644.8949984152823,0.013981958834601762,0.016666202701308246,0.706081081081081,908973
11,3400,0.10240717925172643,647.5320237799026,0.015934524174019363,0.015934524174019363,0.7010135135135135,934577
11,3500,0.09543645083552013,640.714557722684,0.01578067488745872,0.015866484237661783,0.706081081081081,960153
11,3600,0.10019555581336229,642.833085698791,0.015181722403189057,0.018498544791837757,0.7119932432432432,985751
11,3700,0.09536819661645837,633.3596494052396,0.01604330088663404,0.016987790308463434,0.7246621621621622,1011348
11,3800,0.09656124113895315,635.8177612815257,0.015650360358961345,0.016421768163208367,0.7381756756756757,1036972
11,3900,0.10140682839149327,632.2432561242367,0.015117555514684472,0.015951766213177326,0.7516891891891891,1062521
11,3999,0.10823470586052537,638.0811592358912,0.013241262497053374,0.016377069553339167,0.737331081081081,1087814
12,0,5.536080288312019e-17,624.0341112730887,0.016427655704958112,0.017178432908434998,0.0,449
12,100,0.07530688329830004,668.4078703756085,0.014867759404377793,0.01691548786580052,0.28800675675675674,50217
12,200,0.07380090784734875,641.4269776867445,0.015179433817580992,0.016451504308928413,0.16891891891891891,87887
12,300,0.06924462571624385,624.9066649114243,0.01705127586574425,0.018913976183130225,0.10641891891891891,121681
12,400,0.057991341278307594,618.6114813979663,0.016287492124958156,0.017147781014134007,0.08108108108108109,152466
12,500,0.05354152419048584,619.2236853495416,0.015315330144193678,0.016742679207749023,0.07601351351351351,180926
12,600,0.05077592128766127,625.566367942944,0.015935897110599652,0.017133070021777136,0.06756756756756757,208282
12,700,0.051890186264711896,626.1674205161225,0.016542992127218856,0.016542992127218856,0.0625,234949
12,800,0.05396333663696426,632.5876142451368,0.01520929975910736,0.01607471919795493,0.06756756756756757,261383
12,900,0.056014458260195465,639.8257306171037,0.018740397605667716,0.018740397605667716,0.06925675675675676,287554
12,1000,0.06165442835809269,649.8269891522193,0.015156156197634623,0.01573722177926581,0.08192567567567567,313554
12,1100,0.06333499873837758,649.5632751297443,0.01617129178594595,0.01687761561949307,0.125,339559
12,1200,0.06672475348283544,644.137960706914,0.015356960905837548,0.01636161809424673,0.21368243243243243,365499
12,1300,0.0787708233004824,662.3053206262921,0.014061605647683655,0.015377688692105585,0.31334459459459457,391385
12,1400,0.0788873794362313,663.1514077755265,0.013320344102521163,0.01568904955037679,0.3842905405405405,417238
12,1500,0.07519337129655733,646.4794073378406,0.01610306647816538,0.01610306647816538,0.4358108108108108,443166
12,1600,0.07867898565184574,655.4325862612152,0.0143744736918231,0.015550475405843048,0.4577702702702703,469040
12,1700,0.08599673917446915,653.0682804778043,0.016247328439243057,0.016537172466107374,0.49493243243243246,494868
12,1800,0.08848721447688607,653.6457804083103,0.01458890413113641,0.015324329574893061,0.518581081081081,520648
12,1900,0.08922692931766413,652.7161522431039,0.014317128070885875,0.015990096453425844,0.5574324324324325,546488
12,2000,0.0907368533343504,653.678130030954,0.014414481224880425,0.016506319429241377,0.5591216216216216,572305
12,2100,0.08789658626841468,647.2992362223971,0.013824943802548496,0.0158067823671924,0.5844594594594594,598186
12,2200,0.08925702613094272,648.0790021494723,0.0163448862083212,0.0163448862083212,0.575168918918919,624034
12,2300,0.08921916139036806,654.0101837974238,0.01350224991662052,0.01737383369498278,0.597972972972973,649817
12,2400,0.09063971046624912,653.4103856935952,0.013997009145234503,0.015770544553589172,0.6081081081081081,675658
12,2500,0.093450284776846,648.4232767625249,0.014186721302223088,0.015907047934182173,0.6097972972972973,701449
12,2600,0.09192185609687928,642.9754340084171,0.015469729979810205,0.015614742099891186,0.606418918918919,727179
12,2700,0.09243132158293887,652.5257615217284,0.013722314688338642,0.01584656867349352,0.6359797297297297,752989
12,2800,0.09284765357911393,645.9953772189917,0.015702265285846746,0.0159839432527729,0.6494932432432432,778715
12,2900,0.09422202015944099,644.9838203527669,0.014197745459663076,0.016621624763812543,0.6452702702702703,804453
12,3000,0.09473365500749345,652.2474052291287,0.015093679707370458,0.015909129058504765,0.652027027027027,830197
12,3100,0.09293815085612622,646.2425924744205,0.014232336473490134,0.016566192525210365,0.6596283783783784,855873
12,3200,0.0878233831743187,633.6352251923325,0.022351269900814374,0.022351269900814374,0.6587837837837838,881602
12,3300,0.0955624098632616,641.1020283894402,0.015402860278115167,0.015402860278115167,0.6638513513513513,907265
12,3400,0.0936534567184768,649.3026697753353,0.015260110805610185,0.015260110805610185,0.668918918918919,932877
12,3500,0.10139880213566149,655.6374343784498,0.01442825321705133,0.016108389206565536,0.6739864864864865,958524
12,3600,0.09571471575572871,633.8732819841923,0.017610065376184092,0.017820116771181154,0.6951013513513513,984151
12,3700,0.09960561310926722,637.4672875900908,0.0170057938176273,0.0170057938176273,0.7035472972972973,1009743
12,3800,0.10009360361718656,645.4194032915632,0.016941677327075792,0.018043318053816912,0.7128378378378378,1035284
12,3900,0.0984674278311984,635.6683870229622,0.014600674783474835,0.015872965148417083,0.7271959459459459,1060856
12,3999,0.09720261362644102,638.7361994561526,0.016177958514487674,0.01717172660531617,0.7331081081081081,1086192
