bank,stratum,clip,native_impl,native_infeasible_frac,native_airborne_frac,source_path,source_sha256,adapted_path,adapted_sha256
BONES-SEED,flagged,burpee_002__A362_M,sonic,0.13636363636363635,0.17721518987341772,/data/robotixx/groot-wbc-sonic-research/datasets/bones_seed_official_headline_scale4950/robot_filtered/burpee_002__A362_M.pkl,854553b24c5efcc1221f7a1d5b86ae59672c7e696d848c1869ea0b14c26e9c8f,/data/robotixx/climb/reports/feasibility_xcheck/_adapted/bones_as_npz/burpee_002__A362_M.npz,d17c30c9d8ca7e9cd9e28ddb0553912704435308222c5aab07b76ba73c7e011b
BONES-SEED,flagged,high_jump_R_003__A367_M,sonic,0.13829787234042554,0.21904761904761905,/data/robotixx/groot-wbc-sonic-research/datasets/bones_seed_official_headline_scale4950/robot_filtered/high_jump_R_003__A367_M.pkl,461596e22962cadfbd76f091307266086266acdcb0aa159185ca061ceaf4eb7c,/data/robotixx/climb/reports/feasibility_xcheck/_adapted/bones_as_npz/high_jump_R_003__A367_M.npz,c0a4006d7043680916f29e46b7c7f84275e65510739aeb23ab5ab83c1f2bede7
BONES-SEED,flagged,jump_off_50cm_R_001__A415_M,sonic,0.3656716417910448,0.4253731343283582,/data/robotixx/groot-wbc-sonic-research/datasets/bones_seed_official_headline_scale4950/robot_filtered/jump_off_50cm_R_001__A415_M.pkl,a320c02ce0a9166f57c2f3f3abf98a2be2b9ad8b3a93cb1bac82e7b74f6091fe,/data/robotixx/climb/reports/feasibility_xcheck/_adapted/bones_as_npz/jump_off_50cm_R_001__A415_M.npz,9bd84d401f4fe90e180c71a450cf48f823e0a1abdc9d305c941b40a59808bddc
BONES-SEED,flagged,jump_off_front_50cm_001__A416_M,sonic,0.3533834586466165,0.49295774647887325,/data/robotixx/groot-wbc-sonic-research/datasets/bones_seed_official_headline_scale4950/robot_filtered/jump_off_front_50cm_001__A416_M.pkl,3f730b67057c920ff8ddfbc6ab7b90338448c04a9cc58fdca2b9fcb23e430cdd,/data/robotixx/climb/reports/feasibility_xcheck/_adapted/bones_as_npz/jump_off_front_50cm_001__A416_M.npz,4bfc25425af216c73cf02af230bb47d855080d9464d6b8a0a2038ae2c7d8cdcd
BONES-SEED,flagged,jump_off_front_50cm_R_002__A416_M,sonic,0.37943262411347517,0.425531914893617,/data/robotixx/groot-wbc-sonic-research/datasets/bones_seed_official_headline_scale4950/robot_filtered/jump_off_front_50cm_R_002__A416_M.pkl,955bde653ae3d663548eeb51794bc094ee13a2d0500bb8bb1689d887500776d7,/data/robotixx/climb/reports/feasibility_xcheck/_adapted/bones_as_npz/jump_off_front_50cm_R_002__A416_M.npz,397df32355b3360dcb2e5506e2116a3679c00bf9c9a4f04eaf9d90825967b086
BONES-SEED,flagged,jump_on_50cm_002__A415,sonic,0.6577181208053692,0.7207792207792207,/data/robotixx/groot-wbc-sonic-research/datasets/bones_seed_official_headline_scale4950/robot_filtered/jump_on_50cm_002__A415.pkl,1b805ee8f15ea047d21ce5fd3ba2e1b89d0a60b92d7f9120e66dbbcea80d9262,/data/robotixx/climb/reports/feasibility_xcheck/_adapted/bones_as_npz/jump_on_50cm_002__A415.npz,cb0a592ffb22a83935075e3598726ee30e45d0fa8c8712f4f437b93ee577be04
BONES-SEED,flagged,kick_back_001__A495_M,sonic,0.4724220623501199,0.0815347721822542,/data/robotixx/groot-wbc-sonic-research/datasets/bones_seed_official_headline_scale4950/robot_filtered/kick_back_001__A495_M.pkl,5481cdc7da657907318815ff10cdb69f3f546b0e307dfea5c421fc6c402ba84a,/data/robotixx/climb/reports/feasibility_xcheck/_adapted/bones_as_npz/kick_back_001__A495_M.npz,2183fc34b8e041e0793fd2aeca625035fa5badf2ca09389355d825462cd0d9f1
BONES-SEED,feasible,door_knob_right_side_open_R_001__A509_M,sonic,0.0,0.0,/data/robotixx/groot-wbc-sonic-research/datasets/bones_seed_official_headline_scale4950/robot_filtered/door_knob_right_side_open_R_001__A509_M.pkl,22bf404f2326786856c3359f02f8446d94677c8b98f981f7aa76c29d8dde6f81,/data/robotixx/climb/reports/feasibility_xcheck/_adapted/bones_as_npz/door_knob_right_side_open_R_001__A509_M.npz,725556bdae4141c3b7d2153b9af13bf1a226b003e4215dc1f89e60b123b429f7
BONES-SEED,feasible,greetings_hat_R_003__A261,sonic,0.0,0.0,/data/robotixx/groot-wbc-sonic-research/datasets/bones_seed_official_headline_scale4950/robot_filtered/greetings_hat_R_003__A261.pkl,da2ca7de2582adbb4aae803be01c86b321d8365fa3cd3da68e9a40947f1a8acb,/data/robotixx/climb/reports/feasibility_xcheck/_adapted/bones_as_npz/greetings_hat_R_003__A261.npz,331d168f0a0f5f85bebedfee393225f39797cd577ff0692fb8ec6384c57bd386
BONES-SEED,feasible,injured_R_leg_idle_right_R_002__A326,sonic,0.0,0.0,/data/robotixx/groot-wbc-sonic-research/datasets/bones_seed_official_headline_scale4950/robot_filtered/injured_R_leg_idle_right_R_002__A326.pkl,7ae7f6d8f3f825f5c727720855d4364a45a7e9e79b1de32cfdb2b859b39a3c46,/data/robotixx/climb/reports/feasibility_xcheck/_adapted/bones_as_npz/injured_R_leg_idle_right_R_002__A326.npz,9cd46706ccb80916dae48fd2252a0e304d777448392ab0ed5d7d42692eb48a3f
BONES-SEED,feasible,jog_avoid_bump_270_R_002__A167,sonic,0.0,0.012738853503184714,/data/robotixx/groot-wbc-sonic-research/datasets/bones_seed_official_headline_scale4950/robot_filtered/jog_avoid_bump_270_R_002__A167.pkl,9fd9927a11fa59d93255205542803cb75d9df9cd2e8292357bb15a775adb5c35,/data/robotixx/climb/reports/feasibility_xcheck/_adapted/bones_as_npz/jog_avoid_bump_270_R_002__A167.npz,c133cdccc1ea86167e59e8aa58a10bb630c4016ab7dee554713dfd87841fa93e
BONES-SEED,feasible,jog_ff_stop_360_R_002__A237_M,sonic,0.0,0.0,/data/robotixx/groot-wbc-sonic-research/datasets/bones_seed_official_headline_scale4950/robot_filtered/jog_ff_stop_360_R_002__A237_M.pkl,551844fdb35d9810417613bde0eee36f4c7768f624710b96b7170e071f91b6a4,/data/robotixx/climb/reports/feasibility_xcheck/_adapted/bones_as_npz/jog_ff_stop_360_R_002__A237_M.npz,df333fe2e112290032c837be7fcda217e92c367c537c3783f314d5e6761cb428
BONES-SEED,feasible,jump_ff_360_R_003__A295,sonic,0.0,0.0,/data/robotixx/groot-wbc-sonic-research/datasets/bones_seed_official_headline_scale4950/robot_filtered/jump_ff_360_R_003__A295.pkl,f55e4a17cbf63be052eedb96d9984293b48834dfff2d5574e5d6b65aa7fd494b,/data/robotixx/climb/reports/feasibility_xcheck/_adapted/bones_as_npz/jump_ff_360_R_003__A295.npz,64ef10c67e2f2666d7e57864f758d5f5558886cea9c749d112efc31a871019a4
BONES-SEED,feasible,medium_big_heavy_one_hand_walk_ff_start_270_R_003__A505_M,sonic,0.0,0.0,/data/robotixx/groot-wbc-sonic-research/datasets/bones_seed_official_headline_scale4950/robot_filtered/medium_big_heavy_one_hand_walk_ff_start_270_R_003__A505_M.pkl,40beab79289e461f7d4442d9d4da424b2fa9a2cd56af606ff33bc78b1bed719f,/data/robotixx/climb/reports/feasibility_xcheck/_adapted/bones_as_npz/medium_big_heavy_one_hand_walk_ff_start_270_R_003__A505_M.npz,3b31d9505d488a3f46647643b774f0a951c742120473433002bd46a05305bd65
BONES-SEED,feasible,praying_001__A185_M,sonic,0.0,0.0,/data/robotixx/groot-wbc-sonic-research/datasets/bones_seed_official_headline_scale4950/robot_filtered/praying_001__A185_M.pkl,971a5f9aac57ad7a617d97d12d66d9e4f5482606e245dce3ffaa41ed6e49ce69,/data/robotixx/climb/reports/feasibility_xcheck/_adapted/bones_as_npz/praying_001__A185_M.npz,209b5efec3a96080ca73821ada389c297828d08b4c9a6d38e93af557f293fe08
BONES-SEED,feasible,reach_jump_R_003__A223,sonic,0.0,0.0861244019138756,/data/robotixx/groot-wbc-sonic-research/datasets/bones_seed_official_headline_scale4950/robot_filtered/reach_jump_R_003__A223.pkl,491502bb682237fd00a127ed9906d2d90649bcf9c6b1adc751ce84de14ab49b5,/data/robotixx/climb/reports/feasibility_xcheck/_adapted/bones_as_npz/reach_jump_R_003__A223.npz,5db70f492fb890f5504cc7e0f6173fd135058ce651c4246e24b65d36bcd7253f
BONES-SEED,feasible,turn_jump_270_003__A058,sonic,0.0,0.0,/data/robotixx/groot-wbc-sonic-research/datasets/bones_seed_official_headline_scale4950/robot_filtered/turn_jump_270_003__A058.pkl,221865abbe71092a4990e224ad240e0115fe042b11666138f9830d9a0b86273e,/data/robotixx/climb/reports/feasibility_xcheck/_adapted/bones_as_npz/turn_jump_270_003__A058.npz,717bc2e51d0d8d7f0eac59e4028edbe497b7e3097067ec7a32059778bd19f525
BONES-SEED,feasible,walk_backward_stop_002__A037_M,sonic,0.0,0.0,/data/robotixx/groot-wbc-sonic-research/datasets/bones_seed_official_headline_scale4950/robot_filtered/walk_backward_stop_002__A037_M.pkl,f4e332dae6544f8eb77e965f828c2d5d0ee4678be378141255ee9de4a626b8ed,/data/robotixx/climb/reports/feasibility_xcheck/_adapted/bones_as_npz/walk_backward_stop_002__A037_M.npz,43beab0cba6218a8708bf7ecd9505484a51c215155eba58df7b80296c587c3cb
BONES-SEED,feasible,walk_sideway_135_start_001__A024,sonic,0.0,0.0,/data/robotixx/groot-wbc-sonic-research/datasets/bones_seed_official_headline_scale4950/robot_filtered/walk_sideway_135_start_001__A024.pkl,6023e097e29ed8543cec4461aa5180dbce97f8e0c1e8b26ce7d6e65bc04b866d,/data/robotixx/climb/reports/feasibility_xcheck/_adapted/bones_as_npz/walk_sideway_135_start_001__A024.npz,b3f0559f7d5f122ec91816cc15f83916c11e18eb682f9537bce82dc7ff438980
BONES-SEED,feasible,warm_welcome_R_001__A432_M,sonic,0.0,0.0,/data/robotixx/groot-wbc-sonic-research/datasets/bones_seed_official_headline_scale4950/robot_filtered/warm_welcome_R_001__A432_M.pkl,cbf58b11afd1576fc8df4b020890398673e220fb22a0f2b0368ca562b3b0ca8a,/data/robotixx/climb/reports/feasibility_xcheck/_adapted/bones_as_npz/warm_welcome_R_001__A432_M.npz,fa516a75001f89a4ce791ace9109d2a079bc65ffd21a06cdbf586398ef9bdfe3
AMASS-wbt-G1,flagged,BMLmovi_Subject_53_F_MoSh_Subject_53_F_17_poses_120_jpos,climb,0.6072874493927125,0.6072874493927125,/data/robotixx/climb/bank/amass/BMLmovi_Subject_53_F_MoSh_Subject_53_F_17_poses_120_jpos.npz,98c746c8e6259e05778b00cc115b8fa5a7378cbbea915ad43196c3af1e72a222,/data/robotixx/climb/reports/feasibility_xcheck/_adapted/amass_as_pkl/BMLmovi_Subject_53_F_MoSh_Subject_53_F_17_poses_120_jpos.pkl,46519347bded28d3e75f0c86841417146506fb3c7dc52d38ce9778e49d783473
AMASS-wbt-G1,flagged,BMLmovi_Subject_64_F_MoSh_Subject_64_F_9_poses_120_jpos,climb,0.13026052104208416,0.12424849699398798,/data/robotixx/climb/bank/amass/BMLmovi_Subject_64_F_MoSh_Subject_64_F_9_poses_120_jpos.npz,de3b05a97dd52652c80be9156a21e69a88631c70ffdb70fe0968a08e7e335b8d,/data/robotixx/climb/reports/feasibility_xcheck/_adapted/amass_as_pkl/BMLmovi_Subject_64_F_MoSh_Subject_64_F_9_poses_120_jpos.pkl,882a897b2ed573029609bbc47ed00c1767c1db9c8d54704f924e628afea89c32
AMASS-wbt-G1,flagged,CMU_02_02_02_poses_120_jpos,climb,0.4274193548387097,0.4112903225806452,/data/robotixx/climb/bank/amass/CMU_02_02_02_poses_120_jpos.npz,0090fb98afdfd9a513085686385b8f73bfff783a3bce1d02b099c180dbab326d,/data/robotixx/climb/reports/feasibility_xcheck/_adapted/amass_as_pkl/CMU_02_02_02_poses_120_jpos.pkl,640f794d993a69e1c6a49eeda25f554271d0f5941fa2acb7604c49ef947b6357
AMASS-wbt-G1,flagged,CMU_102_102_28_poses_120_jpos,climb,0.6689419795221843,0.7952218430034129,/data/robotixx/climb/bank/amass/CMU_102_102_28_poses_120_jpos.npz,f5fdc0980a8df670d3b056d6a635396fe22fce7c89052bb1d716fcbac1a9605e,/data/robotixx/climb/reports/feasibility_xcheck/_adapted/amass_as_pkl/CMU_102_102_28_poses_120_jpos.pkl,37779a2b7e8ef9a7e790ba594572026dcda3bc769a42ad0c7629f906f87c78f3
AMASS-wbt-G1,flagged,CMU_91_91_41_poses_120_jpos,climb,0.19523809523809524,0.2857142857142857,/data/robotixx/climb/bank/amass/CMU_91_91_41_poses_120_jpos.npz,ff014e04bf1d49aa42492456edf14f585d940e44e09fc182f202b3473128f51d,/data/robotixx/climb/reports/feasibility_xcheck/_adapted/amass_as_pkl/CMU_91_91_41_poses_120_jpos.pkl,d072f08e8ab97df4ceff2083cbaa4b8c42630129a10437e6da6ff6f362b792c9
AMASS-wbt-G1,flagged,CNRS_288_-12_L_1,climb,0.6476964769647696,0.6287262872628726,/data/robotixx/climb/bank/amass/CNRS_288_-12_L_1.npz,2802d173b3db983bacb677e7de7654823b146002e64a762e637641c5e971dc76,/data/robotixx/climb/reports/feasibility_xcheck/_adapted/amass_as_pkl/CNRS_288_-12_L_1.pkl,2b238b07ff168420fd14321ccb20ec216367f6bfcfae7d4b85bcaa329af3d19f
AMASS-wbt-G1,flagged,KIT_3_downstairs03_poses_100_jpos,climb,0.73046875,0.73046875,/data/robotixx/climb/bank/amass/KIT_3_downstairs03_poses_100_jpos.npz,90556657f04f578f6c86f6790a7776dba1e9ad680ec5e460e662155311feb0ac,/data/robotixx/climb/reports/feasibility_xcheck/_adapted/amass_as_pkl/KIT_3_downstairs03_poses_100_jpos.pkl,6c0ccf8070ea473236fb49573d2296ae9b49931746b22f8bdcfe3882cf8e67fc
AMASS-wbt-G1,flagged,KIT_3_kneel_up_hold03_poses_100_jpos,climb,0.31910946196660483,0.31910946196660483,/data/robotixx/climb/bank/amass/KIT_3_kneel_up_hold03_poses_100_jpos.npz,40f72d72e4c6de2c6bcf3c19ec97d44c32d30792b050c84d84d01cbab7dc14a5,/data/robotixx/climb/reports/feasibility_xcheck/_adapted/amass_as_pkl/KIT_3_kneel_up_hold03_poses_100_jpos.pkl,e362f1a551e4fb47310ac63dff17ebe1003d2f6db1a36a981bac171af24cdff1
AMASS-wbt-G1,flagged,KIT_572_squat02_poses_100_jpos,climb,0.18490566037735848,0.18490566037735848,/data/robotixx/climb/bank/amass/KIT_572_squat02_poses_100_jpos.npz,fb4be51b3a856d2ba735528d60518fea4d91c2eae12e80721c32bd43bce53f55,/data/robotixx/climb/reports/feasibility_xcheck/_adapted/amass_as_pkl/KIT_572_squat02_poses_100_jpos.pkl,519d9db767d8e636494d793ea5f77c2e9f96ecc675b1677dc30f505688f7f1ed
AMASS-wbt-G1,flagged,KIT_675_walk_with_handrail_beam_right06_poses_100_jpos,climb,0.47478991596638653,0.47478991596638653,/data/robotixx/climb/bank/amass/KIT_675_walk_with_handrail_beam_right06_poses_100_jpos.npz,1fcaeb112da5232e0ee89c9d98353000d53f0f440ad03638452145a12d9cb9c9,/data/robotixx/climb/reports/feasibility_xcheck/_adapted/amass_as_pkl/KIT_675_walk_with_handrail_beam_right06_poses_100_jpos.pkl,ffa9a0d029a33e564f6eafe138c2d15be63253b614adf18bfc601a21ed4aed7b
AMASS-wbt-G1,feasible,BMLmovi_Subject_22_F_MoSh_Subject_22_F_2_poses_120_jpos,climb,0.0,0.0,/data/robotixx/climb/bank/amass/BMLmovi_Subject_22_F_MoSh_Subject_22_F_2_poses_120_jpos.npz,8d80b86436aa48bed45a4e898b1afe4e0cbc4fcda9748cf21e4ca0e515f76c40,/data/robotixx/climb/reports/feasibility_xcheck/_adapted/amass_as_pkl/BMLmovi_Subject_22_F_MoSh_Subject_22_F_2_poses_120_jpos.pkl,0b589f6b8c5d00a916d600e9600fab24556bb480dcb87466cad084855b3dd4f4
AMASS-wbt-G1,feasible,CMU_28_28_15_poses_120_jpos,climb,0.0,0.0,/data/robotixx/climb/bank/amass/CMU_28_28_15_poses_120_jpos.npz,1908d0b282805e01de1011b7268090184de2e94b6af79b39c05e210a5b738721,/data/robotixx/climb/reports/feasibility_xcheck/_adapted/amass_as_pkl/CMU_28_28_15_poses_120_jpos.pkl,9d542a7010fc903d6ca26b0cd1213790bea6cfed30c91734dc2144afcc2b64bb
AMASS-wbt-G1,feasible,Eyes_Japan_Dataset_hamada_throw_toss-05-both_hands_over_heavy-hamada_poses_120_jpos,climb,0.0,0.0,/data/robotixx/climb/bank/amass/Eyes_Japan_Dataset_hamada_throw_toss-05-both_hands_over_heavy-hamada_poses_120_jpos.npz,a236f7bf042cc7a19d5c4549ca4285bb419413f84c4b1196360a4242bafced3d,/data/robotixx/climb/reports/feasibility_xcheck/_adapted/amass_as_pkl/Eyes_Japan_Dataset_hamada_throw_toss-05-both_hands_over_heavy-hamada_poses_120_jpos.pkl,ee7dcdb41fcd48c1037a8b484fcb3e7b62dc03eca26f6564a59b3b44f707083c
AMASS-wbt-G1,feasible,Eyes_Japan_Dataset_shiono_gesture_etc-35-west_side-shiono_poses_120_jpos,climb,0.002,0.002,/data/robotixx/climb/bank/amass/Eyes_Japan_Dataset_shiono_gesture_etc-35-west_side-shiono_poses_120_jpos.npz,8f545d99f4251ca2d86bc85764366c58a5aa509294d58f60abb9c60b1606586f,/data/robotixx/climb/reports/feasibility_xcheck/_adapted/amass_as_pkl/Eyes_Japan_Dataset_shiono_gesture_etc-35-west_side-shiono_poses_120_jpos.pkl,55b9ff2cc5c63952802ee36b070a2c86892e42e80a87117553e3471d72c76912
AMASS-wbt-G1,feasible,GRAB_s8_gamecontroller_pick_all,climb,0.0,0.0,/data/robotixx/climb/bank/amass/GRAB_s8_gamecontroller_pick_all.npz,1ccaec8100c9d9f1360ba26dfe5555ac862e4640b3008ab55618d1bf2766d169,/data/robotixx/climb/reports/feasibility_xcheck/_adapted/amass_as_pkl/GRAB_s8_gamecontroller_pick_all.pkl,af7d263d2db0022bc13eccb6e8d37529b21262ccddef33d32c4b8b1eeb090a9b
AMASS-wbt-G1,feasible,KIT_291_push_recovery_stand_back03_poses_100_jpos,climb,0.0,0.0,/data/robotixx/climb/bank/amass/KIT_291_push_recovery_stand_back03_poses_100_jpos.npz,018ccfa52e77e4e9b238e77cf8d9f8000d88726135fd329214c54b8964d4dc51,/data/robotixx/climb/reports/feasibility_xcheck/_adapted/amass_as_pkl/KIT_291_push_recovery_stand_back03_poses_100_jpos.pkl,78a9b89b9847275f6521eec5ad61dc520b70400c45c729e05c8c74620409a6b5
AMASS-wbt-G1,feasible,KIT_424_bend_left07_poses_100_jpos,climb,0.0,0.0,/data/robotixx/climb/bank/amass/KIT_424_bend_left07_poses_100_jpos.npz,c82801262a1961b4d5c7a613b62eec4f886f856c87853edac2c4f6d6449180c6,/data/robotixx/climb/reports/feasibility_xcheck/_adapted/amass_as_pkl/KIT_424_bend_left07_poses_100_jpos.pkl,66466d217d3877610020289df51339de27898cd9ff8fa39cb903b793b8f093ef
AMASS-wbt-G1,feasible,KIT_4_WalkInCounterClockwiseCircle02_poses_100_jpos,climb,0.0,0.0,/data/robotixx/climb/bank/amass/KIT_4_WalkInCounterClockwiseCircle02_poses_100_jpos.npz,cb9b2c439f42d86953b85d506a338ee468eac8d6ee57d93e01378a1ed07fda90,/data/robotixx/climb/reports/feasibility_xcheck/_adapted/amass_as_pkl/KIT_4_WalkInCounterClockwiseCircle02_poses_100_jpos.pkl,6d59794759542f2f96633ee70deae52c9c56ed9346c79ac6404e97bb93593a98
AMASS-wbt-G1,feasible,KIT_7_RightTurn03_poses_100_jpos,climb,0.0,0.0,/data/robotixx/climb/bank/amass/KIT_7_RightTurn03_poses_100_jpos.npz,02acc7bf267093344687d5d47c269031b1e54823b12a31ff5731318c9a7b5558,/data/robotixx/climb/reports/feasibility_xcheck/_adapted/amass_as_pkl/KIT_7_RightTurn03_poses_100_jpos.pkl,97b055e323cc45822bfb955774dd173af932555d4f20601c1e0fe7bc4ba632c2
AMASS-wbt-G1,feasible,KIT_9_bend_left08_poses_100_jpos,climb,0.0,0.0,/data/robotixx/climb/bank/amass/KIT_9_bend_left08_poses_100_jpos.npz,a0a03fe0914343b574ae966093fbe04d7c5fc99bd2b7c4f2489323d4f1a96bc1,/data/robotixx/climb/reports/feasibility_xcheck/_adapted/amass_as_pkl/KIT_9_bend_left08_poses_100_jpos.pkl,e2a4e7a4d31fd16b7124cedcadbbd772868b5f71878799c3369d39bf69b56854
